fecha_utc;hora_utc;latitud;longitud;profundidad_km;magnitud
2006-01-01;03:01:35.00;-15.5555;-75.7171;36;4.7
2006-01-02;14:56:25.00;-14.6866;-76.2657;46;4.9
2006-01-03;16:00:26.00;-5.745;-76.06;23;5
2006-01-03;16:14:25.00;-6.3308;-76.3396;33;4.5
2006-01-04;05:33:26.00;-14.5905;-76.0763;52;5.1
2006-01-04;05:50:10.00;-14.6812;-76.2151;52;4.6
2006-01-05;01:37:30.00;-14.7051;-75.1409;52;4.8
2006-01-05;23:16:52.00;-15.6233;-74.5809;50;5.4
2006-01-06;06:39:49.00;-14.6997;-76.3068;49;4.8
2006-01-06;10:01:50.00;-17.997;-69.288;154;4.2
2006-01-10;03:03:27.00;-14.6109;-76.2876;17;4.7
2006-01-10;06:52:48.00;-14.697;-76.2926;50;4.5
2006-01-10;13:19:23.00;-14.193;-75.9825;48;4.8
2006-01-13;06:00:28.00;-11.7112;-73.7342;25;4.9
2006-01-15;06:47:56.00;-13.0302;-74.9845;94;4.9
2006-01-18;06:57:38.00;-15.3573;-71.9342;100;4.9
2006-01-20;18:39:29.00;-15.575;-70.128;214;4.4
2006-01-21;06:47:22.00;-10.1334;-75.1542;40;4.8
2006-01-23;02:02:21.00;-14.6127;-74.4687;99;4.9
2006-01-26;04:34:02.00;-15.4413;-71.6347;72;4.7
2006-01-26;08:20:30.00;-14.8417;-74.4808;40;4.5
2006-01-27;06:43:00.00;-10.6284;-78.8035;49;5.5
2006-01-28;12:19:21.00;-16.885;-69.443;177;4.5
2006-01-30;14:08:21.00;-8.038;-74.316;165;4.4
2006-02-02;12:01:54.00;-16.8518;-70.2035;95;5.6
2006-02-04;08:33:05.00;-16.723;-70.591;9;4.6
2006-02-04;12:26:28.00;-14.5395;-75.5037;51;4.5
2006-02-05;01:20:06.00;-6.328;-75.493;34;4.5
2006-02-05;13:45:23.00;-16.3668;-74.3366;17;4.6
2006-02-05;14:15:20.00;-17.663;-71.941;50;4.1
2006-02-06;13:06:28.00;-16.5142;-72.4692;91;4.9
2006-02-07;07:52:47.00;-15.6205;-75.8717;17;4.8
2006-02-07;09:19:58.00;-13.3836;-75.0095;106;4.6
2006-02-08;18:11:18.00;-12.1135;-76.4465;89;4.6
2006-02-08;19:39:47.00;-16.85;-70.622;15;4.5
2006-02-11;14:30:45.00;-11.4535;-76.0629;27;4.8
2006-02-16;02:38:13.00;-14.1247;-75.8097;55;4.6
2006-02-18;10:40:52.00;-17.4578;-69.8141;165;4.9
2006-02-18;21:07:28.00;-4.272;-79.383;93;4.5
2006-02-20;20:14:39.00;-8.4024;-80.157;52;4.7
2006-02-20;20:16:02.00;-9.3241;-79.3552;57;4.7
2006-02-20;23:02:35.00;-16.9275;-70.4573;11;5
2006-02-21;21:00:22.00;-10.2827;-75.6342;19;5.7
2006-02-23;00:33:49.00;-2.828;-76.784;135;4.7
2006-02-26;00:51:34.00;-12.5893;-75.0164;15;5.2
2006-02-27;19:01:15.00;-13.9756;-75.8299;71;4.5
2006-02-28;21:55:29.00;-10.6916;-78.0034;47;4.5
2006-03-01;20:21:44.00;-18.5854;-69.6351;118;5.5
2006-03-03;21:00:11.00;-15.9366;-75.4721;38;4.8
2006-03-04;00:17:05.00;-15.4272;-75.7856;39;4.5
2006-03-04;18:32:23.00;-15.11;-73.077;66;4.6
2006-03-05;05:28:37.00;-4.2861;-77.2374;160;5.5
2006-03-06;11:15:51.00;-15.7645;-74.3262;56;4.5
2006-03-06;16:25:01.00;-15.9683;-74.8535;86;4.8
2006-03-08;16:27:33.00;-15.1273;-72.3949;86;5.3
2006-03-10;12:57:10.00;-5.434;-80.937;69;4.4
2006-03-10;22:08:48.00;-5.052;-78.903;123;4.5
2006-03-11;09:17:09.00;-12.2101;-77.4171;37;4.5
2006-03-16;21:39:40.00;-17.091;-72.3795;40;4.7
2006-03-19;09:40:58.00;-15.0252;-75.7394;38;4.7
2006-03-25;08:56:29.00;-10.386;-76.0006;126;5.2
2006-03-25;18:15:49.00;-7.764;-74.429;106;4.2
2006-03-26;05:14:47.00;-13.7089;-77.2438;14;5.1
2006-03-27;17:28:17.00;-13.6398;-77.0934;15;4.9
2006-03-27;20:07:07.00;-15.3561;-75.3718;33;4.6
2006-03-29;06:29:55.00;-17.27;-69.525;166;4
2006-04-01;19:52:31.00;-16.7688;-71.7046;152;4.7
2006-04-02;12:54:54.00;-16.2619;-72.8911;37;4.6
2006-04-03;03:33:47.00;-8.903;-71.195;594;4.2
2006-04-03;21:15:22.00;-13.5475;-75.1043;121;4.5
2006-04-06;01:55:33.00;-17.403;-69.317;150;4
2006-04-08;02:49:40.00;-9.1977;-79.1546;48;4.8
2006-04-08;03:06:12.00;-14.4376;-76.3396;38;5.3
2006-04-11;02:36:58.00;-15.0399;-74.15;55;4.9
2006-04-11;19:37:12.00;-15.9466;-73.3597;14;4.5
2006-04-12;07:08:07.00;-8.3234;-73.9294;55;4.8
2006-04-12;09:04:56.00;-11.2584;-77.6841;60;4.5
2006-04-17;13:48:37.00;-16.4397;-72.9608;46;4.8
2006-04-18;15:53:10.00;-12.2642;-77.3447;40;4.6
2006-04-19;13:03:46.00;-17.2368;-70.5101;110;5
2006-04-22;16:32:39.00;-11.9257;-71.8214;77;4.9
2006-04-28;15:44:13.00;-9.6633;-78.5977;34;4.5
2006-04-29;17:34:37.00;-3.0757;-80.6371;50;4.5
2006-05-01;07:31:00.00;-15.0818;-75.6895;28;4.7
2006-05-01;11:31:57.00;-9.6367;-75.7986;47;4.9
2006-05-01;21:10:42.00;-6.2118;-77.2095;112;5
2006-05-05;18:55:43.00;-12.9859;-76.6455;61;4.7
2006-05-08;01:26:52.00;-11.3424;-76.2795;105;5
2006-05-09;08:25:47.00;-17.903;-69.9515;131;4.7
2006-05-09;15:03:15.00;-17.1051;-70.7063;140;4.9
2006-05-12;03:45:30.00;-12.034;-77.6817;26;4.8
2006-05-12;11:30:13.00;-17.1559;-69.8882;150;4.8
2006-05-13;09:42:58.00;-18.53;-71.261;64;4.6
2006-05-13;17:13:54.00;-7.487;-76.18;38;4.5
2006-05-14;18:49:23.00;-9.7285;-75.7597;35;4.8
2006-05-19;17:53:46.00;-4.7382;-81.0048;31;4.9
2006-05-22;02:59:57.00;-9.0031;-75.5363;20;4.7
2006-05-22;03:00:00.00;-9.064;-75.27;128;4.2
2006-05-24;17:28:44.00;-11.051;-77.9286;52;4.5
2006-05-24;19:52:44.00;-6.6843;-75.0647;26;4.9
2006-05-25;02:48:27.00;-14.8462;-72.1725;132;4.6
2006-05-25;18:01:54.00;-18.3612;-71.4229;47;5
2006-05-25;20:48:04.00;-18.1406;-71.439;33;5.8
2006-05-26;01:57:31.00;-12.1922;-77.3838;26;4.9
2006-05-27;06:53:07.00;-6.9924;-79.4558;44;4.9
2006-05-29;18:21:06.00;-15.8348;-73.5112;33;4.5
2006-05-30;10:23:01.00;-17.1247;-71.3675;103;5.6
2006-06-01;04:11:12.00;-7.0732;-76.9918;87;5.2
2006-06-05;15:54:07.00;-17.1041;-72.2814;37;4.5
2006-06-07;02:26:03.00;-7.5314;-73.9485;125;5.5
2006-06-09;01:19:37.00;-7.7156;-78.4728;70;4.5
2006-06-11;21:36:00.00;-12.3739;-77.2716;33;4.9
2006-06-12;04:40:14.00;-8.21;-74.075;176;4.1
2006-06-12;08:00:12.00;-16.6782;-74.0297;42;4.9
2006-06-12;16:31:26.00;-16.9707;-72.514;45;4.8
2006-06-13;01:47:50.00;-16.4325;-74.465;55;4.7
2006-06-15;13:09:53.00;-8.7814;-77.5056;117;4.5
2006-06-17;00:13:44.00;-13.8725;-75.793;80;4.7
2006-06-17;09:54:02.00;-14.4774;-73.788;57;5.2
2006-06-18;15:12:51.00;-14.9664;-70.4586;248;4.7
2006-06-19;12:54:19.00;-8.4312;-78.9509;66;4.5
2006-06-20;18:15:36.00;-14.3789;-75.813;63;4.9
2006-06-22;09:27:11.00;-8.4026;-74.6388;160;4.8
2006-06-22;20:40:35.00;-4.9503;-80.8738;30;4.6
2006-06-23;04:16:20.00;-14.799;-71.793;111;4.3
2006-06-23;22:42:53.00;-15.1167;-72.1167;166;5
2006-06-24;01:59:19.00;-17.1916;-70.9146;107;4.9
2006-06-24;11:29:51.00;-16.039;-69.263;225;4.3
2006-06-24;12:19:40.00;-13.7015;-75.9955;77;4.7
2006-06-25;15:25:06.00;-15.3733;-72.5082;131;4.7
2006-06-26;19:37:43.00;-2.7879;-80.7962;59;5.3
2006-06-27;01:13:27.00;-15.466;-72.1462;78;4.7
2006-06-27;08:13:48.00;-2.8973;-81.0149;53;4.5
2006-06-27;15:53:15.00;-15.5026;-71.0668;193;5.6
2006-06-27;16:59:35.00;-11.2416;-73.4579;119;4.5
2006-06-27;21:07:43.00;-11.6471;-78.1663;38;4.5
2006-06-28;20:54:10.00;-3.6732;-80.2986;30;4.5
2006-07-04;00:48:18.00;-5.9812;-81.3588;28;4.5
2006-07-05;03:51:31.00;-15.9685;-72.6969;113;4.8
2006-07-05;08:45:08.00;-15.4436;-71.0883;180;4.9
2006-07-05;13:41:00.00;-12.5233;-75.8933;99;4.5
2006-07-06;16:11:14.00;-15.2601;-70.752;183;4.9
2006-07-08;08:06:51.00;-16.9347;-69.7414;199;4.6
2006-07-09;18:28:13.00;-17.2895;-70.9131;35;4.9
2006-07-09;19:45:35.00;-18.7976;-71.3362;27;5.3
2006-07-13;20:42:04.00;-15.8287;-75.6391;42;4.6
2006-07-18;22:32:29.00;-16.516;-71.6616;21;4.5
2006-07-21;13:06:58.00;-11.3411;-79.4115;50;5.3
2006-07-22;06:12:43.00;-5.8208;-78.6202;32;4.5
2006-07-22;10:37:16.00;-4.8919;-79.0117;21;4.5
2006-07-22;14:53:11.00;-12.2889;-74.3995;24;5
2006-07-24;15:02:36.00;-5.6582;-82.0584;58;4.9
2006-07-24;19:46:34.00;-15.1669;-74.5374;47;5.3
2006-07-26;13:24:00.00;-15.237;-73.4624;16;4.6
2006-07-26;18:06:23.00;-4.3104;-80.7238;49;4.7
2006-07-27;01:39:25.00;-15.5731;-72.1906;122;5
2006-07-27;04:12:26.00;-11.426;-77.0584;54;4.6
2006-07-28;23:50:09.00;-11.4469;-77.317;80;4.6
2006-08-01;10:45:44.00;-4.2612;-80.3588;31;4.5
2006-08-02;18:41:35.00;-4.2042;-80.3323;23;4.8
2006-08-03;03:22:22.00;-5.8534;-79.0876;45;4.8
2006-08-03;08:46:46.00;-17.0384;-71.029;99;4.9
2006-08-05;02:54:45.00;-15.076;-73.0417;43;4.5
2006-08-05;03:23:41.00;-16.1077;-73.3458;54;4.5
2006-08-05;23:54:00.00;-12.8095;-73.7143;57;4.9
2006-08-05;23:55:58.00;-16.795;-72.743;53;4.5
2006-08-05;23:56:00.00;-16.6559;-73.1833;20;4.9
2006-08-06;04:42:17.00;-8.9965;-78.9269;62;4.6
2006-08-06;05:33:05.00;-3.5692;-80.693;57;5.1
2006-08-06;19:18:01.00;-4.1293;-80.3923;31;4.7
2006-08-09;18:37:11.00;-6.4572;-80.5338;19;4.5
2006-08-09;22:36:08.00;-14.6922;-71.2313;15;5.8
2006-08-17;06:28:44.00;-7.465;-74.6941;158;4.9
2006-08-18;00:50:41.00;-17.0723;-70.2002;14;4.9
2006-08-20;20:27:25.00;-16.1566;-75.0791;41;5.1
2006-08-20;20:57:15.00;-16.0819;-75.0375;41;5.3
2006-08-22;09:14:42.00;-14.1127;-75.8033;70;4.8
2006-08-22;17:30:52.00;-16.349;-69.598;189;4.2
2006-08-24;02:19:26.00;-16.1505;-72.3028;50;4.6
2006-08-27;01:06:49.00;-5.2194;-77.3298;42;4.5
2006-08-27;07:25:18.00;-8.5091;-80.907;30;4.5
2006-08-27;22:44:01.00;-10.3514;-75.6184;49;4.6
2006-08-27;23:04:03.00;-10.0964;-75.2;42;4.9
2006-08-28;03:20:21.00;-10.4148;-75.4269;11;5.1
2006-08-28;17:35:48.00;-6.1464;-79.957;69;4.5
2006-09-02;18:54:55.00;-2.389;-77.083;43;4.6
2006-09-05;08:29:06.00;-17.302;-73.507;43;4.1
2006-09-05;08:32:42.00;-17.1526;-73.6642;56;5.3
2006-09-06;18:02:17.00;-5.6403;-78.7816;19;4.5
2006-09-07;07:53:13.00;-15.1518;-73.2498;10;4.5
2006-09-09;08:54:52.00;-11.1538;-74.4219;6;4.9
2006-09-09;12:28:21.00;-15.094;-72.202;143;4.1
2006-09-11;09:08:51.00;-17.5216;-71.4686;40;4.9
2006-09-11;15:27:53.00;-5.0089;-76.5756;52;5.2
2006-09-12;04:42:39.00;-5.2707;-76.4481;33;5.3
2006-09-12;05:02:47.00;-5.4803;-76.9741;57;5.1
2006-09-13;15:49:00.00;-6.426;-80.084;100;4.2
2006-09-13;16:30:15.00;-6.37;-80.77;50;4.2
2006-09-14;06:01:31.00;-6.576;-80.821;62;4.5
2006-09-18;17:26:10.00;-15.3999;-73.5692;41;4.5
2006-09-18;18:56:37.00;-9.0543;-74.7487;152;5.3
2006-09-20;17:12:47.00;-16.682;-69.591;180;4
2006-09-22;09:32:32.00;-11.3935;-73.3056;35;4.8
2006-09-22;16:50:11.00;-15.1043;-72.7653;19;4.6
2006-09-24;01:12:27.00;-11.2679;-74.9488;129;5.6
2006-09-24;21:54:53.00;-6.5939;-75.0868;101;4.9
2006-09-25;08:22:42.00;-3.097;-80.1126;53;4.5
2006-09-26;00:59:17.00;-16.7237;-72.1358;94;4.9
2006-09-26;05:57:19.00;-16.846;-69.816;148;4.5
2006-09-27;08:35:02.00;-16.5474;-71.9773;27;4.6
2006-09-29;00:40:27.00;-14.1603;-76.3855;39;4.8
2006-09-30;16:26:53.00;-15.6306;-73.3776;90;6.2
2006-10-03;23:40:23.00;-8.6164;-79.7634;12;4.7
2006-10-04;13:34:17.00;-18.256;-71.43;73;4.3
2006-10-04;14:59:35.00;-7.678;-75.639;34;4.4
2006-10-06;06:15:48.00;-15.1374;-74.3798;45;4.6
2006-10-06;23:09:27.00;-15.3333;-70.3246;223;4.5
2006-10-08;06:55:35.00;-12.971;-76.4754;86;4.6
2006-10-08;19:07:40.00;-15.7328;-70.8849;28;4.9
2006-10-09;19:15:40.00;-4.5244;-80.1748;72;4.5
2006-10-12;01:31:55.00;-18.4169;-69.6766;78;5
2006-10-12;19:33:40.00;-10.4157;-79.5707;53;4.7
2006-10-13;10:28:42.00;-18.4376;-69.6294;110;5.6
2006-10-14;21:00:15.00;-14.1567;-76.5166;26;5
2006-10-15;04:48:17.00;-9.5455;-79.3615;64;5.3
2006-10-15;18:59:58.00;-4.607;-79.926;10;4
2006-10-18;20:34:16.00;-16.4688;-75.1637;30;4.7
2006-10-20;10:45:45.00;-13.554;-77.0559;22;5.1
2006-10-20;10:48:52.00;-13.651;-77.0976;28;6.7
2006-10-20;12:14:07.00;-13.5848;-77.2469;29;4.6
2006-10-20;20:20:40.00;-9.8121;-74.9517;172;5.6
2006-10-22;02:12:34.00;-6.8174;-80.4249;40;4.5
2006-10-22;21:07:01.00;-11.8692;-77.5758;66;4.6
2006-10-23;00:12:16.00;-17.3318;-73.1028;32;4.8
2006-10-23;03:24:49.00;-13.3954;-76.8903;47;4.5
2006-10-25;15:02:59.00;-13.5697;-77.181;22;5.1
2006-10-25;23:27:19.00;-13.6017;-77.1343;27;5.3
2006-10-26;04:08:34.00;-13.4944;-76.7985;43;4.5
2006-10-26;22:54:29.00;-13.4323;-76.9447;45;6.2
2006-10-30;04:15:58.00;-15.3354;-71.052;186;5.8
2006-10-30;19:19:54.00;-13.437;-76.7339;43;4.6
2006-10-30;19:21:24.00;-13.487;-76.9129;15;4.6
2006-11-03;10:38:19.00;-8.833;-74.3624;59;4.6
2006-11-04;07:51:48.00;-6.0622;-77.2674;144;4.8
2006-11-04;18:43:13.00;-12.5409;-75.5035;75;5.3
2006-11-06;06:07:29.00;-12.907;-76.6585;64;4.7
2006-11-07;07:49:51.00;-4.4309;-81.0494;20;5
2006-11-09;09:23:13.00;-5.6405;-76.803;26;5.5
2006-11-11;23:29:50.00;-17.299;-70.435;123;4.7
2006-11-13;04:24:51.00;-4.0641;-80.955;33;4.5
2006-11-13;07:49:55.00;-13.6122;-71.7502;9;4.6
2006-11-13;07:56:10.00;-13.7591;-71.8728;16;4.8
2006-11-15;08:38:24.00;-18.7812;-70.3492;119;4.7
2006-11-15;21:05:26.00;-15.7021;-75.5058;49;5.3
2006-11-16;02:04:25.00;-8.503;-75.388;47;4
2006-11-16;15:48:45.00;-8.5184;-73.8712;147;4.8
2006-11-17;00:07:23.00;-8.538;-80.1278;33;5.3
2006-11-17;17:20:50.00;-14.2213;-76.4811;25;4.7
2006-11-18;07:54:07.00;-13.3855;-76.9009;13;4.6
2006-11-18;07:55:11.00;-9.5669;-79.0581;12;4.8
2006-11-20;14:38:29.00;-17.8891;-70.7232;35;5.8
2006-11-20;17:29:23.00;-10.9066;-74.3703;127;4.7
2006-11-22;15:45:20.00;-17.314;-69.509;145;4.1
2006-11-23;03:49:54.00;-6.3398;-79.4567;91;4.5
2006-11-27;17:31:47.00;-16.2964;-72.2687;116;5.9
2006-11-28;22:16:18.00;-14.5246;-73.9935;59;5.2
2006-11-30;07:10:41.00;-12.1943;-73.2241;68;4.5
2006-12-01;06:23:09.00;-7.632;-75.523;135;4.8
2006-12-03;20:12:07.00;-4.1908;-80.3302;57;4.5
2006-12-07;04:59:40.00;-3.8207;-80.5693;55;4.6
2006-12-09;08:11:53.00;-14.2952;-75.8012;61;5.2
2006-12-09;15:47:36.00;-16.67;-69.481;186;4.3
2006-12-11;02:34:25.00;-12.1664;-76.7557;61;4.5
2006-12-11;21:53:46.00;-11.9662;-77.6051;38;4.7
2006-12-15;09:01:06.00;-3.6915;-80.1141;48;4.5
2006-12-17;08:21:44.00;-9.6279;-79.0812;60;4.6
2006-12-18;10:27:50.00;-13.626;-70.041;263;4.4
2006-12-18;19:07:18.00;-2.968;-76.836;158;4.1
2006-12-20;15:10:57.00;-5.0406;-75.6046;169;5.2
2006-12-21;20:17:56.00;-2.6018;-80.718;11;4.5
2006-12-21;22:37:48.00;-15.9935;-73.1435;37;4.6
2006-12-22;06:12:00.00;-4.3264;-79.5049;33;4.5
2006-12-24;01:54:51.00;-4.6549;-80.9629;29;4.5
2006-12-24;04:28:13.00;-14.7284;-73.0799;154;4.9
2006-12-24;07:27:40.00;-14.1243;-76.9276;66;5.3
2006-12-30;14:30:50.00;-15.3448;-71.1538;184;4.8
2007-01-02;02:00:12.00;-5.8786;-77.6477;14;5.1
2007-01-02;17:43:51.00;-11.3961;-79.0758;31;5.3
2007-01-04;09:27:35.00;-17.6649;-70.5426;106;5.3
2007-01-05;07:24:11.00;-15.961;-73.6562;50;5.1
2007-01-06;04:20:59.00;-15.6313;-72.8287;80;4.8
2007-01-08;05:12:42.00;-15.0457;-74.3818;33;4.6
2007-01-09;05:02:39.00;-2.7267;-81.12;52;4.6
2007-01-11;18:54:27.00;-15.9726;-74.1147;33;4.9
2007-01-12;09:00:14.00;-16.863;-69.419;180;4.2
2007-01-14;06:06:17.00;-4.2721;-77.9201;47;4.5
2007-01-15;16:30:09.00;-17.0602;-71.2201;117;4.8
2007-01-17;16:08:47.00;-16.0958;-73.3433;35;5.4
2007-01-20;07:36:31.00;-6.202;-79.4863;94;4.5
2007-01-20;16:50:44.00;-9.0201;-79.1504;25;4.5
2007-01-20;19:56:10.00;-9.9646;-75.4814;28;5.3
2007-01-21;03:13:18.00;-9.9846;-75.4806;24;4.7
2007-01-22;08:09:07.00;-6.0053;-81.1504;25;4.5
2007-01-22;10:47:49.00;-5.5084;-79.2283;111;4.8
2007-01-23;07:02:06.00;-9.8976;-75.6823;20;5.3
2007-01-24;13:43:41.00;-18.3769;-70.4396;114;4.9
2007-01-26;10:02:47.00;-14.4527;-72.5565;71;4.9
2007-01-27;05:27:41.00;-15.3018;-72.1317;146;4.8
2007-01-27;10:28:14.00;-8.3876;-79.0679;62;5
2007-01-27;12:16:21.00;-18.3735;-70.3336;65;4.6
2007-01-28;01:11:35.00;-18.303;-72.646;35;5
2007-02-01;03:18:16.00;-16.0148;-73.7639;73;4.5
2007-02-03;23:29:02.00;-18.286;-69.735;119;4.7
2007-02-03;23:57:01.00;-9.319;-71.388;556;4.3
2007-02-04;08:05:11.00;-15.1321;-75.6557;43;4.8
2007-02-04;08:51:29.00;-15.3654;-76.046;42;5.1
2007-02-04;09:16:59.00;-15.1625;-75.7339;30;4.7
2007-02-04;10:14:03.00;-17.0397;-70.3813;109;5.4
2007-02-05;05:48:29.00;-6.3943;-77.0532;147;4.5
2007-02-07;18:54:59.00;-17.7131;-71.4166;23;5.8
2007-02-08;23:51:44.00;-15.1974;-76.1589;17;5.3
2007-02-09;05:34:49.00;-15.5859;-75.887;41;4.8
2007-02-09;06:51:14.00;-14.9842;-75.7326;47;4.8
2007-02-09;12:55:10.00;-5.8014;-78.7687;36;4.7
2007-02-14;10:47:45.00;-3.1687;-79.9887;124;4.5
2007-02-14;19:37:56.00;-5.4452;-77.567;141;5.3
2007-02-15;11:32:55.00;-7.8024;-73.6868;24;5.2
2007-02-16;03:09:45.00;-17.361;-69.666;159;4.2
2007-02-16;16:59:09.00;-16.07;-73.9753;47;5.3
2007-02-17;01:45:37.00;-9.4331;-76.8046;19;4.5
2007-02-17;21:35:54.00;-13.7697;-76.3624;52;4.9
2007-02-18;15:48:26.00;-13.7193;-76.3367;47;4.5
2007-02-19;00:16:56.00;-15.6685;-72.2791;85;5.3
2007-02-20;22:24:43.00;-5.144;-77.284;35;4.1
2007-02-21;08:32:17.00;-17.0224;-72.2923;35;4.5
2007-02-22;10:53:03.00;-10.2129;-79.6068;49;4.7
2007-02-24;01:23:05.00;-7.1108;-80.595;44;4.8
2007-02-24;02:36:19.00;-7.1581;-80.7133;19;6.4
2007-02-24;04:21:05.00;-11.1061;-74.3745;78;4.7
2007-02-24;11:42:36.00;-16.0332;-71.8557;71;4.6
2007-02-24;18:38:46.00;-6.1679;-75.3789;176;4.5
2007-02-25;05:02:54.00;-9.4301;-75.9865;33;5.1
2007-02-25;07:44:09.00;-8.515;-76.2481;105;4.7
2007-02-25;12:44:54.00;-9.996;-78.3275;57;4.7
2007-02-26;00:19:23.00;-7.1654;-80.6634;43;5.6
2007-02-26;03:59:47.00;-4.8325;-81.0368;40;5
2007-02-28;11:59:11.00;-18.305;-72.045;9;4.3
2007-03-04;03:26:03.00;-8.3949;-79.5225;55;4.6
2007-03-04;12:49:23.00;-17.8183;-72.4169;15;4.9
2007-03-06;11:17:53.00;-5.6661;-78.9348;42;4.5
2007-03-06;21:30:08.00;-15.2058;-74.1741;111;5.6
2007-03-07;04:31:09.00;-14.227;-70.693;82;4.3
2007-03-07;11:37:22.00;-2.459;-76.464;160;4
2007-03-08;00:42:52.00;-8.1671;-75.8487;35;4.6
2007-03-09;13:53:28.00;-13.8375;-75.9488;90;4.9
2007-03-10;07:43:05.00;-5.6177;-78.9963;48;4.5
2007-03-11;21:09:54.00;-18.2631;-69.9614;75;5
2007-03-12;06:29:09.00;-16.3502;-73.2723;56;4.5
2007-03-13;14:50:48.00;-5.282;-77.0537;77;5.3
2007-03-15;00:20:36.00;-11.3913;-76.0026;19;4.5
2007-03-16;14:53:37.00;-16.825;-71.6727;120;5.2
2007-03-19;01:53:02.00;-18.5508;-69.8497;76;5
2007-03-26;02:46:58.00;-17.1587;-73.1067;23;5.7
2007-03-26;03:09:18.00;-17.1719;-72.1933;49;4.7
2007-03-26;03:30:17.00;-17.454;-72.727;35;4.4
2007-03-26;22:30:34.00;-17.1701;-73.3907;49;4.7
2007-03-27;03:11:22.00;-17.7272;-72.9212;34;5.3
2007-03-27;03:22:11.00;-16.7173;-73.2052;26;4.5
2007-03-27;12:04:54.00;-6.2;-71.743;607;4.2
2007-03-28;07:58:48.00;-16.968;-71.7115;36;4.9
2007-03-28;20:57:35.00;-2.743;-77.3365;58;5.6
2007-03-29;02:04:09.00;-17.585;-69.094;172;4
2007-04-02;04:46:48.00;-11.5662;-76.7795;126;4.5
2007-04-03;22:38:41.00;-8.4508;-79.0181;90;4.5
2007-04-05;18:17:32.00;-13.434;-70.674;45;4.6
2007-04-06;06:58:15.00;-10.3262;-74.9898;70;4.9
2007-04-06;09:51:39.00;-14.4182;-76.1756;40;4.5
2007-04-06;14:09:02.00;-16.888;-71.8968;68;5.5
2007-04-06;14:47:05.00;-16.8458;-71.7808;68;4.9
2007-04-06;22:40:38.00;-17.306;-69.737;132;4.1
2007-04-07;06:57:53.00;-9.1158;-75.8469;16;5
2007-04-07;13:24:14.00;-16.2696;-70.0302;69;5
2007-04-08;11:51:13.00;-17.2637;-73.2076;13;5.4
2007-04-08;12:24:30.00;-15.568;-70.5152;226;4.9
2007-04-08;12:55:12.00;-17.707;-72.355;84;4.2
2007-04-08;13:25:29.00;-17.561;-72.709;33;4.8
2007-04-08;13:28:17.00;-17.422;-72.735;30;5.1
2007-04-08;17:24:35.00;-17.487;-72.301;64;4.2
2007-04-08;17:24:53.00;-17.393;-72.673;68;4.2
2007-04-09;00:30:47.00;-5.3768;-77.3302;44;4.5
2007-04-09;02:27:26.00;-17.0687;-73.2383;30;4.8
2007-04-09;09:22:09.00;-4.1833;-80.3725;48;4.5
2007-04-09;19:20:16.00;-4.9512;-80.164;71;4.5
2007-04-10;17:05:21.00;-15.8362;-72.8549;86;5
2007-04-11;08:56:08.00;-8.4689;-74.652;160;4.5
2007-04-12;02:59:22.00;-17.993;-70.6321;55;5.5
2007-04-12;20:34:52.00;-13.779;-75.8522;61;4.6
2007-04-14;05:48:38.00;-15.7221;-73.7022;78;4.8
2007-04-15;08:27:22.00;-17.5936;-72.717;13;4.5
2007-04-15;09:52:46.00;-8.7569;-75.0273;177;4.8
2007-04-21;07:14:17.00;-17.4112;-72.9874;52;5.3
2007-04-22;11:57:43.00;-4.3043;-81.5654;40;5.7
2007-04-24;15:27:27.00;-16.4989;-74.2246;39;4.5
2007-04-24;21:44:35.00;-16.6264;-74.3181;56;4.7
2007-04-26;02:33:40.00;-3.3143;-81.0335;38;4.6
2007-04-28;02:45:26.00;-16.5545;-73.1937;84;4.6
2007-05-02;15:36:18.00;-14.1938;-72.9975;96;5.1
2007-05-04;00:27:33.00;-11.915;-78.039;35;4.3
2007-05-05;08:43:03.00;-9.6421;-75.8421;141;5
2007-05-06;04:36:04.00;-16.8827;-70.2596;177;4.5
2007-05-08;13:24:13.00;-13.507;-77.0191;55;4.6
2007-05-08;22:29:11.00;-8.661;-71.48;488;4
2007-05-10;04:18:08.00;-17.451;-69.8995;30;5
2007-05-12;04:58:40.00;-5.9405;-80.7468;25;4.9
2007-05-13;01:33:40.00;-15.948;-72.0046;186;4.7
2007-05-13;21:21:14.00;-8.8641;-79.8436;16;4.5
2007-05-15;00:01:15.00;-4.4571;-80.7362;35;4.7
2007-05-16;20:08:43.00;-8.8413;-78.7374;59;4.8
2007-05-17;04:20:08.00;-17.2116;-72.9187;36;5
2007-05-17;23:18:51.00;-15.2105;-71.97;55;4.6
2007-05-20;23:09:58.00;-7.6216;-76.7063;49;4.6
2007-05-23;01:01:02.00;-16.905;-70.655;125;4
2007-05-24;19:25:10.00;-18.4682;-70.3637;58;5.3
2007-05-25;01:31:24.00;-6.1416;-81.3101;35;4.5
2007-05-26;21:04:22.00;-10.267;-78.6226;47;4.5
2007-05-27;04:13:24.00;-9.1132;-75.4599;25;4.5
2007-05-27;05:17:48.00;-16.1063;-70.4859;20;4.9
2007-05-27;06:11:01.00;-3.5411;-80.125;121;4.5
2007-05-28;02:33:16.00;-18.3453;-70.7537;26;4.6
2007-05-28;13:29:13.00;-15.757;-70.184;229;4
2007-05-30;16:57:42.00;-11.3918;-74.7776;122;4.6
2007-06-02;00:59:03.00;-8.7783;-79.333;19;4.5
2007-06-04;11:01:15.00;-17.5695;-70.3364;126;4.8
2007-06-05;08:45:30.00;-16.4097;-73.6427;39;4.8
2007-06-05;15:30:34.00;-18.1162;-69.6777;96;4.8
2007-06-09;01:45:25.00;-13.6723;-72.5811;33;4.5
2007-06-09;19:12:41.00;-18.7253;-71.4432;50;5
2007-06-09;20:47:36.00;-18.741;-71.5397;55;4.8
2007-06-11;00:19:48.00;-3.9894;-79.9153;76;5.4
2007-06-14;07:32:42.00;-4.0431;-81.2238;35;4.6
2007-06-14;09:41:34.00;-16.0769;-73.7324;35;4.8
2007-06-14;14:41:19.00;-15.428;-71.159;10;4.5
2007-06-25;02:52:37.00;-16.2228;-73.8369;53;4.9
2007-06-25;07:34:26.00;-11.2857;-75.2289;16;4.6
2007-06-26;21:36:41.00;-4.285;-76.384;160;4.5
2007-06-27;06:36:25.00;-7.1182;-80.3711;37;5.1
2007-06-27;07:05:09.00;-6.9534;-80.3224;14;4.6
2007-06-27;21:03:50.00;-15.4394;-72.0877;21;5
2007-06-28;08:44:44.00;-15.9408;-75.3102;30;6
2007-06-28;09:04:16.00;-15.5763;-75.2538;36;4.9
2007-06-28;10:04:54.00;-15.743;-75.5527;45;4.8
2007-06-28;11:26:33.00;-15.5495;-75.1651;47;5.1
2007-06-28;12:39:13.00;-15.8889;-75.2759;49;5.5
2007-06-28;12:41:38.00;-16.2994;-75.4724;22;5.3
2007-06-28;15:42:50.00;-15.5762;-75.1261;47;4.8
2007-06-29;02:02:17.00;-15.9055;-75.3971;51;6
2007-06-29;02:44:01.00;-15.8219;-75.3333;40;4.8
2007-06-29;02:58:03.00;-16.1099;-75.0767;38;4.5
2007-06-29;11:56:54.00;-11.8556;-75.3119;107;4.5
2007-06-30;17:50:09.00;-9.16;-75.6298;88;4.6
2007-07-03;16:52:14.00;-15.9067;-75.4352;40;4.5
2007-07-04;06:41:36.00;-16.1215;-75.6236;14;4.5
2007-07-04;06:55:43.00;-15.9906;-75.4364;32;4.6
2007-07-06;10:36:38.00;-12.4919;-76.6973;70;4.5
2007-07-07;22:44:23.00;-15.5649;-75.5785;32;5.3
2007-07-08;03:39:28.00;-17.4033;-70.5015;45;5
2007-07-08;07:00:51.00;-15.455;-71.267;10;4.5
2007-07-08;19:00:37.00;-13.9424;-76.2354;38;4.5
2007-07-12;05:23:45.00;-7.8172;-74.245;178;6.2
2007-07-13;07:20:19.00;-4.1077;-80.1073;23;4.9
2007-07-14;07:25:01.00;-5.828;-78.6027;34;4.5
2007-07-16;10:01:12.00;-7.804;-75.3747;141;4.8
2007-07-16;12:43:29.00;-15.9549;-74.0039;55;5.2
2007-07-17;05:42:02.00;-8.3616;-80.0949;24;4.5
2007-07-21;13:26:52.00;-8.8252;-71.4884;645;6.3
2007-07-21;13:53:41.00;-6.9119;-79.4872;73;4.5
2007-07-23;01:21:26.00;-6.9104;-76.9569;68;5
2007-07-24;14:14:30.00;-14.202;-76.1671;63;4.6
2007-07-26;04:12:15.00;-6.1623;-80.1316;48;4.9
2007-07-26;06:55:25.00;-14.9338;-75.7805;44;4.5
2007-07-26;16:21:09.00;-14.22;-73.532;70;4.4
2007-07-27;14:26:36.00;-4.0442;-78.2548;36;4.6
2007-07-28;14:11:56.00;-11.1486;-78.0067;49;5.3
2007-07-28;23:28:01.00;-4.0528;-77.3574;166;4.5
2007-07-30;08:20:28.00;-17.4891;-70.9835;18;5.3
2007-08-01;07:36:23.00;-15.4689;-71.0614;10;4.9
2007-08-02;05:26:39.00;-3.8016;-78.1736;27;5.2
2007-08-02;08:55:21.00;-11.1927;-78.3305;30;4.8
2007-08-03;03:32:03.00;-12.922;-74.8859;83;5
2007-08-05;06:24:59.00;-10.8032;-75.3633;13;5.1
2007-08-05;09:54:02.00;-7.999;-74.454;141;4.2
2007-08-10;15:20:31.00;-17.6202;-69.8171;26;4.5
2007-08-10;17:41:24.00;-9.5626;-79.1366;78;4.5
2007-08-11;00:18:02.00;-13.4615;-76.87;47;4.7
2007-08-11;00:19:28.00;-13.4667;-76.6697;36;4.5
2007-08-13;06:00:10.00;-13.9162;-70.3658;24;5.1
2007-08-14;17:15:39.00;-17.217;-69.793;42;4.4
2007-08-15;06:48:57.00;-7.0755;-80.3453;46;4.7
2007-08-15;12:38:43.00;-2.9987;-80.7392;48;5.1
2007-08-15;17:18:44.00;-5.8294;-79.6863;81;4.6
2007-08-15;23:40:53.00;-13.5485;-76.8598;40;8
2007-08-15;23:57:33.00;-13.365;-76.747;35;5.2
2007-08-15;23:59:28.00;-14.215;-76.215;32;5
2007-08-16;00:02:40.00;-13.1947;-76.366;50;5.3
2007-08-16;00:08:02.00;-13.86;-76.447;35;5
2007-08-16;00:15:24.00;-13.706;-76.393;35;5
2007-08-16;00:19:14.00;-14.226;-75.944;35;5.9
2007-08-16;00:22:48.00;-13.319;-76.718;37;5
2007-08-16;00:24:37.00;-14.13;-76.199;42;5.4
2007-08-16;00:32:14.00;-13.485;-77.12;28;4.6
2007-08-16;00:40:13.00;-14.206;-76.698;37;4.6
2007-08-16;00:46:56.00;-13.7342;-76.3202;48;4.9
2007-08-16;00:48:57.00;-13.472;-77.081;38;4.2
2007-08-16;00:52:16.00;-14.421;-75.852;37;4.7
2007-08-16;01:02:18.00;-13.3439;-76.6564;29;6
2007-08-16;01:06:17.00;-13.4759;-76.8361;24;5.5
2007-08-16;01:09:28.00;-13.4415;-76.6641;23;4.5
2007-08-16;01:16:05.00;-14.484;-76.175;42;4.2
2007-08-16;01:16:53.00;-13.577;-76.147;32;4.5
2007-08-16;01:28:25.00;-14.3266;-76.3628;11;4.9
2007-08-16;01:35:37.00;-14.0424;-76.8134;30;5.8
2007-08-16;01:55:28.00;-14.3408;-77.1084;25;4.7
2007-08-16;02:00:20.00;-14.077;-76.844;36;4.3
2007-08-16;02:11:34.00;-14.163;-76.348;35;4
2007-08-16;02:17:09.00;-13.73;-76.073;42;5.1
2007-08-16;02:43:57.00;-13.24;-77.307;27;4.2
2007-08-16;02:50:06.00;-13.533;-76.152;25;4.2
2007-08-16;02:54:17.00;-13.5862;-76.7427;20;5.3
2007-08-16;02:58:25.00;-13.44;-76.87;30;4.2
2007-08-16;03:04:37.00;-14.195;-76.571;22;4.4
2007-08-16;03:26:28.00;-13.3081;-77.0252;27;5.1
2007-08-16;03:28:21.00;-13.499;-76.745;29;4.5
2007-08-16;03:46:17.00;-13.565;-77.248;29;4.5
2007-08-16;04:04:09.00;-13.583;-76.587;36;5.7
2007-08-16;04:16:46.00;-13.4558;-77.3037;25;5.3
2007-08-16;04:23:20.00;-13.5756;-75.8366;25;5.5
2007-08-16;04:24:02.00;-13.6401;-76.8481;40;5.8
2007-08-16;05:08:44.00;-13.413;-77.345;35;4.4
2007-08-16;05:12:04.00;-13.97;-75.835;35;4
2007-08-16;05:16:55.00;-14.3446;-76.2833;30;6.5
2007-08-16;05:33:04.00;-13.381;-77.194;23;4.5
2007-08-16;05:35:09.00;-13.85;-76.238;24;4.1
2007-08-16;06:05:41.00;-13.8858;-76.2284;28;4.7
2007-08-16;06:09:12.00;-13.5547;-76.4351;42;4.9
2007-08-16;06:10:25.00;-14.206;-76.3833;26;5.3
2007-08-16;06:10:43.00;-13.9602;-76.7994;82;4.7
2007-08-16;06:18:26.00;-14.2342;-76.716;23;4.9
2007-08-16;06:41:51.00;-13.8817;-75.1964;57;4.9
2007-08-16;06:43:12.00;-13.4838;-76.9039;45;4.9
2007-08-16;06:48:16.00;-13.9678;-76.8784;21;4.9
2007-08-16;07:36:58.00;-13.4332;-76.8279;49;4.6
2007-08-16;07:46:46.00;-13.453;-77.025;25;4.6
2007-08-16;07:59:42.00;-13.4785;-76.8591;51;4.6
2007-08-16;08:06:39.00;-13.5315;-77.1845;45;5.3
2007-08-16;08:16:12.00;-13.8308;-76.2546;28;4.8
2007-08-16;08:17:23.00;-14.2196;-76.7139;21;4.5
2007-08-16;08:32:38.00;-14.438;-76.1721;50;4.8
2007-08-16;08:36:06.00;-13.837;-77.0588;50;5
2007-08-16;08:52:38.00;-14.4358;-76.1911;32;4.9
2007-08-16;08:56:01.00;-13.7197;-77.3006;45;4.7
2007-08-16;09:00:06.00;-13.6248;-76.8871;48;5.3
2007-08-16;09:02:05.00;-14.3117;-76.3857;39;5.3
2007-08-16;09:35:57.00;-13.636;-77.2473;17;4.5
2007-08-16;09:41:26.00;-14.7619;-76.1555;25;5.6
2007-08-16;09:43:49.00;-14.1757;-76.3955;44;5.7
2007-08-16;10:25:06.00;-14.153;-76.7788;32;4.6
2007-08-16;10:27:44.00;-13.6576;-76.9473;23;4.7
2007-08-16;10:48:07.00;-13.7484;-76.7953;36;4.6
2007-08-16;10:51:31.00;-14.2685;-76.3811;19;4.9
2007-08-16;11:03:59.00;-13.9313;-76.0596;47;4.5
2007-08-16;11:16:46.00;-14.3656;-76.5643;36;4.5
2007-08-16;11:33:27.00;-14.2376;-76.8413;21;5.3
2007-08-16;11:35:25.00;-14.4764;-76.3382;40;6.2
2007-08-16;11:39:27.00;-13.6434;-76.8364;52;4.7
2007-08-16;12:01:43.00;-14.4913;-76.23;23;4.9
2007-08-16;12:03:10.00;-14.4717;-76.2394;20;4.9
2007-08-16;12:08:43.00;-14.1045;-76.064;43;4.5
2007-08-16;13:01:41.00;-13.6735;-77.451;13;4.9
2007-08-16;13:05:09.00;-13.8901;-76.6591;48;5
2007-08-16;13:06:34.00;-14.4145;-76.4496;37;4.8
2007-08-16;13:54:28.00;-13.4629;-76.9257;49;4.8
2007-08-16;14:02:11.00;-14.4398;-76.2753;41;4.5
2007-08-16;14:35:45.00;-13.6147;-76.9133;54;5.1
2007-08-16;14:36:11.00;-14.4068;-76.3712;39;4.9
2007-08-16;15:10:02.00;-13.5155;-76.692;6;5.6
2007-08-16;15:11:16.00;-13.5223;-77.1861;35;5.5
2007-08-16;17:49:08.00;-14.4456;-76.3177;22;5.3
2007-08-16;22:49:42.00;-13.6082;-76.9504;44;5.3
2007-08-17;00:31:39.00;-14.5418;-76.3274;46;5.8
2007-08-17;00:51:16.00;-14.5241;-76.3204;44;5.7
2007-08-17;01:15:05.00;-13.4367;-77.3753;44;4.9
2007-08-17;01:16:02.00;-14.1879;-76.0112;51;4.9
2007-08-17;01:17:48.00;-14.4729;-76.2522;28;4.5
2007-08-17;01:44:02.00;-13.5501;-76.8693;46;4.7
2007-08-17;01:45:27.00;-13.9207;-76.3379;36;4.9
2007-08-17;01:46:12.00;-13.8896;-76.232;16;4.6
2007-08-17;01:58:14.00;-13.7952;-76.8412;21;4.9
2007-08-17;02:40:17.00;-13.3802;-76.0686;32;4.5
2007-08-17;02:52:31.00;-13.5112;-76.7792;50;5.4
2007-08-17;02:54:16.00;-14.2712;-76.2115;41;5.5
2007-08-17;03:25:40.00;-14.8901;-76.166;32;4.9
2007-08-17;04:02:36.00;-13.6373;-76.6961;38;4.9
2007-08-17;05:13:03.00;-14.3478;-76.5536;20;4.9
2007-08-17;06:16:24.00;-14.7552;-76.0701;51;5.8
2007-08-17;06:18:04.00;-14.288;-76.3755;28;5.8
2007-08-17;06:38:03.00;-14.2629;-76.3114;36;5.8
2007-08-17;08:24:30.00;-14.2896;-76.4283;14;4.7
2007-08-17;10:05:09.00;-13.5981;-76.6696;20;5
2007-08-17;10:07:23.00;-13.5833;-76.7338;25;5
2007-08-17;12:05:08.00;-13.448;-76.8927;19;4.7
2007-08-17;12:07:45.00;-13.6154;-77.0084;48;4.7
2007-08-17;12:11:53.00;-13.811;-75.9628;59;5.1
2007-08-17;12:13:08.00;-14.4679;-76.266;33;5
2007-08-17;13:00:14.00;-13.7643;-75.8713;58;4.9
2007-08-17;13:05:13.00;-14.5094;-76.2189;25;4.9
2007-08-17;13:18:07.00;-13.5899;-76.8061;24;6.1
2007-08-17;15:31:21.00;-13.5122;-77.0071;46;5.1
2007-08-17;16:38:45.00;-4.9415;-80.8165;42;4.6
2007-08-17;19:14:42.00;-13.4891;-77.1729;47;5.2
2007-08-17;20:53:32.00;-17.227;-69.863;44;4.2
2007-08-17;21:17:02.00;-14.5318;-76.1712;47;4.7
2007-08-17;21:18:39.00;-14.4546;-76.2597;39;4.5
2007-08-17;21:28:36.00;-13.9013;-76.3264;35;4.8
2007-08-17;21:37:59.00;-14.4;-76.6414;46;5.1
2007-08-17;22:05:34.00;-14.4795;-76.2586;23;5
2007-08-17;23:05:59.00;-17.008;-70.126;44;4.4
2007-08-17;23:47:45.00;-13.6446;-76.3253;47;4.5
2007-08-18;00:50:33.00;-14.2567;-76.7602;25;4.8
2007-08-18;00:52:16.00;-13.7424;-77.2381;16;4.8
2007-08-18;01:07:23.00;-13.6403;-76.8073;46;4.8
2007-08-18;02:50:04.00;-13.88;-76.358;39;4.4
2007-08-18;02:52:28.00;-14.0769;-76.8626;30;6.2
2007-08-18;03:30:23.00;-13.8561;-76.421;43;4.6
2007-08-18;03:31:49.00;-14.327;-76.4658;25;4.6
2007-08-18;03:32:34.00;-13.9794;-75.7467;61;4.7
2007-08-18;04:35:32.00;-13.6213;-76.3548;47;4.6
2007-08-18;06:02:05.00;-13.3563;-76.8708;49;4.5
2007-08-18;06:21:30.00;-14.3214;-77.0082;46;5.4
2007-08-18;08:12:22.00;-5.8287;-77.4283;55;5.1
2007-08-18;11:20:11.00;-15.111;-76.7173;37;4.9
2007-08-18;14:18:02.00;-18.054;-69.41;35;4.1
2007-08-18;14:27:20.00;-17.95;-69.437;35;4.1
2007-08-18;20:00:46.00;-13.6423;-76.7424;39;4.9
2007-08-18;20:01:32.00;-13.9104;-76.8957;43;4.9
2007-08-19;00:54:28.00;-13.6531;-76.6666;16;5.4
2007-08-19;00:56:14.00;-13.661;-76.6224;18;5.4
2007-08-19;01:22:36.00;-13.6741;-76.7993;23;6.1
2007-08-19;01:25:37.00;-13.603;-76.5753;15;5.4
2007-08-19;01:37:23.00;-13.6048;-76.5105;25;4.6
2007-08-19;01:39:26.00;-14.3783;-76.4604;39;4.8
2007-08-19;01:40:08.00;-13.253;-76.3124;53;4.6
2007-08-19;05:06:24.00;-13.5718;-76.4409;33;5
2007-08-19;07:16:05.00;-13.639;-76.7264;27;5
2007-08-19;08:02:39.00;-11.6531;-74.6247;56;4.9
2007-08-19;08:35:00.00;-14.2297;-76.7663;34;4.5
2007-08-19;09:20:47.00;-13.7552;-76.6718;36;5.1
2007-08-19;16:12:45.00;-17.303;-69.751;51;4
2007-08-19;16:38:06.00;-13.5743;-76.4841;22;4.7
2007-08-19;20:11:39.00;-13.6186;-76.6716;42;5.9
2007-08-19;21:18:12.00;-14.3745;-76.2544;43;5
2007-08-19;23:22:23.00;-13.739;-77.389;35;4.1
2007-08-20;01:07:13.00;-13.8277;-75.724;67;4.7
2007-08-20;02:16:44.00;-14.2385;-76.5157;34;4.9
2007-08-20;09:08:09.00;-13.499;-76.91;48;4.2
2007-08-20;10:10:45.00;-14.252;-76.462;23;4.8
2007-08-20;12:00:23.00;-13.381;-77.223;35;4.2
2007-08-20;18:30:18.00;-8.375;-74.184;155;4.7
2007-08-20;18:51:54.00;-13.541;-76.437;35;4.7
2007-08-20;21:23:56.00;-13.8318;-76.533;39;5.5
2007-08-21;07:57:00.00;-13.5523;-77.0563;42;4.9
2007-08-21;08:49:44.00;-14.1778;-76.6478;46;4.6
2007-08-21;08:56:09.00;-13.5356;-76.3777;48;4.5
2007-08-21;10:01:01.00;-13.935;-76.841;35;4.8
2007-08-21;18:16:30.00;-13.537;-76.5436;32;4.9
2007-08-21;18:18:24.00;-14.3364;-76.1326;40;4.9
2007-08-21;20:37:46.00;-13.8183;-76.5595;49;5.6
2007-08-21;21:18:35.00;-13.6823;-76.2998;53;4.6
2007-08-21;21:31:21.00;-13.5397;-76.9315;16;5.6
2007-08-21;21:32:21.00;-13.5803;-77.0481;43;5.3
2007-08-22;04:47:16.00;-13.5967;-76.5814;23;4.6
2007-08-22;05:28:18.00;-14.26;-76.7075;44;4.9
2007-08-22;06:47:18.00;-13.4689;-77.1971;43;4.9
2007-08-22;10:00:59.00;-14.3616;-76.2642;41;5.1
2007-08-22;17:25:28.00;-14.386;-76.5076;24;5.1
2007-08-22;21:45:11.00;-14.2428;-76.6021;19;4.5
2007-08-23;06:53:36.00;-13.2488;-77.0306;49;4.8
2007-08-23;09:45:41.00;-13.6688;-77.0518;39;5.1
2007-08-23;19:40:17.00;-14.0217;-76.4025;27;4.7
2007-08-24;01:47:09.00;-13.834;-76.922;51;4.9
2007-08-24;10:17:59.00;-13.5336;-76.9226;21;4.5
2007-08-24;18:56:33.00;-8.0996;-74.0626;173;4.9
2007-08-24;20:13:17.00;-14.1558;-76.6155;25;4.5
2007-08-25;14:00:16.00;-17.24;-69.386;171;4
2007-08-25;18:41:38.00;-13.7255;-77.0252;16;5.1
2007-08-26;10:25:30.00;-13.5616;-77.0135;52;4.6
2007-08-26;12:50:12.00;-13.6715;-76.9331;25;4.9
2007-08-26;17:58:19.00;-8.0578;-74.4827;179;5.3
2007-08-26;19:22:44.00;-12.4034;-77.5412;20;4.6
2007-08-26;23:15:42.00;-14.3236;-76.3659;17;4.8
2007-08-27;05:40:32.00;-16.3273;-71.9995;50;5
2007-08-27;14:57:24.00;-14.1817;-76.6379;35;4.6
2007-08-27;23:12:38.00;-17.119;-70.382;116;4.3
2007-08-28;18:17:32.00;-13.3931;-76.1754;53;4.9
2007-08-29;08:19:46.00;-8.5371;-74.4235;191;5.1
2007-08-29;14:14:46.00;-14.1888;-76.4553;21;4.7
2007-08-30;02:38:48.00;-13.6322;-76.7307;33;4.9
2007-08-30;02:40:56.00;-14.464;-76.3678;39;4.9
2007-08-30;09:20:36.00;-14.1452;-77.0289;33;4.6
2007-08-31;10:10:21.00;-14.2284;-76.506;35;4.6
2007-08-31;12:46:53.00;-15.58;-74.6341;81;4.7
2007-08-31;20:43:27.00;-13.8156;-76.4602;36;4.6
2007-09-01;08:06:20.00;-13.6375;-76.6604;48;4.9
2007-09-01;14:12:24.00;-14.4619;-76.4394;37;5
2007-09-01;22:18:28.00;-14.5722;-76.2154;30;4.8
2007-09-03;02:56:14.00;-14.4022;-76.6463;44;4.6
2007-09-03;20:56:28.00;-14.0366;-76.7044;36;4.9
2007-09-04;01:15:23.00;-17.3717;-73.5993;34;4.5
2007-09-04;01:24:42.00;-16.6419;-73.1945;38;4.9
2007-09-05;04:01:42.00;-14.2629;-75.9897;38;4.5
2007-09-05;10:53:02.00;-13.9169;-77.0057;11;5.4
2007-09-05;14:06:57.00;-14.283;-76.495;28;5
2007-09-06;10:14:11.00;-13.6726;-75.8729;56;4.6
2007-09-07;09:58:48.00;-13.7203;-75.8171;73;4.6
2007-09-07;18:34:39.00;-8.514;-73.782;159;4.2
2007-09-09;15:57:23.00;-13.581;-77.0138;40;4.5
2007-09-09;20:36:38.00;-14.1093;-76.4983;44;4.6
2007-09-09;22:30:42.00;-13.5945;-76.7589;25;5.3
2007-09-10;00:13:03.00;-17.489;-69.7884;20;5.5
2007-09-10;00:37:13.00;-17.6023;-69.9991;12;4.9
2007-09-10;14:24:57.00;-14.2764;-76.3732;35;4.5
2007-09-12;16:40:42.00;-14.4217;-76.4381;37;4.6
2007-09-13;04:59:17.00;-14.3404;-76.4732;33;4.8
2007-09-13;23:20:06.00;-13.5826;-76.3958;62;4.9
2007-09-14;22:06:32.00;-13.6312;-77.0199;17;4.6
2007-09-14;23:31:10.00;-9.3609;-78.8399;58;4.9
2007-09-15;02:00:20.00;-13.6604;-76.884;44;4.7
2007-09-15;18:29:45.00;-13.5904;-77.1124;40;4.7
2007-09-17;08:43:31.00;-13.5973;-76.8544;41;4.7
2007-09-17;10:57:41.00;-8.9296;-74.3809;150;5.6
2007-09-17;16:55:26.00;-13.7636;-76.5133;35;4.9
2007-09-18;02:39:30.00;-13.5724;-77.073;29;5.1
2007-09-20;00:25:02.00;-14.2361;-76.4265;19;4.5
2007-09-20;01:30:41.00;-13.712;-76.3958;43;4.5
2007-09-20;04:52:26.00;-15.565;-71.323;154;4.3
2007-09-20;07:20:42.00;-3.7464;-80.2613;31;4.6
2007-09-20;07:30:36.00;-15.8679;-73.7285;46;5.4
2007-09-21;00:02:28.00;-14.2478;-72.9612;62;4.9
2007-09-21;05:45:55.00;-18.1739;-69.6274;117;4.8
2007-09-21;22:38:55.00;-14.2928;-77.0563;28;5.3
2007-09-22;22:04:39.00;-13.6224;-77.1932;30;4.9
2007-09-23;21:15:05.00;-17.2772;-70.0987;21;4.8
2007-09-24;02:25:53.00;-12.9898;-72.0765;40;5.4
2007-09-24;10:31:13.00;-17.597;-70.0929;9;4.9
2007-09-24;18:34:06.00;-9.2212;-79.3961;43;5.3
2007-09-26;19:12:27.00;-10.0306;-79.0697;60;4.6
2007-09-27;02:32:00.00;-16.239;-69.602;203;4
2007-09-28;02:42:35.00;-5.8616;-81.0472;29;5.2
2007-09-30;19:06:37.00;-8.7442;-79.4367;82;4.5
2007-10-01;13:15:28.00;-10.5791;-78.7411;44;4.7
2007-10-01;20:13:13.00;-10.6815;-78.4125;47;5
2007-10-01;23:10:58.00;-13.054;-70.429;45;4.4
2007-10-02;08:45:18.00;-5.4399;-77.3768;52;4.7
2007-10-03;00:30:21.00;-4.9807;-76.2435;103;4.9
2007-10-05;01:42:21.00;-13.6255;-76.8003;25;4.5
2007-10-05;08:04:33.00;-17.3608;-70.2368;149;4.7
2007-10-05;20:28:58.00;-13.6046;-77.1963;39;5.4
2007-10-05;23:05:42.00;-13.5828;-77.0576;20;5.3
2007-10-06;01:36:39.00;-14.8361;-75.8594;47;4.5
2007-10-06;07:39:37.00;-13.997;-76.2044;37;4.8
2007-10-06;07:40:34.00;-13.5725;-76.9546;42;4.8
2007-10-06;20:07:01.00;-13.5388;-76.7736;21;4.8
2007-10-06;20:09:40.00;-13.7172;-77.1514;6;4.8
2007-10-08;20:50:27.00;-13.4301;-76.544;50;4.5
2007-10-09;01:52:21.00;-13.6122;-76.326;58;5.3
2007-10-09;06:56:59.00;-13.6368;-77.1701;31;4.5
2007-10-09;11:44:45.00;-16.826;-69.429;187;4
2007-10-09;22:46:11.00;-7.495;-75.417;49;4
2007-10-09;23:14:20.00;-14.3505;-76.4952;24;4.5
2007-10-10;20:10:59.00;-10.3484;-79.2602;28;4.7
2007-10-13;01:35:00.00;-5.6693;-80.0458;75;5
2007-10-13;14:07:08.00;-14.9056;-74.6839;42;4.9
2007-10-16;04:48:44.00;-7.2966;-80.4903;61;4.5
2007-10-16;13:21:28.00;-17.8482;-70.3257;66;4.7
2007-10-18;00:53:13.00;-15.8552;-74.6004;76;5.3
2007-10-19;09:05:01.00;-6.1283;-80.495;47;4.5
2007-10-20;08:52:47.00;-15.3731;-72.2727;86;5.1
2007-10-21;23:51:49.00;-13.4327;-76.5168;68;4.6
2007-10-22;09:09:05.00;-8.6914;-75.0467;160;4.5
2007-10-23;03:03:52.00;-14.3279;-76.2084;13;4.5
2007-10-24;16:45:52.00;-12.3741;-75.4742;89;5.4
2007-10-24;18:36:34.00;-17.1398;-71.4425;10;4.5
2007-10-25;02:32:41.00;-14.3739;-76.4339;18;4.6
2007-10-25;07:31:51.00;-15.4334;-75.6051;46;5.3
2007-10-28;01:06:01.00;-15.7446;-72.9666;70;4.8
2007-10-29;08:12:23.00;-11.7312;-73.5834;20;5.1
2007-10-29;15:26:32.00;-16.6893;-73.8627;43;4.8
2007-10-30;04:27:32.00;-5.1935;-81.1275;33;4.9
2007-10-30;06:48:20.00;-5.2296;-81.0726;26;4.5
2007-10-30;13:17:28.00;-17.9175;-70.6151;42;4.6
2007-10-31;03:10:56.00;-18.3536;-70.1622;97;4.5
2007-10-31;19:05:52.00;-8.2639;-80.9591;17;4.5
2007-11-02;17:56:01.00;-8.7538;-80.4697;9;4.5
2007-11-02;18:27:11.00;-9.0417;-81.3861;50;4.8
2007-11-03;01:23:16.00;-9.8156;-75.79;31;4.7
2007-11-04;11:08:29.00;-15.7013;-74.2779;67;4.6
2007-11-06;02:40:19.00;-18.6241;-72.5563;34;4.5
2007-11-07;10:43:47.00;-16.0242;-74.6554;60;4.6
2007-11-08;09:18:59.00;-13.6714;-76.773;22;4.6
2007-11-09;04:34:25.00;-8.7601;-75.8365;60;4.5
2007-11-09;05:06:39.00;-5.922;-77.1608;128;4.5
2007-11-09;06:46:08.00;-3.144;-80.3167;31;4.5
2007-11-09;08:14:34.00;-15.1668;-71.8238;135;5.2
2007-11-10;05:02:31.00;-10.2198;-75.5514;12;4.5
2007-11-12;17:22:17.00;-15.3015;-74.1588;40;4.5
2007-11-13;16:09:19.00;-3.6674;-81.2715;18;4.5
2007-11-13;19:58:21.00;-16.3178;-76.2946;15;4.6
2007-11-14;01:07:07.00;-15.0455;-72.2316;115;4.6
2007-11-14;01:47:36.00;-17.3652;-71.3386;82;4.5
2007-11-15;12:31:17.00;-14.7972;-74.8015;85;4.7
2007-11-16;06:53:45.00;-13.6312;-76.6872;41;4.8
2007-11-17;21:50:52.00;-16.327;-74.59;51;4.6
2007-11-18;07:02:46.00;-18.4722;-70.4428;33;5.6
2007-11-18;12:34:30.00;-13.6669;-77.0337;18;4.9
2007-11-18;13:45:06.00;-15.4659;-71.4317;145;4.9
2007-11-19;03:35:32.00;-9.1378;-79.6629;75;4.6
2007-11-20;10:13:24.00;-17.4632;-72.2465;14;4.9
2007-11-21;04:24:23.00;-5.0943;-78.129;112;4.7
2007-11-21;09:24:22.00;-14.2256;-76.4845;24;4.9
2007-11-21;15:11:42.00;-14.9466;-74.6623;67;4.5
2007-11-24;20:59:54.00;-9.9137;-75.086;15;4.6
2007-11-26;08:59:42.00;-6.6738;-81.4826;55;4.5
2007-11-27;07:32:04.00;-14.5215;-76.1854;28;4.6
2007-11-27;07:40:47.00;-14.4956;-76.1756;25;4.5
2007-11-27;16:24:56.00;-14.3851;-75.958;53;4.6
2007-11-28;04:29:56.00;-4.3658;-80.6995;31;4.5
2007-11-28;17:44:16.00;-13.6857;-77.313;16;4.5
2007-11-28;19:45:45.00;-6.039;-80.4532;54;4.5
2007-11-28;23:32:56.00;-10.4749;-74.9738;22;4.5
2007-11-29;15:48:20.00;-8.897;-74.8182;83;4.9
2007-11-29;19:44:24.00;-15.3491;-71.1345;61;4.5
2007-11-29;19:50:00.00;-15.9593;-75.7781;19;4.6
2007-11-30;08:25:35.00;-14.2159;-76.3131;40;4.5
2007-11-30;16:28:59.00;-13.5743;-76.2704;50;4.5
2007-12-02;05:27:51.00;-4.2186;-76.4803;31;4.8
2007-12-04;04:43:25.00;-14.3789;-76.597;42;4.9
2007-12-04;10:14:08.00;-14.3406;-76.4672;19;4.9
2007-12-04;13:13:52.00;-6.609;-75.72;25;4.1
2007-12-04;19:56:58.00;-17.7098;-70.6301;143;5.4
2007-12-05;10:13:04.00;-3.8928;-79.9677;75;4.6
2007-12-05;10:33:03.00;-3.8919;-79.9173;111;4.5
2007-12-07;01:40:57.00;-13.6604;-76.9958;18;5.8
2007-12-09;01:00:07.00;-13.2652;-76.5526;48;4.5
2007-12-09;12:34:51.00;-4.3609;-77.9392;45;4.7
2007-12-09;23:13:15.00;-6.1108;-78.8372;13;4.7
2007-12-10;12:00:15.00;-7.9128;-79.0199;66;5.1
2007-12-10;14:29:14.00;-7.976;-76.5043;165;5.3
2007-12-12;17:01:57.00;-14.509;-76.183;28;5
2007-12-18;02:27:45.00;-13.2047;-77.1053;48;4.5
2007-12-19;13:33:50.00;-14.4597;-75.8043;48;5
2007-12-20;06:13:01.00;-17.6645;-70.885;75;5.3
2007-12-20;08:51:25.00;-14.4663;-74.0263;76;4.7
2007-12-20;18:22:58.00;-13.9312;-75.1688;81;4.5
2007-12-22;05:15:29.00;-13.0289;-76.6184;49;4.9
2007-12-22;05:17:42.00;-10.851;-74.6826;23;4.9
2007-12-25;04:31:30.00;-4.6578;-80.1786;60;4.8
2007-12-25;21:02:17.00;-9.0313;-73.4606;58;4.9
2007-12-27;11:14:25.00;-14.4141;-76.3457;39;4.5
2007-12-31;04:49:13.00;-7.0894;-80.5213;26;4.5
2007-12-31;04:55:33.00;-7.3648;-79.8891;53;4.5
2007-12-31;10:36:19.00;-7.185;-80.8097;23;4.7
2007-12-31;10:39:41.00;-15.0651;-75.9005;27;5.5
2007-12-31;10:58:59.00;-15.0665;-75.787;14;5.3
2007-12-31;15:14:44.00;-14.939;-75.6123;40;4.5
2008-01-02;00:33:21.00;-13.1909;-76.1988;84;4.7
2008-01-02;23:26:58.00;-15.9953;-73.1818;105;5.2
2008-01-03;04:39:18.00;-7.4836;-76.1138;57;4.9
2008-01-04;13:55:35.00;-18.7126;-70.2318;77;4.9
2008-01-06;16:02:30.00;-13.6256;-77.0209;21;4.6
2008-01-08;02:29:44.00;-3.094;-80.4454;61;4.5
2008-01-08;16:12:36.00;-8.8432;-76.2365;15;4.5
2008-01-09;05:44:59.00;-13.5725;-76.3111;51;4.6
2008-01-10;21:46:29.00;-7.1948;-75.1474;170;4.5
2008-01-12;03:48:13.00;-6.9961;-79.5551;71;5.2
2008-01-12;15:38:06.00;-7.553;-71.617;560;4.8
2008-01-14;03:03:41.00;-6.5087;-81.2383;58;4.5
2008-01-15;23:34:54.00;-16.7418;-72.6082;79;4.5
2008-01-16;23:34:53.00;-16.702;-72.572;81;4.4
2008-01-17;02:00:59.00;-13.4448;-77.1568;48;4.7
2008-01-17;22:55:22.00;-2.9316;-80.8729;10;4.5
2008-01-18;08:36:56.00;-16.2612;-74.8764;27;4.6
2008-01-18;23:46:53.00;-15.4951;-75.3102;72;5.3
2008-01-19;03:03:27.00;-4.931;-80.3123;43;4.5
2008-01-19;12:11:30.00;-15.0688;-73.9473;76;4.6
2008-01-19;13:08:08.00;-4.2267;-80.6918;68;4.5
2008-01-20;08:07:13.00;-8.9472;-76.3643;20;4.6
2008-01-23;21:49:12.00;-2.7492;-80.992;50;4.8
2008-01-24;02:24:54.00;-16.358;-75.3618;13;4.5
2008-01-25;05:24:50.00;-16.518;-72.685;25;4.7
2008-01-25;11:13:48.00;-16.6032;-71.8803;40;4.8
2008-01-26;12:03:18.00;-5.947;-75.4306;156;4.5
2008-01-26;17:59:51.00;-2.88;-80.39;64;5.2
2008-01-27;04:39:06.00;-10.036;-74.3717;138;4.7
2008-01-31;19:02:52.00;-14.2542;-73.9097;115;5
2008-01-31;20:44:38.00;-14.1631;-73.8499;98;4.8
2008-02-01;20:39:09.00;-3.7327;-80.4495;59;4.5
2008-02-02;06:10:03.00;-14.2689;-76.6222;38;4.9
2008-02-02;13:49:26.00;-6.7689;-76.3268;111;4.8
2008-02-02;16:38:23.00;-18.4442;-70.5774;90;4.5
2008-02-03;22:08:07.00;-15.793;-73.4099;58;4.5
2008-02-06;08:55:29.00;-15.9151;-72.6301;65;4.8
2008-02-07;22:03:31.00;-8.3684;-74.3835;167;4.6
2008-02-08;15:26:53.00;-4.0732;-81.5567;35;5.3
2008-02-09;09:32:52.00;-16.0947;-71.8047;171;5.2
2008-02-10;04:49:51.00;-13.5931;-76.6439;24;4.6
2008-02-11;09:15:09.00;-17.0058;-74.7766;44;4.5
2008-02-13;04:53:27.00;-15.316;-72.7298;124;5.5
2008-02-13;16:51:15.00;-9.2063;-76.3791;28;4.8
2008-02-16;15:59:29.00;-4.7805;-80.8941;40;4.5
2008-02-17;00:47:42.00;-13.5335;-77.083;47;5.2
2008-02-17;21:29:31.00;-6.3653;-75.3257;195;4.9
2008-02-20;14:11:02.00;-8.3128;-80.3167;77;4.9
2008-02-21;15:22:50.00;-7.3308;-80.8059;37;4.5
2008-02-24;03:05:17.00;-15.8157;-72.81;112;4.6
2008-02-25;21:38:06.00;-2.431;-81.3708;10;4.7
2008-02-26;10:11:34.00;-17.6862;-71.269;25;5
2008-02-27;01:33:42.00;-9.1007;-74.5043;91;4.5
2008-02-28;10:08:10.00;-15.5446;-73.9865;90;4.7
2008-02-28;13:11:29.00;-16.6313;-72.8026;28;4.8
2008-02-28;18:28:17.00;-15.5303;-72.9786;57;4.5
2008-03-01;01:12:30.00;-7.8312;-78.0218;11;5
2008-03-01;13:40:06.00;-9.8167;-79.3017;61;4.5
2008-03-03;15:52:17.00;-13.8054;-77.449;26;4.9
2008-03-04;14:47:08.00;-11.6257;-74.1693;117;4.9
2008-03-07;05:43:51.00;-15.2355;-74.3568;42;4.9
2008-03-07;21:09:24.00;-14.4933;-76.1638;22;4.5
2008-03-07;22:35:00.00;-17.4611;-70.5516;110;5.5
2008-03-08;23:51:10.00;-13.348;-76.8272;29;5.2
2008-03-11;00:47:10.00;-16.1123;-73.9571;10;4.8
2008-03-12;04:06:09.00;-6.6043;-80.4852;41;4.5
2008-03-12;06:33:13.00;-13.5974;-76.9139;24;4.5
2008-03-13;07:17:51.00;-14.8652;-74.8118;35;4.5
2008-03-16;10:43:11.00;-17.0103;-70.2458;132;5
2008-03-16;12:37:55.00;-6.2078;-79.9232;71;5
2008-03-20;04:43:19.00;-11.9615;-79.2246;22;5.2
2008-03-20;04:54:38.00;-14.774;-70.695;168;4.2
2008-03-20;21:08:09.00;-15.3532;-70.4133;215;5
2008-03-21;05:32:17.00;-3.0862;-79.9908;64;4.8
2008-03-22;17:33:29.00;-18.1705;-70.9156;26;4.7
2008-03-22;22:05:03.00;-6.8358;-79.8773;53;4.5
2008-03-23;20:12:12.00;-16.2426;-73.2793;57;4.9
2008-03-24;02:47:52.00;-13.058;-70.642;35;4
2008-03-27;23:23:15.00;-16.4207;-69.3956;170;5
2008-03-29;06:40:59.00;-12.0977;-77.7118;54;4.9
2008-03-29;08:59:27.00;-14.5066;-72.4474;126;4.7
2008-03-29;12:51:23.00;-12.2356;-77.2875;50;5.6
2008-04-01;10:22:36.00;-16.976;-69.539;178;4.2
2008-04-01;20:57:10.00;-3.1712;-80.3853;39;4.9
2008-04-03;23:19:03.00;-13.6693;-77.0912;43;4.5
2008-04-04;15:22:02.00;-8.9117;-80.2321;29;4.6
2008-04-05;17:33:22.00;-15.5293;-71.242;153;4.7
2008-04-09;00:51:33.00;-18.5952;-70.6187;62;4.9
2008-04-09;21:09:45.00;-7.2387;-76.4481;128;5.1
2008-04-10;09:32:33.00;-15.6968;-73.2367;146;4.5
2008-04-12;19:09:35.00;-18.5971;-70.1527;61;4.6
2008-04-12;21:10:28.00;-13.5392;-76.9686;53;4.7
2008-04-13;07:41:32.00;-13.2398;-77.11;52;5
2008-04-13;11:39:01.00;-15.7669;-73.7034;47;4.5
2008-04-15;06:22:37.00;-13.8458;-76.654;46;5.3
2008-04-16;11:03:17.00;-11.8049;-77.2209;38;4.5
2008-04-17;07:24:51.00;-18.4713;-70.5884;77;5.1
2008-04-18;06:20:37.00;-13.6578;-77.0754;52;4.7
2008-04-19;15:50:33.00;-14.4254;-71.029;37;4.6
2008-04-21;04:28:32.00;-14.5193;-76.1025;34;4.6
2008-04-21;15:04:29.00;-18.416;-69.794;104;4.5
2008-04-22;22:00:15.00;-13.2796;-75.8812;79;4.5
2008-04-28;11:00:23.00;-5.896;-80.2147;57;4.5
2008-05-01;13:56:21.00;-9.0468;-79.4052;27;4.7
2008-05-05;06:58:57.00;-18.0883;-70.8096;26;4.9
2008-05-05;17:06:56.00;-4.097;-77.9984;141;4.8
2008-05-06;03:53:22.00;-15.8768;-73.1343;56;4.5
2008-05-07;17:58:51.00;-16.9397;-73.0696;46;4.5
2008-05-10;06:43:19.00;-7.8638;-79.554;22;4.5
2008-05-10;11:43:32.00;-5.2555;-76.7389;78;4.9
2008-05-13;13:42:41.00;-15.1567;-74.346;62;4.7
2008-05-15;01:54:48.00;-2.713;-77.885;39;4.5
2008-05-15;05:27:01.00;-11.0779;-76.0901;163;4.7
2008-05-15;12:01:04.00;-14.5063;-76.1578;39;4.9
2008-05-15;18:41:48.00;-8.7461;-74.1976;30;4.5
2008-05-16;20:28:26.00;-14.1322;-76.2084;37;4.8
2008-05-17;17:58:33.00;-15.148;-72.4732;42;4.5
2008-05-17;19:39:24.00;-13.4225;-76.1688;54;4.6
2008-05-18;04:53:05.00;-13.5895;-76.2392;48;4.5
2008-05-18;08:19:34.00;-7.1209;-80.6901;38;4.5
2008-05-19;11:20:25.00;-6.837;-80.6884;34;4.5
2008-05-20;21:37:11.00;-8.6391;-74.7701;135;5.7
2008-05-23;00:19:06.00;-17.749;-69.561;153;4.3
2008-05-25;13:47:17.00;-14.3382;-73.0518;149;5
2008-05-25;18:46:10.00;-14.217;-75.7449;61;5.1
2008-05-26;15:53:29.00;-18.5565;-70.5254;61;4.7
2008-05-28;21:39:04.00;-13.3167;-74.6894;45;5.6
2008-05-29;09:01:35.00;-13.5265;-76.8137;50;4.6
2008-05-30;06:53:34.00;-14.5821;-76.1156;43;5.1
2008-06-01;02:08:25.00;-7.9401;-74.7031;151;4.5
2008-06-01;12:30:31.00;-18.173;-69.646;124;4.4
2008-06-01;15:16:58.00;-9.097;-76.8099;13;4.8
2008-06-02;05:43:19.00;-15.999;-73.056;49;4.9
2008-06-02;17:16:05.00;-5.1082;-80.7621;42;4.5
2008-06-03;21:14:43.00;-15.2462;-73.4449;84;4.7
2008-06-04;22:15:00.00;-4.5949;-77.3577;165;4.8
2008-06-05;11:49:56.00;-14.458;-75.9194;19;4.8
2008-06-05;13:37:37.00;-9.2495;-77.1572;167;5.5
2008-06-07;13:06:29.00;-12.4652;-77.3985;66;5.3
2008-06-11;15:26:36.00;-13.7304;-76.8986;15;4.5
2008-06-14;17:45:31.00;-8.2724;-80.7076;36;4.5
2008-06-15;05:44:18.00;-14.5811;-71.5688;57;5
2008-06-17;08:07:27.00;-7.2604;-74.6239;156;4.6
2008-06-19;08:35:17.00;-16.1462;-70.313;218;5.2
2008-06-19;14:17:38.00;-2.7466;-80.4446;13;4.5
2008-06-26;00:06:35.00;-8.6825;-75.2342;148;5.3
2008-06-26;12:33:59.00;-8.878;-75.5997;49;5.5
2008-06-26;13:43:51.00;-13.7503;-76.3376;46;4.5
2008-06-26;14:21:18.00;-8.2486;-74.5982;131;5.1
2008-06-26;19:40:43.00;-7.0867;-74.2179;68;4.6
2008-07-01;00:17:32.00;-10.4024;-75.5861;8;5.7
2008-07-01;01:04:11.00;-9.75;-75.2574;55;5.1
2008-07-02;17:11:34.00;-18.646;-71.6283;34;4.9
2008-07-02;18:52:24.00;-2.9058;-80.6734;14;4.5
2008-07-05;13:28:10.00;-15.3829;-73.6807;68;5
2008-07-06;23:16:00.00;-9.3537;-79.6067;35;4.9
2008-07-07;03:12:10.00;-15.5389;-73.7478;89;4.5
2008-07-08;05:08:18.00;-3.34;-76.905;110;4.5
2008-07-08;09:13:07.00;-16.1698;-72.5948;117;6.3
2008-07-09;03:25:23.00;-11.7924;-75.1123;11;4.6
2008-07-09;07:01:44.00;-10.3923;-75.4737;10;5.1
2008-07-09;08:52:38.00;-7.012;-71.62;521;4
2008-07-09;09:04:48.00;-13.5018;-76.0407;64;4.7
2008-07-09;23:42:10.00;-9.8254;-74.0163;70;4.5
2008-07-13;16:47:17.00;-7.9655;-74.2293;108;4.5
2008-07-14;10:15:01.00;-11.9947;-77.3679;62;4.5
2008-07-14;22:37:03.00;-10.2907;-75.7241;94;5.1
2008-07-19;03:21:58.00;-18.7037;-70.3477;24;4.5
2008-07-19;10:48:55.00;-10.1719;-75.5576;15;5.2
2008-07-21;08:32:45.00;-14.3848;-76.0689;48;4.5
2008-07-24;02:21:26.00;-14.1589;-71.3451;45;4.5
2008-07-28;18:18:34.00;-14.0583;-71.0056;19;5.1
2008-07-28;19:16:55.00;-8.55;-74.0598;148;4.6
2008-08-01;14:40:29.00;-6.9195;-80.0262;48;4.7
2008-08-06;00:16:19.00;-5.1383;-80.9834;19;4.5
2008-08-06;22:03:09.00;-14.2261;-73.3144;107;5.3
2008-08-07;04:09:18.00;-17.842;-69.4;149;4.5
2008-08-08;07:36:21.00;-10.7274;-73.3185;135;4.9
2008-08-10;13:23:37.00;-14.8102;-72.4162;121;4.5
2008-08-16;21:38:55.00;-8.1299;-75.0607;154;4.5
2008-08-16;22:39:05.00;-2.6427;-80.4199;37;4.5
2008-08-18;15:38:09.00;-6.011;-80.5515;27;5.4
2008-08-18;15:40:46.00;-5.8259;-80.9801;20;4.8
2008-08-18;16:09:00.00;-5.9169;-81.1035;27;4.5
2008-08-18;19:17:17.00;-14.3083;-76.3667;14;5
2008-08-20;01:38:03.00;-13.4491;-76.2122;55;4.8
2008-08-20;17:59:41.00;-14.861;-73.2161;107;5.1
2008-08-22;21:04:23.00;-8.4148;-74.8406;193;5.5
2008-08-24;13:48:16.00;-5.2272;-79.8125;93;4.7
2008-08-25;09:06:36.00;-8.195;-78.0355;136;4.8
2008-08-26;21:00:39.00;-7.9;-74.8304;156;6.5
2008-08-27;10:59:51.00;-15.944;-69.43;231;4.2
2008-08-29;07:05:28.00;-14.4156;-73.4399;32;4.9
2008-08-31;07:03:12.00;-16.8066;-73.2247;84;4.5
2008-09-02;21:37:42.00;-6.2887;-75.5687;108;4.7
2008-09-03;01:40:12.00;-13.4591;-78.0786;28;4.9
2008-09-04;03:19:25.00;-15.762;-69.35;249;4.2
2008-09-04;07:02:25.00;-9.839;-74.3865;199;4.6
2008-09-04;19:23:14.00;-18.2965;-71.718;16;4.7
2008-09-05;12:29:59.00;-14.3406;-75.9116;43;5
2008-09-07;10:49:54.00;-10.8765;-77.8059;113;5.1
2008-09-14;15:25:27.00;-10.9471;-80.1147;26;4.7
2008-09-16;08:05:44.00;-13.7263;-77.0808;13;4.7
2008-09-16;12:20:12.00;-9.9555;-79.1163;53;4.9
2008-09-18;02:42:45.00;-4.1211;-81.0698;41;4.5
2008-09-20;01:30:38.00;-16.6283;-74.5614;56;4.5
2008-09-20;14:43:04.00;-16.4313;-74.0973;47;5.7
2008-09-23;01:49:49.00;-8.3544;-81.2138;25;4.6
2008-09-23;11:15:30.00;-3.945;-77.6371;115;4.8
2008-09-24;23:32:22.00;-3.1584;-80.5833;28;4.5
2008-09-26;18:33:46.00;-16.7551;-75.6319;14;5
2008-09-27;05:12:49.00;-8.006;-74.305;145;4.6
2008-09-27;05:13:08.00;-14.6345;-76.3906;26;5
2008-09-27;23:02:38.00;-9.9201;-79.3424;47;4.9
2008-09-30;16:23:31.00;-15.0296;-73.0413;68;4.5
2008-10-02;04:34:43.00;-14.2745;-76.6172;45;4.8
2008-10-04;23:05:50.00;-11.133;-74.576;126;4.9
2008-10-05;12:29:36.00;-16.2526;-72.9678;56;4.9
2008-10-06;00:18:29.00;-17.6055;-69.3647;149;5.3
2008-10-07;00:51:22.00;-12.445;-77.2447;50;4.7
2008-10-08;10:30:51.00;-14.5938;-76.0761;41;4.5
2008-10-10;05:11:16.00;-15.2752;-74.4771;55;4.6
2008-10-10;11:44:24.00;-15.115;-72.3638;162;4.9
2008-10-10;22:13:34.00;-13.7077;-76.8787;23;4.8
2008-10-13;11:30:51.00;-6.5376;-80.5501;27;4.5
2008-10-15;00:17:53.00;-15.1491;-72.6668;122;5.3
2008-10-15;10:16:30.00;-3.2119;-80.2081;56;4.5
2008-10-15;20:15:23.00;-14.2677;-75.8017;51;4.5
2008-10-16;13:15:34.00;-8.3829;-74.7968;62;4.6
2008-10-17;14:47:45.00;-15.234;-74.1807;56;4.5
2008-10-17;22:17:19.00;-7.046;-74.248;144;4.3
2008-10-18;09:42:35.00;-4.3985;-79.46;140;4.9
2008-10-18;19:22:44.00;-6.4661;-77.6366;126;4.8
2008-10-19;10:02:27.00;-6.9246;-80.5561;46;4.7
2008-10-19;10:19:22.00;-6.8977;-80.5299;25;4.5
2008-10-20;03:38:36.00;-12.4731;-76.6414;63;4.5
2008-10-20;04:27:17.00;-13.1704;-76.6326;46;4.5
2008-10-20;17:05:49.00;-8.8384;-79.4556;75;4.7
2008-10-28;02:32:37.00;-14.2308;-76.4853;24;4.5
2008-10-28;15:29:56.00;-14.3446;-76.4935;14;4.9
2008-10-29;15:22:36.00;-15.7921;-74.0536;12;4.5
2008-10-29;23:00:09.00;-13.71;-76.24;33;4.6
2008-10-30;15:47:37.00;-13.732;-76.4927;49;4.9
2008-11-01;20:40:27.00;-12.6072;-77.2691;29;4.9
2008-11-03;03:11:11.00;-11.3269;-74.3959;126;5
2008-11-04;03:20:38.00;-9.6858;-78.6565;52;5.2
2008-11-06;06:56:09.00;-11.1481;-79.3804;39;4.7
2008-11-06;23:37:42.00;-9.311;-71.565;519;4
2008-11-10;16:00:26.00;-8.982;-79.5616;54;5
2008-11-12;00:22:08.00;-7.777;-75.1839;141;5.3
2008-11-12;11:42:52.00;-4.4518;-77.5939;56;4.5
2008-11-15;08:49:49.00;-16.2206;-70.0332;138;4.9
2008-11-18;16:22:34.00;-3.8306;-81.0309;10;5
2008-11-19;07:49:50.00;-7.875;-74.7684;182;5.6
2008-11-19;08:11:44.00;-10.282;-78.3138;57;4.5
2008-11-22;20:25:44.00;-8.7105;-75.8243;159;5.4
2008-11-24;00:25:10.00;-9.9963;-75.2993;55;4.6
2008-11-26;00:57:07.00;-3.4274;-75.6556;153;4.5
2008-11-27;03:04:57.00;-15.9575;-73.998;77;5.4
2008-12-01;00:05:15.00;-12.0265;-75.6988;102;5.3
2008-12-03;13:34:17.00;-7.865;-74.484;139;4.2
2008-12-04;04:11:47.00;-7.8051;-81.1185;57;4.5
2008-12-04;16:49:07.00;-14.7215;-74.9416;48;4.6
2008-12-05;02:00:22.00;-16.2453;-74.7319;37;4.7
2008-12-08;15:46:32.00;-17.2381;-71.7663;57;4.9
2008-12-09;23:23:22.00;-15.9817;-70.5957;171;4.9
2008-12-11;20:51:25.00;-15.142;-72.1274;123;5.1
2008-12-12;20:26:05.00;-4.1823;-80.0889;57;4.9
2008-12-13;07:53:43.00;-16.9661;-71.2931;129;4.7
2008-12-16;22:47:36.00;-12.0564;-73.4809;22;5
2008-12-19;05:14:11.00;-14.5309;-76.1923;29;4.7
2008-12-19;06:16:27.00;-15.7525;-73.1015;56;4.8
2008-12-19;06:43:54.00;-17.1663;-70.6021;13;4.6
2008-12-21;15:49:11.00;-5.5439;-81.4772;58;4.9
2008-12-22;13:52:43.00;-18.1573;-69.5837;18;5.3
2008-12-24;03:54:23.00;-17.456;-69.239;169;4.2
2008-12-24;20:47:21.00;-4.9941;-77.0756;48;5
2008-12-26;06:24:55.00;-15.1803;-70.9716;272;4.8
2008-12-26;20:52:26.00;-13.6068;-76.6247;27;4.8
2008-12-27;05:45:48.00;-14.665;-71.388;113;4.4
2008-12-28;02:37:32.00;-14.5656;-72.8909;186;4.5
2008-12-29;18:50:26.00;-9.252;-72.3521;168;4.7
2008-12-29;20:38:48.00;-5.2072;-75.5033;161;4.5
2008-12-30;20:51:27.00;-7.7281;-76.2465;77;5.1
2008-12-31;02:25:31.00;-16.4159;-72.6465;45;4.5
2008-12-31;21:23:38.00;-8.656;-75.749;184;5.3
2009-01-01;23:02:16.00;-4.9715;-80.7119;9;4.5
2009-01-07;11:25:14.00;-9.799;-74.5713;147;5.1
2009-01-07;23:16:52.00;-15.936;-69.69;206;4.9
2009-01-12;23:38:07.00;-17.2031;-69.8417;188;4.9
2009-01-15;18:37:49.00;-16.0145;-73.9384;44;5.3
2009-01-18;11:37:01.00;-13.9293;-75.3046;66;5.1
2009-01-18;13:02:35.00;-4.3867;-77.312;141;4.6
2009-01-19;00:02:39.00;-13.7351;-77.0632;17;5.2
2009-01-19;03:44:17.00;-15.6999;-71.476;140;4.5
2009-01-21;18:17:00.00;-11.8044;-75.5545;6;5
2009-01-21;19:05:07.00;-13.7897;-76.3686;36;4.5
2009-01-26;01:49:58.00;-15.9037;-75.2292;34;5.3
2009-01-26;03:01:10.00;-5.1844;-77.7079;57;4.7
2009-01-27;06:36:34.00;-8.9691;-75.5825;22;4.5
2009-01-28;05:05:51.00;-14.5085;-76.1885;40;4.9
2009-01-29;22:27:53.00;-8.7998;-72.389;690;5.8
2009-02-02;17:53:19.00;-13.666;-76.8833;35;6.2
2009-02-03;03:14:22.00;-16.5001;-73.1449;48;5.2
2009-02-05;20:27:18.00;-14.3211;-76.1291;37;4.8
2009-02-07;05:41:29.00;-8.1723;-74.8234;152;4.7
2009-02-08;08:30:42.00;-7.6412;-76.6902;10;5
2009-02-08;21:23:06.00;-6.4969;-81.4055;25;5.4
2009-02-09;14:08:57.00;-6.6591;-81.548;13;6.2
2009-02-09;17:04:09.00;-6.7214;-81.4258;56;4.5
2009-02-09;20:32:25.00;-12.733;-77.211;49;4.6
2009-02-11;03:15:42.00;-6.6484;-81.3665;31;4.5
2009-02-12;05:36:22.00;-16.1458;-73.1229;56;4.6
2009-02-13;13:18:35.00;-8.72;-74.598;197;5.5
2009-02-13;16:41:04.00;-12.2346;-77.1314;57;4.6
2009-02-14;05:24:53.00;-5.7189;-81.0609;28;5
2009-02-14;19:29:23.00;-15.7145;-71.6724;91;4.8
2009-02-15;10:04:45.00;-5.9605;-81.2539;22;6.2
2009-02-17;19:17:42.00;-11.0858;-77.9594;55;4.6
2009-02-17;21:13:11.00;-15.4971;-72.8454;141;4.6
2009-02-18;17:00:09.00;-4.5885;-77.8071;117;4.5
2009-02-21;12:14:23.00;-9.459;-79.2351;56;4.7
2009-02-27;14:45:14.00;-15.279;-73.5388;57;4.5
2009-02-28;01:09:57.00;-17.1353;-75.1139;14;4.5
2009-03-02;00:39:22.00;-4.4265;-80.8878;26;5.2
2009-03-03;19:07:19.00;-8.0432;-74.5721;183;5
2009-03-05;23:59:04.00;-17.7375;-72.0858;55;4.9
2009-03-06;17:44:51.00;-9.9288;-78.5937;54;4.7
2009-03-07;17:06:54.00;-4.6568;-78.1013;92;4.5
2009-03-07;22:36:31.00;-7.7273;-75.4267;134;4.7
2009-03-08;09:42:37.00;-5.5497;-76.9552;151;4.5
2009-03-08;14:57:39.00;-14.9142;-74.078;113;4.7
2009-03-09;09:44:39.00;-14.854;-74.7517;39;4.5
2009-03-13;05:56:40.00;-10.3887;-77.6791;106;4.6
2009-03-14;05:41:04.00;-17.948;-71.4413;47;5.3
2009-03-14;14:00:10.00;-16.831;-72.655;35;4.5
2009-03-15;07:08:50.00;-17.3652;-74.6279;34;4.9
2009-03-15;08:19:03.00;-14.5236;-70.8514;227;5.9
2009-03-19;11:27:52.00;-11.7746;-77.3458;60;4.5
2009-03-20;07:14:35.00;-16.7155;-74.5839;55;4.7
2009-03-23;23:44:08.00;-13.6123;-76.5079;50;4.7
2009-03-24;06:07:12.00;-18.0123;-70.824;57;4.5
2009-03-26;17:35:11.00;-5.8499;-81.587;10;6
2009-03-30;06:06:45.00;-6.8535;-75.2311;60;4.5
2009-03-30;15:48:22.00;-18.5062;-70.6918;57;4.9
2009-04-01;02:41:25.00;-16.7719;-71.4877;120;5.2
2009-04-02;21:07:37.00;-4.2355;-76.8091;160;4.5
2009-04-03;00:20:28.00;-15.0547;-72.2681;110;4.5
2009-04-06;00:26:34.00;-9.6759;-80.33;22;4.6
2009-04-08;03:06:23.00;-8.0305;-74.931;62;5.1
2009-04-09;22:20:56.00;-4.328;-80.3286;42;4.5
2009-04-12;16:24:38.00;-14.3742;-75.7464;55;5.2
2009-04-12;16:32:08.00;-8.889;-79.2025;117;4.9
2009-04-14;17:45:38.00;-15.5162;-74.6201;82;5.1
2009-04-15;09:41:04.00;-17.0507;-72.13;45;4.7
2009-04-15;12:30:13.00;-15.0948;-71.6119;56;4.5
2009-04-15;23:26:25.00;-9.9112;-75.3981;58;5.1
2009-04-17;20:06:56.00;-18.8103;-70.5656;77;4.9
2009-04-21;06:50:38.00;-16.5733;-72.8966;44;4.7
2009-04-21;17:32:26.00;-9.5393;-70.9662;653;5.2
2009-04-23;06:44:05.00;-9.2894;-74.95;21;4.9
2009-04-24;02:31:56.00;-14.8989;-72.7825;56;4.5
2009-04-25;18:51:53.00;-14.8892;-73.7454;135;4.8
2009-04-28;01:24:41.00;-13.6357;-76.3069;44;4.5
2009-04-28;08:11:46.00;-17.81;-70.766;68;4.9
2009-04-28;09:18:37.00;-5.9608;-76.8326;60;4.5
2009-04-28;22:41:23.00;-10.3182;-72.4357;149;4.5
2009-04-29;20:45:30.00;-18.832;-70.9676;7;4.9
2009-04-30;11:45:39.00;-5.2611;-77.5604;115;5
2009-05-01;00:12:27.00;-14.1836;-76.5127;36;4.8
2009-05-02;10:36:52.00;-15.286;-70.6607;195;4.8
2009-05-03;18:23:59.00;-14.4359;-76.3783;21;4.9
2009-05-04;02:03:11.00;-4.0443;-78.7053;13;5
2009-05-04;16:48:32.00;-9.3064;-75.7519;112;5
2009-05-04;18:16:55.00;-9.1426;-75.2257;153;4.9
2009-05-04;23:40:47.00;-18.3845;-71.8204;22;4.9
2009-05-05;16:11:01.00;-3.417;-81.89;52;4.9
2009-05-06;10:08:07.00;-2.9402;-80.8493;48;4.9
2009-05-07;23:39:02.00;-16.1708;-73.8035;32;4.9
2009-05-09;17:57:37.00;-14.5833;-75.9701;46;4.6
2009-05-10;06:34:20.00;-9.5642;-75.5304;134;5.1
2009-05-15;09:50:32.00;-13.6389;-76.9076;43;4.6
2009-05-18;02:11:56.00;-10.4817;-72.5573;155;5.1
2009-05-18;10:06:24.00;-15.9935;-75.3363;45;4.5
2009-05-18;14:00:56.00;-16.0633;-75.5084;17;6
2009-05-18;14:12:58.00;-16.1748;-75.7284;25;5.6
2009-05-19;07:08:06.00;-16.0525;-75.5186;53;4.5
2009-05-19;21:06:33.00;-18.5297;-70.6875;106;4.5
2009-05-20;04:32:28.00;-14.6454;-76.9059;28;4.9
2009-05-21;05:10:17.00;-14.7807;-76.7273;9;4.9
2009-05-23;10:24:08.00;-12.5486;-76.7524;53;4.7
2009-05-25;04:12:42.00;-2.3714;-81.5501;27;5.2
2009-05-26;06:38:32.00;-14.7267;-76.6014;23;5.7
2009-05-27;08:49:09.00;-15.7305;-72.8186;86;4.6
2009-05-27;12:01:52.00;-5.8459;-75.9423;20;4.8
2009-05-27;17:15:15.00;-10.4872;-78.9945;57;4.9
2009-05-28;02:31:11.00;-14.0303;-75.669;67;4.6
2009-06-02;21:37:03.00;-14.7522;-73.7082;85;5.3
2009-06-06;21:51:16.00;-8.6464;-74.8818;23;5.5
2009-06-08;12:10:27.00;-17.3972;-73.6088;51;4.9
2009-06-08;20:20:06.00;-8.693;-71.506;536;5.4
2009-06-09;19:25:50.00;-3.5871;-80.3455;52;4.8
2009-06-11;00:42:08.00;-15.4845;-72.1213;171;4.8
2009-06-11;16:41:15.00;-5.3419;-79.6288;42;4.8
2009-06-13;20:10:49.00;-17.7463;-71.3166;43;5.6
2009-06-14;10:35:16.00;-17.5969;-71.2007;47;4.9
2009-06-15;13:04:32.00;-13.7508;-76.5875;51;5.7
2009-06-16;19:06:06.00;-9.2282;-79.3467;77;4.6
2009-06-17;01:39:58.00;-9.4853;-79.4168;52;4.6
2009-06-17;05:41:10.00;-14.9225;-75.4994;36;4.5
2009-06-18;01:22:34.00;-4.3227;-74.272;157;4.6
2009-06-20;04:00:19.00;-14.448;-72.9034;79;5.2
2009-06-22;11:07:42.00;-17.3085;-71.1032;94;4.5
2009-06-23;01:35:24.00;-2.6552;-77.574;127;4.5
2009-06-23;04:00:13.00;-17.3114;-70.9201;92;4.6
2009-06-23;23:45:34.00;-4.9121;-80.4459;56;4.5
2009-06-26;09:35:33.00;-4.4799;-76.4302;157;4.6
2009-06-30;10:41:56.00;-15.4242;-75.0151;50;5.2
2009-06-30;11:30:08.00;-18.331;-71.315;53;4.1
2009-06-30;16:01:19.00;-12.303;-71.9753;37;5.3
2009-06-30;20:05:32.00;-2.8221;-80.2916;7;4.5
2009-07-01;06:18:01.00;-17.3735;-70.6383;15;4.5
2009-07-02;03:09:48.00;-7.4295;-76.3316;116;5.2
2009-07-02;06:10:54.00;-13.5664;-72.2511;53;4.5
2009-07-02;20:16:25.00;-17.611;-69.584;135;4.1
2009-07-03;14:59:37.00;-16.2745;-71.9599;121;4.6
2009-07-06;04:15:15.00;-11.6283;-75.067;65;5.1
2009-07-06;12:27:42.00;-8.542;-75.1065;16;4.5
2009-07-07;18:27:30.00;-5.7877;-79.9864;76;4.5
2009-07-12;05:35:59.00;-7.8128;-79.6238;52;4.5
2009-07-12;06:12:46.00;-15.2383;-71.0789;182;6.2
2009-07-15;16:15:05.00;-18.578;-70.104;116;4.1
2009-07-16;05:46:56.00;-12.862;-73.9597;66;4.9
2009-07-16;06:41:14.00;-11.7814;-77.6906;49;4.7
2009-07-20;21:14:49.00;-14.8999;-74.5495;44;4.5
2009-07-22;13:17:43.00;-14.7151;-72.9651;109;4.7
2009-07-24;05:15:50.00;-12.7889;-76.8709;54;4.8
2009-07-24;09:19:12.00;-4.0324;-81.5461;25;5.2
2009-07-25;07:15:56.00;-11.3171;-80.3222;58;4.5
2009-07-27;00:55:45.00;-9.1272;-77.6341;169;4.5
2009-07-29;17:48:09.00;-9.511;-80.2077;19;4.6
2009-07-30;01:39:16.00;-11.9592;-75.0385;15;4.6
2009-07-30;06:38:44.00;-11.97;-75.0532;14;4.8
2009-07-31;03:49:28.00;-3.4649;-78.3482;52;4.5
2009-07-31;22:07:07.00;-18.684;-70.6186;37;4.9
2009-08-01;23:06:59.00;-12.1461;-75.4836;124;5.5
2009-08-03;20:10:17.00;-14.4472;-75.8245;58;5.6
2009-08-04;07:13:28.00;-5.6643;-77.6776;33;4.7
2009-08-05;05:58:20.00;-8.2287;-78.922;57;4.6
2009-08-05;08:28:46.00;-12.7147;-75.4258;100;4.5
2009-08-07;22:04:07.00;-9.007;-79.507;6;4.5
2009-08-08;07:05:20.00;-14.1581;-71.1929;175;4.6
2009-08-09;18:25:52.00;-16.7062;-72.6959;34;4.7
2009-08-10;13:05:41.00;-13.9539;-75.9565;61;5.2
2009-08-10;20:03:02.00;-14.4896;-74.1762;116;4.6
2009-08-12;08:14:44.00;-4.9014;-76.4898;82;4.5
2009-08-14;08:12:13.00;-12.689;-77.0712;47;4.5
2009-08-14;19:48:28.00;-8.8636;-75.3483;77;4.9
2009-08-15;13:04:18.00;-9.2677;-76.0559;76;4.8
2009-08-16;01:46:18.00;-8.3981;-75.1936;148;4.6
2009-08-19;18:17:36.00;-15.3196;-72.4697;134;4.6
2009-08-20;02:55:06.00;-8.0158;-74.228;148;4.5
2009-08-20;09:03:03.00;-6.9543;-76.5968;138;4.5
2009-08-21;06:23:53.00;-17.1123;-72.6826;36;4.9
2009-08-22;05:37:51.00;-12.2412;-76.8777;93;4.5
2009-08-22;11:24:51.00;-7.8127;-75.6274;122;4.5
2009-08-22;15:18:50.00;-3.4895;-76.6587;143;4.7
2009-08-22;18:42:23.00;-4.0878;-80.9569;25;4.8
2009-08-22;18:46:49.00;-4.0239;-80.8787;34;4.9
2009-08-23;10:40:38.00;-18.2813;-70.8084;25;4.9
2009-08-24;19:17:47.00;-8.1201;-78.1352;147;4.6
2009-08-24;21:35:59.00;-13.7046;-76.4222;63;4.9
2009-08-25;00:14:48.00;-17.1163;-72.4936;52;4.7
2009-08-25;22:00:08.00;-7.9136;-78.1013;16;5.1
2009-08-26;17:26:30.00;-5.8704;-76.7418;146;4.5
2009-08-27;14:56:37.00;-5.5668;-81.3304;11;5.4
2009-08-28;16:33:42.00;-3.4134;-79.9037;24;4.6
2009-08-29;07:52:13.00;-15.6553;-71.0272;217;5.3
2009-08-29;17:08:16.00;-5.3918;-80.3928;36;4.5
2009-09-05;03:58:37.00;-15.5434;-70.7367;209;6
2009-09-05;08:11:10.00;-14.2122;-76.1975;56;4.6
2009-09-07;19:46:09.00;-15.1567;-75.7706;15;4.6
2009-09-08;08:08:00.00;-15.5805;-74.2066;38;4.6
2009-09-09;15:55:32.00;-15.2266;-71.8673;76;4.5
2009-09-09;18:07:22.00;-2.8972;-77.926;146;4.5
2009-09-09;23:21:06.00;-16.9111;-71.6559;56;4.6
2009-09-11;08:10:02.00;-16.5744;-72.9855;29;5
2009-09-12;22:00:09.00;-15.2559;-72.8322;99;4.6
2009-09-13;16:20:36.00;-13.7709;-76.3822;45;4.8
2009-09-14;09:58:21.00;-8.4447;-76.3904;57;4.9
2009-09-14;10:41:27.00;-9.1863;-79.9184;57;5.1
2009-09-14;16:16:07.00;-15.4192;-72.6882;121;4.5
2009-09-15;15:22:54.00;-16.7964;-72.7592;82;5
2009-09-16;22:06:28.00;-15.2474;-70.6849;9;4.8
2009-09-17;02:04:30.00;-15.1393;-71.5619;174;4.6
2009-09-17;03:46:48.00;-12.197;-77.0844;66;4.5
2009-09-17;13:17:36.00;-14.2218;-75.3168;49;4.9
2009-09-22;13:08:06.00;-8.6042;-80.1555;33;4.5
2009-09-22;18:32:24.00;-17.649;-70.2161;53;4.9
2009-09-24;15:26:07.00;-12.8802;-74.681;55;4.5
2009-09-24;21:33:58.00;-15.5308;-72.0364;60;4.6
2009-09-26;08:36:52.00;-9.8838;-74.9941;13;4.6
2009-09-30;19:03:14.00;-15.7494;-69.7093;269;6.1
2009-10-02;19:33:12.00;-10.0019;-80.633;28;4.5
2009-10-03;13:03:09.00;-8.5053;-79.9134;51;5.2
2009-10-07;16:32:07.00;-11.0036;-73.8306;165;4.7
2009-10-09;04:16:59.00;-14.8914;-75.9612;45;5
2009-10-11;10:00:31.00;-5.6354;-77.0975;67;4.5
2009-10-12;18:37:48.00;-13.3771;-76.4685;50;4.5
2009-10-12;18:38:25.00;-15.1097;-75.4027;51;4.9
2009-10-14;03:05:06.00;-15.6631;-70.9898;181;4.8
2009-10-15;01:43:05.00;-5.0305;-80.4224;34;5.3
2009-10-16;07:10:46.00;-15.2354;-72.835;135;4.5
2009-10-16;16:20:41.00;-17.9381;-72.4142;18;4.6
2009-10-17;08:37:49.00;-3.0589;-78.1085;84;4.5
2009-10-17;14:52:00.00;-9.328;-79.2607;78;4.7
2009-10-20;01:37:00.00;-3.9135;-82.0307;57;4.5
2009-10-20;01:53:16.00;-12.5363;-76.4185;97;4.5
2009-10-21;13:01:06.00;-11.1639;-76.4654;128;4.5
2009-10-22;14:56:46.00;-16.2446;-71.9936;122;4.5
2009-10-23;01:32:51.00;-8.0546;-79.7632;93;4.5
2009-10-24;13:20:42.00;-5.7694;-78.766;10;4.5
2009-10-26;17:33:46.00;-8.9907;-75.9349;55;4.5
2009-10-27;21:26:54.00;-6.3845;-76.0833;20;5
2009-10-30;14:56:01.00;-15.2696;-71.0352;212;4.9
2009-11-01;05:42:42.00;-14.2035;-75.7174;61;4.8
2009-11-01;08:09:47.00;-3.8896;-77.9316;93;4.9
2009-11-01;23:08:15.00;-12.0902;-78.6753;22;4.5
2009-11-04;15:15:58.00;-17.467;-69.676;166;4.5
2009-11-05;13:43:49.00;-15.5192;-70.8677;185;4.9
2009-11-05;23:38:09.00;-18.199;-69.711;126;4
2009-11-07;19:39:20.00;-4.3933;-81.6048;34;5
2009-11-11;09:58:44.00;-18.6759;-69.9344;117;5.3
2009-11-16;18:34:27.00;-18.7059;-70.0356;73;5.5
2009-11-17;04:28:40.00;-3.0191;-80.4364;35;4.5
2009-11-21;05:17:05.00;-16.5632;-74.339;23;4.6
2009-11-22;19:30:47.00;-16.1943;-73.556;56;5.1
2009-11-23;21:35:54.00;-11.4706;-73.1899;143;5.2
2009-11-24;08:18:06.00;-16.0154;-73.5748;16;4.6
2009-11-26;00:45:44.00;-13.3214;-76.3171;69;4.6
2009-11-26;12:18:05.00;-3.2351;-80.8513;30;5.1
2009-11-27;01:52:13.00;-3.5784;-80.9701;23;4.6
2009-11-28;04:35:22.00;-16.5908;-75.1717;25;5.5
2009-11-28;05:06:04.00;-15.8755;-75.2808;47;5.4
2009-11-28;05:50:55.00;-15.9983;-74.3952;20;4.9
2009-11-29;08:13:48.00;-15.8967;-75.507;40;5
2009-11-29;22:54:40.00;-15.9696;-73.0492;152;4.5
2009-11-30;16:55:53.00;-14.274;-75.5319;68;4.8
2009-12-01;23:35:30.00;-17.7012;-69.993;28;4.8
2009-12-03;07:03:13.00;-18.6382;-71.2194;31;5
2009-12-10;00:50:19.00;-11.0792;-78.7199;31;4.7
2009-12-11;03:16:01.00;-4.7682;-75.7581;109;4.6
2009-12-12;08:28:46.00;-8.2478;-74.7445;152;4.5
2009-12-17;09:23:42.00;-5.5818;-80.7892;26;4.5
2009-12-19;17:24:27.00;-4.0149;-80.2844;40;4.6
2009-12-19;20:56:15.00;-16;-73.7512;86;5.2
2009-12-23;13:56:10.00;-5.7954;-76.4751;191;4.5
2009-12-23;23:07:10.00;-12.1397;-76.9003;72;4.5
2009-12-24;10:35:17.00;-4.167;-75.9685;155;4.5
2009-12-24;14:01:58.00;-16.0022;-74.3375;83;5.9
2009-12-26;14:19:37.00;-14.568;-74.9774;64;4.5
2009-12-27;00:50:44.00;-16.424;-73.1634;55;4.5
2009-12-31;08:11:34.00;-10.4489;-78.974;57;4.6
2010-01-02;02:37:13.00;-15.4418;-75.4139;45;4.5
2010-01-02;21:49:02.00;-18.5505;-69.9811;30;4.5
2010-01-03;11:14:13.00;-16.9668;-75.1272;56;4.7
2010-01-03;20:39:11.00;-8.999;-77.9599;130;5.9
2010-01-05;01:34:25.00;-16.5155;-74.2936;54;5.3
2010-01-05;17:32:47.00;-10.8887;-78.1506;45;4.6
2010-01-07;19:13:54.00;-7.2809;-81.4222;20;4.5
2010-01-08;01:20:53.00;-10.6185;-78.5543;31;4.5
2010-01-10;20:49:54.00;-18.6808;-71.0509;35;4.5
2010-01-11;03:15:40.00;-5.3036;-79.1263;46;4.5
2010-01-11;19:20:08.00;-15.868;-73.3419;59;4.5
2010-01-12;06:15:30.00;-13.2148;-75.0412;104;4.5
2010-01-16;08:12:12.00;-5.2365;-80.7047;48;4.7
2010-01-16;17:35:52.00;-8.9857;-74.8936;112;4.9
2010-01-17;11:09:44.00;-17.559;-69.2779;32;5
2010-01-17;12:15:18.00;-18.3699;-69.9129;58;4.8
2010-01-17;16:08:46.00;-4.0393;-78.262;117;4.6
2010-01-18;08:42:40.00;-14.1065;-75.5697;73;4.7
2010-01-19;07:38:04.00;-12.782;-76.507;68;4.5
2010-01-20;09:03:01.00;-13.5926;-76.984;44;4.6
2010-01-24;05:20:14.00;-13.575;-75.1801;102;4.6
2010-01-25;08:01:22.00;-18.3529;-70.8217;58;4.5
2010-01-25;22:52:45.00;-8.4678;-74.7332;154;6.1
2010-01-26;08:30:00.00;-16.0549;-71.0079;184;5.1
2010-01-28;04:36:01.00;-8.1703;-74.6687;160;4.9
2010-01-28;16:01:15.00;-7.3818;-80.7647;50;4.5
2010-01-31;03:50:48.00;-17.7793;-70.1327;200;5.1
2010-01-31;16:22:21.00;-16.328;-73.3238;80;4.5
2010-02-03;17:32:29.00;-11.0814;-74.6453;36;4.8
2010-02-04;01:24:29.00;-16.1579;-72.4973;121;4.9
2010-02-04;11:50:24.00;-17.1735;-73.7309;40;5.2
2010-02-05;04:44:44.00;-15.2872;-71.7921;147;4.5
2010-02-05;22:09:45.00;-16.651;-71.9664;27;4.5
2010-02-06;01:33:41.00;-16.9546;-73.7584;15;5.2
2010-02-10;16:36:12.00;-16.194;-70.274;189;4.3
2010-02-10;19:49:10.00;-13.7699;-77.064;33;4.8
2010-02-10;22:33:29.00;-11.0557;-78.6701;39;4.6
2010-02-11;20:22:10.00;-10.2139;-79.9595;26;4.5
2010-02-13;04:24:57.00;-14.9644;-73.2294;81;4.5
2010-02-13;19:27:33.00;-4.915;-80.352;43;4.7
2010-02-16;13:09:48.00;-16.1668;-73.4178;50;4.5
2010-02-17;15:16:46.00;-10.2313;-75.5787;14;4.5
2010-02-18;01:01:34.00;-10.4598;-79.1454;16;4.6
2010-02-18;04:55:43.00;-16.8346;-69.619;203;4.5
2010-02-18;16:21:03.00;-4.8956;-77.371;153;5.1
2010-02-21;01:55:23.00;-16.5454;-74.064;52;4.5
2010-02-21;21:02:28.00;-14.1925;-76.7927;16;4.6
2010-02-22;23:08:14.00;-9.2719;-79.556;56;4.5
2010-02-26;03:59:31.00;-18.112;-69.7526;132;4.5
2010-02-27;14:33:38.00;-14.1305;-75.9676;60;4.8
2010-02-28;04:31:53.00;-14.409;-73.6533;63;4.9
2010-02-28;19:58:17.00;-13.551;-76.7283;46;4.5
2010-03-01;09:06:10.00;-14.8868;-76.2251;37;4.9
2010-03-01;09:48:19.00;-8.4145;-74.6395;21;5
2010-03-02;17:21:12.00;-18.1782;-69.8181;119;4.9
2010-03-03;11:47:24.00;-16.5022;-74.063;36;4.5
2010-03-03;15:58:49.00;-7.7049;-74.1961;93;4.8
2010-03-07;08:28:28.00;-8.6209;-75.84;139;4.6
2010-03-10;14:07:19.00;-8.8805;-80.1763;55;4.5
2010-03-10;22:15:52.00;-12.7349;-76.8667;62;4.7
2010-03-11;12:12:28.00;-13.4417;-76.5711;64;4.7
2010-03-13;17:29:50.00;-16.4349;-70.5071;189;4.6
2010-03-14;00:12:22.00;-15.476;-72.3975;129;4.5
2010-03-14;12:58:51.00;-3.9393;-81.0751;42;4.5
2010-03-15;18:22:01.00;-17.9757;-69.7822;15;5.3
2010-03-16;16:22:01.00;-10.7732;-77.2125;73;4.7
2010-03-19;00:18:26.00;-14.291;-74.5886;133;5.2
2010-03-22;01:00:44.00;-16.0917;-69.6619;202;5.3
2010-03-23;20:19:25.00;-15.3244;-75.0052;82;5.6
2010-03-24;22:35:33.00;-3.0419;-77.1746;60;4.9
2010-03-27;12:38:17.00;-6.4792;-80.3011;34;4.5
2010-03-27;18:14:53.00;-15.4289;-73.0399;51;5
2010-03-27;23:50:19.00;-4.762;-80.73;50;5
2010-03-27;23:57:03.00;-15.5839;-74.7038;75;4.6
2010-03-28;01:08:21.00;-10.5635;-78.7869;41;5.7
2010-03-28;02:03:07.00;-4.9388;-80.8846;19;4.5
2010-03-28;21:30:23.00;-15.9688;-74.3614;20;4.6
2010-03-30;10:31:53.00;-16.7941;-69.8958;195;4.9
2010-03-30;15:46:33.00;-15.6448;-71.0891;182;4.5
2010-03-30;23:26:21.00;-5.5323;-77.1883;44;4.5
2010-04-02;07:45:39.00;-15.3246;-72.2612;124;4.6
2010-04-02;07:48:14.00;-9.9242;-75.4886;118;4.5
2010-04-02;23:28:54.00;-15.1333;-76.0228;29;4.5
2010-04-04;02:03:27.00;-10.704;-77.6586;35;4.7
2010-04-04;05:50:07.00;-10.3258;-78.3312;53;4.8
2010-04-05;18:09:41.00;-14.2521;-75.7869;53;4.5
2010-04-05;18:41:40.00;-4.0731;-75.7734;159;4.5
2010-04-06;18:01:08.00;-8.7498;-80.7895;47;4.5
2010-04-08;15:23:01.00;-8.598;-77.0019;48;4.5
2010-04-09;05:37:12.00;-12.7862;-76.1264;94;4.6
2010-04-10;04:20:00.00;-4.6032;-76.9636;202;4.9
2010-04-11;09:57:51.00;-4.4075;-77.4908;30;4.5
2010-04-12;05:51:21.00;-4.0466;-77.5169;158;5.3
2010-04-12;09:08:35.00;-13.7182;-77.2473;16;4.6
2010-04-12;12:26:32.00;-14.2241;-76.8327;33;4.8
2010-04-13;02:30:21.00;-10.5463;-77.9695;77;4.8
2010-04-13;04:52:28.00;-13.758;-75.8602;79;4.7
2010-04-14;23:04:36.00;-10.9498;-77.2437;42;4.5
2010-04-15;11:21:56.00;-14.293;-76.6262;20;4.6
2010-04-15;12:06:10.00;-10.195;-79.8051;26;4.5
2010-04-18;03:04:26.00;-17.5293;-70.2018;139;4.8
2010-04-18;10:52:47.00;-13.5843;-77.0111;45;4.9
2010-04-19;16:16:27.00;-8.432;-79.5199;57;4.7
2010-04-20;05:08:32.00;-17.294;-69.3942;57;5
2010-04-20;07:55:40.00;-12.3578;-77.2924;40;4.8
2010-04-20;18:25:57.00;-14.5696;-76.2209;42;4.9
2010-04-21;16:08:30.00;-6.2271;-76.9788;29;4.8
2010-04-21;21:58:35.00;-6.0589;-76.9439;19;4.7
2010-04-22;23:20:34.00;-15.4072;-73.6605;47;4.7
2010-04-23;10:14:15.00;-18.6101;-69.9461;75;5.2
2010-04-23;15:17:36.00;-9.6977;-76.1966;167;4.9
2010-04-24;01:17:04.00;-18.5178;-70.5051;92;5
2010-04-25;03:57:18.00;-3.5054;-77.9773;121;4.5
2010-04-25;14:36:32.00;-6.5432;-80.9164;27;4.5
2010-04-25;23:09:48.00;-6.8177;-72.8679;27;5.6
2010-04-26;00:56:55.00;-17.1593;-69.3432;36;4.9
2010-04-26;04:42:38.00;-16.2007;-73.8787;102;5.1
2010-04-26;07:36:41.00;-13.6362;-76.3474;51;4.8
2010-04-26;17:49:50.00;-12.7265;-76.9799;36;5
2010-04-26;23:30:40.00;-8.4771;-75.7144;142;5.2
2010-04-27;07:24:16.00;-10.0254;-75.4167;58;4.6
2010-04-27;19:51:39.00;-16.0396;-73.9239;29;4.5
2010-05-02;03:22:29.00;-13.2946;-75.0768;32;4.5
2010-05-02;19:27:29.00;-7.1067;-75.4493;136;4.6
2010-05-03;06:12:37.00;-4.3918;-80.8877;28;4.9
2010-05-04;14:50:55.00;-12.995;-74.886;101;4.5
2010-05-06;02:42:47.00;-18.3431;-71.2708;25;6.6
2010-05-06;02:58:07.00;-18.2422;-71.1773;38;4.9
2010-05-06;06:32:28.00;-18.2205;-71.2499;28;5
2010-05-06;14:51:23.00;-18.4935;-71.4076;32;4.6
2010-05-06;22:35:06.00;-7.8325;-76.3994;155;4.5
2010-05-11;04:57:03.00;-15.6636;-75.5713;37;4.6
2010-05-11;17:04:15.00;-5.9669;-77.3138;92;4.5
2010-05-12;23:27:10.00;-13.666;-74.7961;103;4.5
2010-05-13;06:00:04.00;-11.5764;-73.0169;57;4.7
2010-05-14;07:49:42.00;-14.55;-73.4631;76;4.5
2010-05-15;08:08:05.00;-12.9184;-75.2479;84;4.8
2010-05-16;07:28:30.00;-7.7381;-81.2263;28;4.5
2010-05-17;20:19:24.00;-12.1944;-76.1268;108;4.5
2010-05-19;04:15:45.00;-5.6126;-77.786;122;6.3
2010-05-19;18:42:55.00;-14.4833;-76.2774;11;4.7
2010-05-20;15:43:15.00;-18.405;-70.707;35;4.8
2010-05-22;05:48:12.00;-13.337;-69.746;595;4.6
2010-05-22;12:34:50.00;-14.4489;-76.2028;30;4.6
2010-05-22;22:06:52.00;-13.3447;-76.599;61;4.9
2010-05-23;22:46:49.00;-14.061;-74.6083;103;6.2
2010-05-24;01:33:59.00;-17.234;-69.6495;206;4.9
2010-05-24;03:08:45.00;-15.7779;-72.2742;120;4.8
2010-05-24;16:18:19.00;-8.5197;-72.3406;632;6.6
2010-05-24;20:36:33.00;-14.4982;-76.2391;43;4.5
2010-05-25;17:07:58.00;-14.5101;-76.2536;22;4.5
2010-05-27;01:18:29.00;-8.079;-81.3885;31;4.7
2010-05-27;22:38:08.00;-10.6847;-79.5064;55;4.9
2010-05-28;20:40:05.00;-9.0006;-74.5924;189;4.6
2010-05-29;12:19:48.00;-16.6962;-73.2661;60;4.9
2010-05-29;16:12:28.00;-14.5546;-75.4024;48;4.9
2010-05-29;17:53:34.00;-7.7011;-81.6715;18;4.5
2010-05-29;17:56:53.00;-3.4144;-78.3558;163;4.5
2010-05-30;08:48:18.00;-15.4148;-73.5944;109;4.9
2010-06-03;20:00:58.00;-11.1739;-80.2559;55;4.7
2010-06-04;08:09:17.00;-15.402;-70.2206;190;5
2010-06-04;19:37:43.00;-13.7822;-74.7159;99;4.5
2010-06-05;04:19:59.00;-16.9542;-72.7449;15;4.6
2010-06-05;17:16:59.00;-5.075;-80.8811;5;4.5
2010-06-06;03:14:42.00;-16.2812;-72.9178;66;4.8
2010-06-06;16:14:06.00;-11.1172;-79.5296;39;4.9
2010-06-06;19:09:52.00;-16.5731;-74.1674;46;4.7
2010-06-08;00:58:31.00;-12.8652;-75.4373;42;4.8
2010-06-08;04:17:42.00;-9.1796;-79.4398;41;4.5
2010-06-08;04:23:58.00;-15.79;-75.042;46;4.6
2010-06-08;06:32:18.00;-17.5192;-72.8208;37;5.2
2010-06-09;03:54:55.00;-15.1801;-71.0769;185;5.3
2010-06-10;02:56:59.00;-12.9544;-75.1672;81;4.5
2010-06-10;22:28:39.00;-15.6438;-71.1937;193;5
2010-06-13;15:55:04.00;-7.713;-76.3389;166;4.5
2010-06-16;14:48:17.00;-16.2005;-72.8674;99;4.7
2010-06-16;14:54:50.00;-8.2897;-81.8207;23;4.5
2010-06-19;02:54:24.00;-16.3267;-73.9389;40;4.9
2010-06-21;00:54:37.00;-14.6015;-75.8199;47;4.7
2010-06-23;02:33:24.00;-17.311;-69.34;166;4.2
2010-06-23;10:51:18.00;-15.877;-69.9556;232;4.7
2010-06-25;00:26:18.00;-15.8573;-72.784;26;4.5
2010-06-25;20:39:09.00;-16.7686;-72.2435;45;4.5
2010-06-26;14:08:09.00;-6.0932;-78.8207;36;4.5
2010-06-26;17:26:43.00;-12.1167;-70.9107;54;4.6
2010-06-26;18:40:13.00;-4.991;-77.826;114;5.4
2010-06-26;22:02:40.00;-14.132;-74.6176;105;4.8
2010-06-26;22:07:24.00;-10.1963;-80.0552;55;5.1
2010-06-27;06:28:19.00;-16.2121;-73.9;48;4.6
2010-06-30;19:12:23.00;-18.5687;-72.4931;41;4.5
2010-06-30;20:59:09.00;-7.9727;-80.0785;49;4.5
2010-07-01;08:24:38.00;-16.7934;-73.9243;23;4.7
2010-07-02;06:06:33.00;-16.4304;-74.1707;53;4.5
2010-07-02;07:28:18.00;-6.0153;-75.3375;102;4.9
2010-07-04;06:57:42.00;-8.3597;-80.628;47;5.9
2010-07-04;16:43:25.00;-4.9954;-80.2754;36;4.6
2010-07-04;17:22:02.00;-15.7925;-75.2438;56;4.5
2010-07-04;21:01:33.00;-9.76;-80.0001;24;5
2010-07-06;02:47:46.00;-8.2836;-81.2553;44;5.3
2010-07-07;07:15:47.00;-9.7581;-74.9178;124;4.5
2010-07-07;23:18:59.00;-15.749;-73.4285;90;4.6
2010-07-08;13:10:06.00;-4.7642;-80.8084;28;4.5
2010-07-11;08:36:26.00;-15.1205;-73.6197;92;5.1
2010-07-11;10:34:45.00;-9.321;-78.2435;78;4.6
2010-07-12;11:57:50.00;-15.6913;-73.6381;55;4.5
2010-07-12;12:44:49.00;-17.4178;-70.4121;107;5.1
2010-07-13;06:39:26.00;-17.6602;-73.5863;16;4.5
2010-07-13;07:28:27.00;-9.6846;-74.8282;128;4.9
2010-07-15;19:50:33.00;-9.3549;-78.3717;56;4.6
2010-07-17;05:06:37.00;-16.5137;-73.7629;41;4.9
2010-07-17;12:03:39.00;-8.5537;-79.5318;61;4.5
2010-07-17;20:18:00.00;-8.2441;-79.7865;55;4.5
2010-07-18;08:48:20.00;-14.4512;-76.6696;11;4.7
2010-07-19;03:39:55.00;-10.9758;-78.196;33;4.6
2010-07-22;03:10:49.00;-16.3483;-75.1693;32;4.6
2010-07-24;09:52:43.00;-12.9853;-76.0485;91;4.6
2010-07-27;06:28:19.00;-18.1268;-72.8374;49;4.5
2010-07-28;03:13:25.00;-10.566;-75.1535;170;4.5
2010-07-28;09:14:44.00;-14.8076;-73.8266;100;4.5
2010-07-28;12:10:15.00;-15.4728;-74.4384;34;4.6
2010-07-29;02:01:36.00;-4.0336;-77.9758;50;4.5
2010-07-29;03:46:52.00;-15.0796;-74.8183;56;4.7
2010-07-29;17:23:08.00;-8.904;-75.7174;143;4.8
2010-07-30;20:43:55.00;-8.7576;-79.5351;57;4.5
2010-07-31;04:16:59.00;-17.1531;-69.26;169;4.7
2010-07-31;08:39:28.00;-9.1978;-75.261;153;4.5
2010-08-02;00:35:07.00;-8.59;-74.9504;194;4.9
2010-08-02;01:13:34.00;-4.6723;-80.8641;51;4.5
2010-08-02;04:35:07.00;-8.59;-74.9504;194;4.9
2010-08-02;15:01:08.00;-16.2503;-72.6345;42;4.5
2010-08-02;23:45:38.00;-12.4643;-76.8026;59;4.5
2010-08-03;05:32:57.00;-2.8342;-80.6813;12;4.8
2010-08-04;06:29:02.00;-14.4205;-75.8459;59;4.5
2010-08-04;14:02:25.00;-17.557;-69.83;129;4.4
2010-08-05;04:52:46.00;-17.7884;-70.9226;136;5.1
2010-08-07;00:00:47.00;-16.1124;-72.6941;55;4.5
2010-08-08;04:48:30.00;-15.7522;-74.2485;31;4.5
2010-08-09;01:40:39.00;-13.2987;-71.1519;19;4.7
2010-08-09;04:15:57.00;-17.198;-72.5571;13;4.7
2010-08-09;14:48:01.00;-15.0837;-74.5728;55;4.6
2010-08-09;23:14:35.00;-9.888;-80.7581;26;4.7
2010-08-10;00:17:07.00;-5.2186;-76.527;55;4.6
2010-08-10;04:52:40.00;-14.0727;-73.0863;60;5.3
2010-08-10;14:21:01.00;-6.2052;-75.1628;144;4.6
2010-08-11;21:36:21.00;-14.3044;-73.327;102;5.2
2010-08-11;23:23:26.00;-11.709;-76.1635;79;4.6
2010-08-12;01:24:21.00;-12.2924;-72.7416;39;5.3
2010-08-12;09:12:21.00;-8.6145;-79.1942;51;4.6
2010-08-12;13:01:44.00;-10.1243;-75.3486;102;4.7
2010-08-13;16:27:41.00;-12.4024;-77.2049;21;4.5
2010-08-13;17:21:58.00;-15.6649;-71.5242;108;4.5
2010-08-14;12:56:34.00;-9.2499;-79.2217;37;4.5
2010-08-14;12:56:35.00;-9.3432;-79.4064;71;4.5
2010-08-17;03:22:55.00;-5.6959;-79.9184;64;5.5
2010-08-18;05:35:02.00;-17.9032;-73.7028;49;4.5
2010-08-19;02:58:29.00;-10.1057;-75.3369;141;4.5
2010-08-21;00:47:19.00;-15.9619;-74.7824;43;4.7
2010-08-21;12:40:41.00;-14.2933;-76.4549;30;4.9
2010-08-22;06:13:45.00;-4.8943;-81.0389;30;4.9
2010-08-24;13:47:49.00;-17.8514;-71.7576;14;4.7
2010-08-24;18:48:07.00;-14.4384;-72.9688;115;4.5
2010-08-25;03:33:30.00;-12.6861;-73.4358;53;4.5
2010-08-25;08:17:46.00;-14.1278;-74.5132;101;4.5
2010-08-25;20:31:11.00;-2.6154;-80.8643;43;4.8
2010-08-26;19:15:15.00;-13.8293;-75.9804;59;4.6
2010-08-27;04:40:55.00;-7.5497;-75.2678;146;5.5
2010-08-27;08:38:57.00;-16.1321;-73.7491;39;4.9
2010-08-27;13:13:07.00;-14.9522;-72.0285;125;4.5
2010-08-28;11:11:26.00;-6.7412;-74.303;131;4.7
2010-08-29;00:11:39.00;-14.3628;-76.07;41;4.5
2010-08-29;01:35:19.00;-16.8318;-75.014;22;4.7
2010-08-29;02:05:32.00;-15.4528;-75.4443;18;4.5
2010-08-29;06:17:46.00;-14.3806;-72.6323;43;4.7
2010-08-29;08:06:32.00;-12.9299;-73.8211;55;4.7
2010-08-31;03:48:38.00;-8.6776;-76.2843;131;4.6
2010-09-01;01:12:06.00;-10.7319;-74.8674;173;4.8
2010-09-01;13:56:26.00;-4.1424;-80.9458;14;4.9
2010-09-02;03:59:12.00;-8.5968;-74.8762;131;4.6
2010-09-02;13:28:03.00;-6.4215;-76.0846;22;5.3
2010-09-03;19:58:14.00;-15.9413;-75.2105;17;4.7
2010-09-04;02:09:07.00;-14.6215;-76.3536;20;4.8
2010-09-04;02:10:03.00;-14.7817;-76.4279;23;4.9
2010-09-04;07:49:21.00;-14.9984;-75.6743;53;5.1
2010-09-04;07:50:20.00;-7.4194;-74.7025;169;5.3
2010-09-04;11:29:59.00;-14.4777;-76.3947;24;5.5
2010-09-05;10:49:59.00;-15.1607;-73.0376;92;4.5
2010-09-06;02:55:43.00;-14.6783;-76.3978;12;4.7
2010-09-06;03:51:09.00;-14.6595;-76.3733;15;4.6
2010-09-07;04:23:22.00;-3.5482;-76.4977;136;4.8
2010-09-08;04:01:39.00;-15.4723;-75.5197;39;4.5
2010-09-08;14:47:26.00;-17.9184;-69.8096;217;5.2
2010-09-09;02:00:51.00;-15.0075;-72.5228;134;4.8
2010-09-09;21:25:59.00;-4.8388;-81.0882;56;4.6
2010-09-10;02:21:44.00;-6.93;-79.4024;85;4.7
2010-09-11;01:33:19.00;-17.0495;-73.5923;37;4.5
2010-09-11;18:55:21.00;-4.4829;-80.8497;15;5.4
2010-09-11;20:33:31.00;-14.9806;-72.222;127;4.5
2010-09-12;08:14:29.00;-13.0496;-73.9784;74;4.5
2010-09-13;01:11:31.00;-10.194;-77.0508;108;4.5
2010-09-13;07:15:45.00;-14.6785;-71.1999;193;6.1
2010-09-15;17:13:40.00;-14.7284;-75.9617;42;4.5
2010-09-16;02:33:43.00;-12.1619;-72.6587;27;4.6
2010-09-16;07:55:14.00;-3.337;-80.2322;55;4.5
2010-09-17;06:14:33.00;-11.3688;-77.8248;75;4.5
2010-09-17;15:55:12.00;-15.8664;-72.3602;91;4.6
2010-09-17;18:08:58.00;-15.1594;-75.9062;17;4.8
2010-09-18;02:47:30.00;-14.3171;-74.3628;127;4.5
2010-09-19;17:19:00.00;-17.0722;-69.3281;176;4.6
2010-09-20;02:54:35.00;-16.8413;-72.1162;49;4.5
2010-09-20;07:06:45.00;-9.6853;-75.4215;76;4.9
2010-09-21;14:59:46.00;-16.9526;-73.0482;42;4.5
2010-09-22;02:25:55.00;-8.6499;-77.7868;83;4.6
2010-09-22;07:34:57.00;-15.9783;-71.5582;162;4.7
2010-09-22;08:00:12.00;-13.4618;-76.4597;61;6.1
2010-09-22;19:01:45.00;-2.81;-77.622;75;4
2010-09-22;21:02:51.00;-15.0526;-73.6256;88;4.5
2010-09-22;21:02:52.00;-14.9948;-73.6559;88;4.5
2010-09-23;00:02:46.00;-15.9174;-75.8141;32;5.3
2010-09-23;00:18:24.00;-15.7363;-75.6942;25;4.5
2010-09-23;00:26:26.00;-16.1307;-75.8178;12;5.1
2010-09-23;11:45:30.00;-15.9918;-75.6808;14;4.7
2010-09-24;17:48:15.00;-14.9252;-73.6733;103;4.5
2010-09-24;19:01:28.00;-7.8286;-74.5501;144;5.8
2010-09-26;14:42:14.00;-5.5513;-76.4029;150;4.5
2010-09-26;15:52:53.00;-7.2561;-79.9948;62;4.6
2010-09-26;23:44:58.00;-5.6524;-77.3351;77;4.5
2010-09-27;00:45:41.00;-18.7995;-70.6713;48;5
2010-09-27;05:23:37.00;-14.972;-73.6132;102;4.7
2010-09-27;08:05:07.00;-9.9881;-78.9544;50;4.5
2010-09-27;16:20:11.00;-14.3603;-76.3037;30;4.5
2010-09-27;20:35:25.00;-14.8544;-76.0005;19;5.2
2010-09-28;12:53:55.00;-15.0889;-76.1478;13;4.9
2010-09-29;00:39:07.00;-14.5329;-76.415;24;4.5
2010-09-29;13:05:58.00;-11.6399;-73.2424;6;4.6
2010-09-29;14:56:16.00;-14.8794;-76.0493;17;4.9
2010-09-30;02:08:18.00;-15.0497;-76.1056;32;4.8
2010-09-30;08:53:08.00;-10.6636;-76.6867;102;4.5
2010-09-30;23:30:32.00;-8.4389;-72.0492;697;5.3
2010-10-02;02:41:08.00;-15.5889;-75.5568;44;4.5
2010-10-02;03:48:52.00;-16.5119;-73.8809;52;4.8
2010-10-02;13:43:56.00;-14.9963;-75.9488;47;4.5
2010-10-02;14:54:01.00;-4.2331;-76.4084;76;5.2
2010-10-02;17:23:01.00;-14.8683;-75.926;50;4.7
2010-10-03;05:33:35.00;-14.795;-76.0498;18;4.8
2010-10-03;08:18:35.00;-15.5681;-75.3464;15;4.8
2010-10-04;05:11:25.00;-14.9986;-75.9735;46;5.3
2010-10-04;22:31:29.00;-15.0209;-76.3036;9;4.8
2010-10-05;00:21:00.00;-15.0216;-76.0229;44;5.3
2010-10-05;00:22:16.00;-15.0799;-76.6248;28;5
2010-10-05;06:01:13.00;-15.2283;-76.3909;13;4.8
2010-10-05;18:05:25.00;-16.4025;-73.1264;50;4.5
2010-10-06;03:25:59.00;-14.5765;-73.5748;107;4.5
2010-10-06;05:08:11.00;-14.712;-75.9912;13;4.7
2010-10-06;07:18:41.00;-2.831;-77.6689;142;4.5
2010-10-07;04:18:22.00;-16.1132;-70.5985;143;4.8
2010-10-07;05:32:46.00;-16.3206;-71.8761;93;4.5
2010-10-08;02:57:27.00;-14.9086;-76.1071;42;4.5
2010-10-08;18:28:51.00;-5.3399;-77.2596;58;4.5
2010-10-09;14:04:46.00;-2.6941;-77.4344;111;5.6
2010-10-10;01:33:35.00;-17.874;-70.3461;89;4.5
2010-10-10;04:07:51.00;-5.9688;-81.1633;31;4.7
2010-10-11;07:52:14.00;-14.8447;-73.3281;32;4.6
2010-10-11;17:46:25.00;-14.3774;-75.6646;37;4.5
2010-10-11;17:48:47.00;-9.1206;-75.3557;142;4.5
2010-10-14;06:52:46.00;-16.7106;-74.5888;10;4.5
2010-10-15;07:42:17.00;-15.3642;-75.2463;30;4.5
2010-10-15;16:40:42.00;-16.2644;-73.8026;40;4.6
2010-10-15;23:18:00.00;-7.3169;-81.0798;20;4.7
2010-10-15;23:18:04.00;-6.9808;-80.8508;29;4.5
2010-10-16;05:12:24.00;-3.095;-81.1216;12;4.9
2010-10-16;07:42:12.00;-11.3741;-76.1517;150;4.5
2010-10-16;17:12:37.00;-7.9029;-74.3843;39;4.6
2010-10-17;08:27:50.00;-11.8705;-72.4537;164;5.5
2010-10-17;09:15:33.00;-10.4848;-78.5182;81;4.9
2010-10-19;03:48:51.00;-10.7623;-78.0809;46;4.6
2010-10-19;10:20:15.00;-4.4973;-81.545;49;4.6
2010-10-19;23:00:50.00;-16.9913;-69.3426;176;4.5
2010-10-20;13:03:23.00;-14.194;-73.0105;98;4.5
2010-10-22;00:29:36.00;-10.2428;-79.1061;43;4.8
2010-10-22;08:26:23.00;-18.3815;-71.4717;26;4.9
2010-10-22;15:18:05.00;-8.3404;-80.3279;21;4.5
2010-10-23;12:43:11.00;-17.867;-71.4629;28;4.7
2010-10-24;10:23:46.00;-16.0564;-72.6405;167;4.5
2010-10-26;18:24:38.00;-8.3088;-80.5095;44;4.9
2010-10-26;18:55:19.00;-7.2993;-81.4656;51;5.2
2010-10-27;12:40:40.00;-16.2257;-70.1003;198;4.7
2010-10-28;20:45:38.00;-10.5259;-78.2804;34;4.6
2010-10-30;09:53:50.00;-7.5762;-70.9568;429;5.1
2010-11-01;00:40:58.00;-10.9357;-77.3764;46;4.7
2010-11-03;10:45:19.00;-13.8001;-76.567;48;5.3
2010-11-05;06:45:09.00;-10.9156;-74.2057;200;4.5
2010-11-05;22:28:02.00;-15.8663;-75.4631;40;4.7
2010-11-06;10:28:55.00;-17.04;-72.657;54;4.1
2010-11-06;12:15:48.00;-18.4301;-69.8834;153;5.5
2010-11-06;15:52:00.00;-8.2929;-75.0586;13;4.8
2010-11-07;09:19:18.00;-15.9315;-73.4841;53;4.5
2010-11-07;11:34:02.00;-12.1136;-72.3117;139;4.5
2010-11-08;01:29:38.00;-14.4333;-75.8353;53;4.6
2010-11-08;09:28:08.00;-11.6369;-78.0804;43;4.7
2010-11-09;02:09:56.00;-15.1582;-71.825;141;5
2010-11-09;05:13:17.00;-6.109;-76.2434;32;4.5
2010-11-09;06:10:31.00;-4.3386;-77.1417;152;4.7
2010-11-10;06:25:58.00;-10.8615;-78.6377;55;4.7
2010-11-10;11:33:10.00;-12.4654;-77.3362;56;4.9
2010-11-11;19:16:25.00;-9.7486;-74.681;24;4.5
2010-11-12;08:00:58.00;-7.039;-80.9078;7;4.5
2010-11-12;18:30:03.00;-15.7835;-72.798;28;4.5
2010-11-14;06:57:58.00;-10.2186;-77.1516;41;4.7
2010-11-15;03:35:14.00;-8.4816;-75.5478;56;4.7
2010-11-15;14:18:21.00;-8.4184;-76.1505;42;4.5
2010-11-16;05:57:26.00;-16.4457;-71.907;166;4.6
2010-11-16;09:04:58.00;-15.2357;-72.6276;29;4.6
2010-11-17;19:36:24.00;-16.188;-75.508;56;5.2
2010-11-17;19:38:03.00;-16.0089;-75.0594;16;5.4
2010-11-17;20:30:05.00;-15.9381;-75.4832;32;4.7
2010-11-17;21:07:55.00;-15.8867;-75.322;36;4.8
2010-11-17;22:33:30.00;-15.866;-75.1977;32;4.5
2010-11-17;22:40:44.00;-16.028;-75.2559;25;4.9
2010-11-18;01:31:44.00;-16.1309;-75.4325;22;5.3
2010-11-18;03:28:27.00;-9.718;-78.8652;46;4.7
2010-11-18;10:03:17.00;-4.8948;-81.3067;56;4.7
2010-11-18;17:48:28.00;-15.7027;-72.9384;18;4.7
2010-11-18;20:19:46.00;-14.4479;-72.7857;63;4.6
2010-11-19;01:42:53.00;-18.0072;-69.608;77;4.7
2010-11-19;04:18:48.00;-15.8634;-75.2344;35;4.5
2010-11-19;10:42:56.00;-16.022;-75.2977;30;4.5
2010-11-20;04:14:36.00;-5.7564;-78.558;27;4.5
2010-11-20;05:26:33.00;-6.0135;-77.3539;56;4.6
2010-11-20;09:41:54.00;-16.0309;-75.376;46;4.7
2010-11-20;16:42:27.00;-3.1479;-81.2485;41;4.5
2010-11-21;02:24:35.00;-9.6639;-79.0914;15;4.6
2010-11-21;16:48:55.00;-15.3275;-71.8247;142;4.5
2010-11-22;08:27:23.00;-16.3021;-74.4636;27;4.5
2010-11-22;08:35:14.00;-16.4359;-74.653;26;5.1
2010-11-22;10:24:08.00;-3.9288;-82.1889;59;4.8
2010-11-22;16:59:50.00;-8.2811;-75.5269;20;4.6
2010-11-24;01:10:24.00;-10.9559;-73.95;154;4.8
2010-11-24;06:31:03.00;-8.8733;-75.644;158;4.9
2010-11-24;20:28:33.00;-16.3422;-73.761;31;4.6
2010-11-24;22:08:29.00;-14.8563;-72.0034;8;5.3
2010-11-24;22:50:19.00;-14.8747;-72.1272;11;4.6
2010-11-25;05:53:07.00;-14.9187;-72.0864;19;4.7
2010-11-25;18:16:54.00;-16.1014;-71.6942;10;5.2
2010-11-26;03:27:37.00;-9.6236;-75.3105;204;4.6
2010-11-27;10:13:18.00;-12.1328;-75.8608;109;4.6
2010-11-27;12:59:59.00;-15.0366;-72.3226;145;4.5
2010-11-28;09:48:06.00;-16.3961;-72.5278;112;4.5
2010-11-28;11:46:43.00;-5.9193;-75.3491;135;4.9
2010-11-28;14:49:22.00;-14.9478;-71.9685;8;5.4
2010-11-29;07:55:49.00;-17.4618;-72.6129;50;4.5
2010-11-30;01:36:17.00;-15.9832;-72.7359;110;4.7
2010-11-30;06:45:25.00;-13.5354;-77.0832;31;4.5
2010-11-30;10:34:33.00;-8.9532;-80.083;15;4.6
2010-11-30;11:19:58.00;-10.282;-78.9869;25;4.5
2010-12-01;02:39:32.00;-13.6264;-76.8741;38;4.5
2010-12-02;02:56:12.00;-15.7104;-70.4919;227;4.7
2010-12-04;10:22:42.00;-4.7705;-80.6389;33;4.5
2010-12-05;10:30:28.00;-9.8476;-79.8106;32;4.9
2010-12-05;18:06:30.00;-15.073;-75.6979;38;4.7
2010-12-06;02:07:33.00;-12.0894;-77.4634;37;4.6
2010-12-06;07:36:47.00;-14.5;-74.1591;110;4.6
2010-12-07;04:14:40.00;-16.9305;-71.1276;123;5.2
2010-12-07;14:57:58.00;-14.3784;-72.4499;93;4.5
2010-12-07;21:11:04.00;-8.2898;-77.2196;35;4.5
2010-12-08;00:12:15.00;-16.6993;-73.8019;32;4.5
2010-12-08;14:37:52.00;-8.4739;-74.4691;183;4.8
2010-12-09;04:00:13.00;-7.0533;-77.4594;25;4.5
2010-12-10;10:57:07.00;-5.5099;-76.4976;55;4.5
2010-12-10;15:35:59.00;-15.4376;-72.1726;138;4.6
2010-12-11;08:43:38.00;-17.7811;-72.0705;11;5.2
2010-12-11;23:36:12.00;-6.1061;-76.5711;136;4.5
2010-12-12;00:59:53.00;-6.1853;-76.1872;77;4.6
2010-12-12;01:23:09.00;-6.0529;-76.0891;81;4.5
2010-12-12;06:17:48.00;-4.1868;-79.0372;101;4.6
2010-12-12;16:46:56.00;-9.7542;-80.5138;28;4.7
2010-12-12;19:28:22.00;-4.2441;-80.3159;5;4.5
2010-12-13;13:05:28.00;-2.5012;-77.7324;78;5.2
2010-12-13;15:39:15.00;-5.8542;-75.6918;73;4.5
2010-12-13;21:00:46.00;-4.1119;-76.9147;170;4.7
2010-12-15;16:22:45.00;-10.03;-79.0629;54;4.7
2010-12-15;18:22:23.00;-18.1785;-69.4538;158;4.9
2010-12-16;07:11:59.00;-10.9514;-73.7274;133;5.6
2010-12-16;19:20:15.00;-11.8836;-76.0281;124;4.6
2010-12-17;20:34:25.00;-17.3768;-71.6716;42;5.2
2010-12-17;22:14:15.00;-8.7427;-71.5048;638;5.3
2010-12-18;13:07:53.00;-15.284;-71.553;124;4.3
2010-12-19;05:18:17.00;-9.2645;-74.4442;155;4.8
2010-12-19;07:43:53.00;-15.2495;-72.1741;136;4.9
2010-12-19;08:21:36.00;-11.2725;-74.6131;114;4.5
2010-12-19;16:14:05.00;-11.2041;-79.4663;54;4.9
2010-12-20;12:45:17.00;-6.9323;-76.0822;57;4.5
2010-12-20;15:30:02.00;-14.8567;-72.0903;10;4.8
2010-12-20;20:14:11.00;-7.7807;-74.3171;171;4.5
2010-12-21;07:00:57.00;-5.8755;-76.6018;137;4.5
2010-12-21;08:01:57.00;-10.1035;-79.6335;38;4.8
2010-12-21;20:04:49.00;-15.4188;-70.8271;206;5.2
2010-12-21;21:55:13.00;-13.5815;-76.3367;58;4.5
2010-12-22;12:10:30.00;-17.9858;-73.9075;58;4.7
2010-12-22;14:05:15.00;-15.5416;-71.999;162;4.7
2010-12-22;18:27:29.00;-7.2947;-78.5491;34;4.5
2010-12-23;21:55:15.00;-5.2395;-81.4322;7;4.5
2010-12-25;01:04:48.00;-16.1367;-73.8565;23;4.6
2010-12-25;05:49:23.00;-15.0607;-72.1126;135;4.6
2010-12-26;03:45:12.00;-15.9767;-74.6849;116;4.5
2010-12-26;04:54:36.00;-15.8363;-75.5097;9;4.6
2010-12-26;19:25:24.00;-16.7783;-72.7279;43;4.5
2010-12-27;01:07:16.00;-15.1658;-72.867;127;4.8
2010-12-27;03:01:39.00;-6.1706;-76.3843;115;4.6
2010-12-27;06:42:58.00;-16.1903;-74.2041;25;4.9
2010-12-27;09:18:42.00;-10.2583;-76.6693;65;4.5
2010-12-27;14:28:55.00;-14.1624;-72.9283;139;4.5
2010-12-28;03:33:01.00;-18.4383;-69.8162;108;4.7
2010-12-28;06:03:47.00;-10.9799;-78.4154;51;4.9
2010-12-28;10:00:02.00;-14.4831;-73.7402;55;4.5
2010-12-28;12:52:43.00;-15.2498;-72.3049;56;4.5
2010-12-28;21:03:33.00;-8.1038;-76.5057;31;4.5
2010-12-29;20:35:23.00;-2.76;-81.036;23;4.6
2010-12-30;00:12:41.00;-8.944;-75.2471;161;4.9
2010-12-30;01:08:38.00;-6.032;-77.6266;145;4.5
2010-12-30;07:44:56.00;-3.235;-80.3019;59;4.5
2010-12-30;07:59:44.00;-6.0579;-76.8529;95;4.6
2010-12-30;16:35:36.00;-14.5461;-75.0054;86;4.8
2011-01-01;06:23:40.00;-8.5884;-79.0413;18;4.5
2011-01-01;11:28:58.00;-3.1921;-80.234;45;4.9
2011-01-01;20:27:42.00;-14.7202;-72.3845;115;4.6
2011-01-01;21:13:06.00;-18.6586;-70.0803;59;4.5
2011-01-02;05:05:25.00;-16.8383;-73.8256;42;4.5
2011-01-03;15:17:54.00;-7.8295;-77.4161;51;4.6
2011-01-03;17:37:24.00;-7.4939;-76.4616;98;4.5
2011-01-04;11:46:31.00;-10.7583;-74.8217;13;4.6
2011-01-04;20:02:45.00;-7.5404;-79.3578;40;4.5
2011-01-05;18:25:05.00;-7.2404;-78.7194;13;4.5
2011-01-05;20:29:17.00;-16.8167;-73.9624;29;4.6
2011-01-05;22:03:31.00;-4.3736;-77.3877;97;4.5
2011-01-06;00:14:09.00;-3.1022;-80.4662;56;4.6
2011-01-06;06:35:36.00;-3.0119;-80.6757;63;4.9
2011-01-07;08:31:39.00;-9.2158;-79.3643;56;4.7
2011-01-07;08:47:32.00;-2.8321;-81.1522;60;4.6
2011-01-07;09:05:15.00;-4.011;-80.5562;39;4.5
2011-01-07;17:35:56.00;-6.2696;-76.0142;43;4.6
2011-01-09;01:43:37.00;-15.635;-71.7601;167;4.5
2011-01-09;06:13:33.00;-4.4265;-77.3934;53;4.6
2011-01-09;07:29:48.00;-11.9827;-77.1577;49;4.5
2011-01-09;23:05:38.00;-5.6663;-76.4175;78;4.6
2011-01-10;09:04:37.00;-7.3248;-80.3429;19;4.8
2011-01-10;09:54:41.00;-7.2146;-81.1136;55;4.7
2011-01-10;12:34:47.00;-9.5265;-80.7345;55;4.8
2011-01-11;07:56:54.00;-2.2949;-75.4105;142;4.9
2011-01-12;06:25:03.00;-12.4048;-76.7681;50;4.5
2011-01-12;21:00:10.00;-5.4309;-77.0876;21;4.5
2011-01-13;08:33:51.00;-15.388;-75.2637;41;4.5
2011-01-15;01:50:56.00;-5.6308;-77.8579;35;4.6
2011-01-15;05:12:13.00;-5.4333;-77.3211;121;4.5
2011-01-15;06:05:09.00;-8.555;-74.8162;33;4.5
2011-01-15;08:11:56.00;-15.2414;-72.4071;57;4.6
2011-01-15;08:24:40.00;-6.4515;-75.5211;208;4.7
2011-01-15;08:31:57.00;-7.3922;-76.2617;20;4.6
2011-01-16;03:22:55.00;-10.5311;-78.4045;31;4.9
2011-01-16;04:23:14.00;-13.4672;-74.928;105;4.5
2011-01-16;08:09:22.00;-14.8166;-72.041;117;4.7
2011-01-16;17:28:12.00;-14.4889;-74.0917;110;4.6
2011-01-16;22:56:26.00;-10.5924;-78.3289;63;4.6
2011-01-17;22:43:17.00;-15.6535;-73.9892;33;4.6
2011-01-18;05:47:37.00;-10.2844;-74.2965;57;4.5
2011-01-18;06:42:52.00;-9.9619;-75.8014;102;4.7
2011-01-19;02:01:58.00;-14.5019;-73.5031;114;4.5
2011-01-20;03:57:50.00;-12.4314;-77.0612;46;4.5
2011-01-20;05:45:17.00;-8.7834;-75.1746;110;4.7
2011-01-20;08:20:08.00;-13.4917;-76.5612;83;4.5
2011-01-21;00:31:10.00;-9.9919;-76.6104;117;4.6
2011-01-22;02:06:47.00;-12.2604;-73.2323;16;5.5
2011-01-22;04:19:57.00;-14.7315;-76.2102;43;4.6
2011-01-22;07:00:12.00;-14.9093;-75.9724;34;4.9
2011-01-22;20:19:08.00;-16.1688;-74.3536;28;4.5
2011-01-22;21:31:22.00;-15.4684;-70.6075;259;4.7
2011-01-23;05:46:57.00;-11.9133;-75.71;9;4.5
2011-01-24;03:39:41.00;-5.1555;-78.0921;39;4.5
2011-01-24;05:31:08.00;-2.662;-78.031;10;4.7
2011-01-24;06:13:57.00;-3.0393;-77.8255;51;4.5
2011-01-24;08:20:44.00;-10.8521;-78.0706;70;4.9
2011-01-24;20:08:06.00;-9.9315;-75.0123;47;4.5
2011-01-25;08:15:12.00;-10.3066;-79.2414;56;4.8
2011-01-27;05:38:58.00;-7.2401;-75.0089;75;4.6
2011-01-27;06:52:46.00;-8.1722;-76.8321;107;4.5
2011-01-27;08:40:58.00;-15.1632;-72.813;129;4.6
2011-01-27;17:27:02.00;-9.1167;-77.2101;84;4.6
2011-01-27;19:48:19.00;-10.8387;-78.895;52;4.7
2011-01-28;05:23:13.00;-9.1566;-79.359;52;4.5
2011-01-28;22:15:16.00;-9.6061;-75.4995;142;4.8
2011-01-29;04:10:57.00;-2.7023;-80.4119;56;4.5
2011-01-29;05:45:43.00;-10.3317;-74.8398;58;4.5
2011-01-29;16:04:44.00;-8.383;-79.4507;48;4.5
2011-01-29;17:49:46.00;-8.4845;-79.1737;50;4.6
2011-01-30;00:12:13.00;-6.4746;-77.6698;166;4.5
2011-01-30;14:06:27.00;-7.6519;-75.8091;19;4.6
2011-01-30;19:48:22.00;-6.9446;-79.1513;55;4.5
2011-01-31;00:48:24.00;-5.6574;-77.633;19;4.5
2011-01-31;02:43:21.00;-15.18;-72.8727;112;4.6
2011-01-31;04:07:10.00;-10.0466;-75.3387;168;4.5
2011-01-31;05:24:37.00;-14.2925;-73.9837;115;4.5
2011-01-31;19:25:20.00;-5.5906;-81.1024;17;4.6
2011-01-31;23:26:19.00;-8.6927;-78.8945;57;4.5
2011-02-01;13:26:04.00;-10.8919;-76.5993;126;5.1
2011-02-01;17:33:57.00;-18.0795;-69.3861;14;4.5
2011-02-01;23:51:14.00;-11.0533;-74.8943;14;4.6
2011-02-02;11:34:06.00;-7.0685;-75.5812;169;4.6
2011-02-02;14:19:36.00;-4.9087;-77.4769;171;4.5
2011-02-02;17:18:34.00;-4.6193;-74.8149;67;4.7
2011-02-02;21:31:47.00;-12.2274;-77.4842;27;4.5
2011-02-03;14:36:24.00;-9.6328;-76.231;27;4.6
2011-02-04;00:28:23.00;-6.0123;-77.0691;75;4.5
2011-02-04;07:14:49.00;-11.1911;-78.0321;56;4.8
2011-02-04;14:25:22.00;-9.9107;-78.8886;48;4.9
2011-02-05;19:34:54.00;-16.1203;-75.4649;15;4.6
2011-02-06;00:58:55.00;-13.5304;-77.0083;49;4.5
2011-02-06;21:16:37.00;-3.617;-78.4764;124;4.9
2011-02-07;22:44:53.00;-17.9985;-69.5786;169;4.7
2011-02-08;10:24:15.00;-4.8654;-81.8299;42;4.6
2011-02-08;13:24:16.00;-16.7699;-71.2934;125;4.9
2011-02-08;13:50:30.00;-3.3392;-80.8272;30;4.5
2011-02-08;22:01:11.00;-17.1591;-74.126;51;5.3
2011-02-08;23:50:32.00;-15.959;-72.8302;72;4.6
2011-02-08;23:54:39.00;-16.851;-74.1665;25;4.7
2011-02-09;06:45:43.00;-4.9923;-77.8366;148;4.5
2011-02-09;21:27:51.00;-15.9863;-75.0322;62;4.5
2011-02-09;22:19:29.00;-8.5066;-80.9505;26;4.5
2011-02-09;23:58:23.00;-16.9628;-71.0919;124;4.8
2011-02-10;01:07:58.00;-3.2286;-80.0306;72;4.5
2011-02-10;10:11:02.00;-5.7152;-77.6306;33;4.5
2011-02-10;11:15:38.00;-5.5262;-77.673;42;4.5
2011-02-11;00:21:46.00;-13.5575;-76.2095;50;4.5
2011-02-11;00:30:50.00;-3.8549;-78.099;48;4.6
2011-02-11;02:00:16.00;-3.2878;-77.8603;62;4.5
2011-02-11;06:39:41.00;-15.5521;-70.4;242;4.5
2011-02-12;11:07:20.00;-15.3814;-72.73;200;4.6
2011-02-12;19:11:41.00;-9.3054;-78.8318;57;4.5
2011-02-13;15:26:28.00;-8.9382;-76.4013;6;4.6
2011-02-13;18:36:23.00;-14.4156;-76.2134;35;4.6
2011-02-14;06:51:29.00;-17.7315;-70.7593;98;4.5
2011-02-14;08:28:44.00;-4.8466;-81.3479;30;4.5
2011-02-14;08:58:28.00;-16.5916;-71.3633;138;5
2011-02-14;16:06:45.00;-8.4133;-78.7028;38;4.5
2011-02-15;00:26:34.00;-16.122;-74.6655;37;4.8
2011-02-15;02:20:07.00;-7.7251;-80.7672;18;4.7
2011-02-15;04:16:20.00;-10.6858;-79.4016;32;4.7
2011-02-15;04:30:55.00;-15.1822;-75.7549;23;4.5
2011-02-16;01:01:25.00;-8.9394;-80.5608;57;4.5
2011-02-16;21:07:52.00;-15.8477;-75.1902;56;4.6
2011-02-17;01:31:58.00;-17.3396;-70.1321;214;4.8
2011-02-17;02:25:53.00;-11.6914;-76.5306;114;4.5
2011-02-17;03:15:59.00;-13.2484;-74.8479;106;4.5
2011-02-17;05:31:06.00;-12.2464;-76.5208;104;4.5
2011-02-17;08:08:39.00;-16.0943;-73.7755;27;4.5
2011-02-17;10:31:05.00;-14.796;-73.7176;124;4.9
2011-02-17;10:44:26.00;-12.1017;-72.2466;148;4.6
2011-02-17;11:09:42.00;-17.2504;-71.6184;66;4.7
2011-02-17;13:12:44.00;-12.8961;-74.0298;71;4.5
2011-02-18;02:21:30.00;-16.1311;-72.5113;120;4.5
2011-02-18;13:13:24.00;-12.9842;-75.7665;113;4.5
2011-02-18;17:43:40.00;-8.2812;-79.7083;57;4.5
2011-02-18;19:38:37.00;-15.0864;-71.9154;152;4.6
2011-02-18;21:47:45.00;-10.3618;-78.5856;36;4.8
2011-02-19;07:40:22.00;-11.986;-77.477;51;4.8
2011-02-21;15:54:03.00;-15.6203;-71.8322;130;4.5
2011-02-22;04:44:24.00;-9.4032;-74.7745;179;4.7
2011-02-22;08:30:32.00;-14.0368;-74.3594;83;4.6
2011-02-22;09:30:45.00;-16.5884;-71.67;23;4.5
2011-02-22;14:32:57.00;-16.2763;-73.975;75;4.8
2011-02-22;23:51:47.00;-15.9116;-74.798;40;4.7
2011-02-24;20:10:27.00;-5.0256;-75.3081;18;4.6
2011-02-26;17:02:30.00;-12.1548;-77.5285;38;4.8
2011-02-27;02:45:31.00;-5.3021;-79.0109;100;4.5
2011-02-27;04:42:02.00;-9.8863;-79.5587;55;4.8
2011-02-27;05:58:30.00;-2.8509;-75.8042;75;4.6
2011-02-28;10:12:56.00;-9.7214;-76.6837;121;4.5
2011-02-28;11:05:27.00;-15.5413;-72.2364;56;4.6
2011-03-01;14:00:49.00;-17.0048;-74.5498;43;4.5
2011-03-01;21:21:33.00;-3.6543;-81.3555;56;4.5
2011-03-02;09:52:26.00;-8.8519;-80.2166;92;4.5
2011-03-02;23:12:33.00;-11.634;-76.4459;94;4.5
2011-03-02;23:55:05.00;-5.9591;-80.6355;39;4.5
2011-03-03;04:11:20.00;-5.7041;-80.9912;46;4.5
2011-03-03;08:06:13.00;-10.3301;-78.57;52;4.7
2011-03-03;08:34:05.00;-4.9928;-80.821;18;4.8
2011-03-03;11:51:07.00;-10.9194;-74.7137;144;4.5
2011-03-03;19:45:04.00;-6.563;-75.639;23;4.3
2011-03-05;16:51:15.00;-11.4397;-75.1611;128;4.7
2011-03-06;12:31:57.00;-18.4414;-69.8054;118;6.4
2011-03-07;10:35:33.00;-11.3589;-73.2401;196;4.6
2011-03-08;02:05:53.00;-4.8065;-78.646;42;4.5
2011-03-08;06:49:34.00;-5.0164;-78.495;25;4.5
2011-03-09;19:24:52.00;-7.5375;-76.1852;24;4.5
2011-03-09;20:11:53.00;-11.1106;-78.3846;50;4.7
2011-03-11;02:34:19.00;-15.4583;-70.5796;223;4.5
2011-03-11;17:33:25.00;-4.673;-77.4308;163;4.5
2011-03-13;03:04:43.00;-11.2793;-77.7319;83;4.5
2011-03-13;05:20:15.00;-11.2445;-78.1914;56;4.5
2011-03-13;16:01:44.00;-8.5049;-79.0427;20;4.5
2011-03-14;02:10:48.00;-4.1323;-80.2419;12;4.5
2011-03-15;02:33:46.00;-6.7447;-76.9457;32;4.5
2011-03-15;02:38:46.00;-4.1562;-77.6428;38;4.5
2011-03-15;02:52:52.00;-3.806;-80.4391;23;4.5
2011-03-16;09:35:24.00;-9.0825;-79.4412;56;4.6
2011-03-16;13:47:35.00;-9.7444;-77.8335;18;4.5
2011-03-17;15:46:25.00;-10.7483;-78.9769;38;4.7
2011-03-19;23:52:39.00;-14.4092;-76.6761;12;4.7
2011-03-20;00:04:58.00;-14.3726;-76.6023;12;4.7
2011-03-20;01:08:13.00;-14.3087;-76.4504;30;4.6
2011-03-20;01:13:31.00;-14.3497;-76.5584;20;4.6
2011-03-20;01:55:56.00;-14.2641;-76.4434;28;4.9
2011-03-20;02:14:38.00;-14.3017;-76.4771;22;4.5
2011-03-20;10:29:20.00;-8.0501;-76.2113;60;4.5
2011-03-20;13:34:22.00;-3.9143;-75.7077;174;4.6
2011-03-20;16:31:16.00;-7.9385;-73.7653;210;4.8
2011-03-20;17:23:25.00;-7.3835;-79.9579;43;4.5
2011-03-21;06:11:50.00;-9.9445;-78.8183;75;4.6
2011-03-21;06:48:24.00;-14.5221;-76.7955;15;5.2
2011-03-21;09:50:46.00;-14.362;-76.5204;21;4.5
2011-03-21;13:50:34.00;-14.3913;-76.3439;15;4.7
2011-03-22;07:03:11.00;-13.7347;-77.1445;21;4.5
2011-03-22;07:50:48.00;-8.3294;-74.723;131;4.7
2011-03-22;16:04:07.00;-8.7281;-78.9167;43;4.5
2011-03-23;00:39:01.00;-7.4082;-79.4637;38;4.5
2011-03-23;10:55:08.00;-14.2703;-75.7561;83;5.1
2011-03-25;00:25:43.00;-13.4104;-77.3221;21;4.9
2011-03-25;09:03:39.00;-11.6924;-74.3747;11;4.5
2011-03-26;01:10:38.00;-8.9594;-80.2394;28;4.5
2011-03-26;21:20:56.00;-9.0536;-80.9848;27;4.5
2011-03-26;21:57:48.00;-3.8601;-80.1643;34;4.5
2011-03-27;13:26:37.00;-8.7031;-74.819;146;5.5
2011-03-28;00:58:31.00;-10.8268;-74.0318;152;4.9
2011-03-28;10:58:25.00;-15.4446;-74.383;113;4.6
2011-03-28;17:08:52.00;-3.2569;-80.7998;26;4.8
2011-03-29;09:06:55.00;-5.3815;-80.83;34;4.5
2011-03-29;09:26:51.00;-6.2203;-75.1152;174;4.9
2011-03-29;19:37:04.00;-3.2042;-80.5234;39;4.6
2011-03-29;22:21:25.00;-11.1309;-77.093;79;4.7
2011-03-30;18:38:18.00;-5.2241;-76.2633;36;4.6
2011-03-30;23:56:41.00;-18.3815;-70.0307;129;4.8
2011-03-31;01:42:22.00;-17.7494;-70.1275;192;4.7
2011-03-31;07:50:31.00;-11.9803;-75.5862;15;4.5
2011-04-01;09:48:45.00;-6.5576;-76.5846;28;4.5
2011-04-01;10:23:03.00;-14.9698;-72.6048;123;4.5
2011-04-02;05:24:10.00;-8.9387;-74.6027;175;4.6
2011-04-02;16:42:19.00;-8.7451;-74.7426;149;4.7
2011-04-03;01:07:23.00;-10.0226;-79.21;79;4.8
2011-04-03;05:54:55.00;-14.8425;-72.5088;119;4.5
2011-04-03;08:28:59.00;-6.4873;-76.6979;36;4.5
2011-04-03;09:46:36.00;-5.0247;-78.6135;12;4.5
2011-04-03;19:45:35.00;-7.2718;-76.6331;30;5.2
2011-04-04;13:55:34.00;-16.4765;-73.4852;35;4.5
2011-04-05;03:05:39.00;-8.4268;-78.2853;29;4.5
2011-04-05;04:26:38.00;-8.253;-74.8481;163;4.8
2011-04-05;11:43:19.00;-7.2481;-75.8804;14;4.7
2011-04-06;05:01:14.00;-11.3574;-77.9317;78;4.5
2011-04-06;05:43:01.00;-15.0643;-72.2773;48;4.5
2011-04-06;06:39:40.00;-14.9741;-72.4337;51;4.5
2011-04-06;11:13:12.00;-17.4752;-69.6608;156;4.8
2011-04-06;11:47:47.00;-8.6486;-75.008;153;4.7
2011-04-06;20:21:41.00;-9.3966;-75.5614;24;4.8
2011-04-10;05:08:48.00;-8.5453;-76.8476;78;4.5
2011-04-10;23:28:21.00;-5.2077;-77.5317;155;4.5
2011-04-11;06:03:00.00;-7.064;-74.6612;56;4.6
2011-04-11;12:05:47.00;-7.7248;-73.6683;216;4.7
2011-04-12;07:20:07.00;-5.277;-76.2879;52;4.5
2011-04-12;09:30:06.00;-16.7939;-74.135;55;4.9
2011-04-12;13:31:08.00;-16.5395;-72.042;121;4.8
2011-04-13;06:57:11.00;-13.9352;-75.8991;51;4.5
2011-04-13;07:35:27.00;-15.7648;-72.4445;22;4.7
2011-04-13;20:03:56.00;-10.3144;-78.3371;57;4.6
2011-04-13;23:30:34.00;-7.6838;-81.1746;20;4.5
2011-04-14;07:00:36.00;-11.2615;-75.4434;41;4.5
2011-04-14;11:19:28.00;-8.334;-80.2588;15;4.9
2011-04-15;15:50:25.00;-5.9722;-81.9526;49;4.5
2011-04-15;21:52:29.00;-4.3956;-80.5821;45;4.5
2011-04-16;16:02:26.00;-6.1258;-80.548;19;4.5
2011-04-16;17:01:40.00;-15.9141;-72.8299;46;4.7
2011-04-16;17:23:12.00;-3.8667;-78.3624;161;4.5
2011-04-17;09:57:26.00;-16.6577;-72.9845;76;4.9
2011-04-18;02:41:00.00;-4.9041;-77.5044;180;4.5
2011-04-19;05:11:39.00;-4.7297;-81.093;53;4.5
2011-04-19;09:12:40.00;-9.7784;-80.4654;26;4.6
2011-04-19;22:42:03.00;-12.902;-75.2184;105;4.7
2011-04-19;23:44:54.00;-2.6444;-80.5179;53;4.6
2011-04-20;19:00:35.00;-5.0437;-76.9021;37;4.5
2011-04-21;00:47:33.00;-7.0714;-76.0533;40;4.5
2011-04-21;16:11:09.00;-16.0357;-74.8268;38;4.8
2011-04-22;03:31:24.00;-4.4441;-75.9297;141;4.5
2011-04-22;23:12:21.00;-9.5433;-76.1913;46;4.7
2011-04-24;04:22:23.00;-5.8734;-76.4023;56;4.5
2011-04-24;06:01:22.00;-10.6115;-73.5613;161;4.6
2011-04-24;10:48:25.00;-3.849;-80.1946;36;4.5
2011-04-24;14:51:32.00;-13.5535;-76.2154;48;4.7
2011-04-24;21:29:26.00;-7.7754;-74.1992;167;4.7
2011-04-25;00:25:05.00;-13.73;-76.38;48;4
2011-04-25;04:30:57.00;-12.047;-72.0941;149;5.2
2011-04-25;07:33:10.00;-16.443;-73.6837;44;4.7
2011-04-25;19:59:36.00;-3.6519;-80.4532;30;4.5
2011-04-25;22:22:09.00;-2.6808;-77.9845;155;5.2
2011-04-26;00:44:16.00;-6.1208;-81.2917;38;4.5
2011-04-26;01:57:11.00;-2.6995;-77.2149;68;4.5
2011-04-26;09:37:22.00;-5.942;-75.7413;158;4.5
2011-04-26;16:07:10.00;-14.8224;-72.5449;110;5
2011-04-27;03:54:22.00;-11.8317;-76.4044;110;4.5
2011-04-27;07:26:25.00;-9.2081;-75.0285;156;4.7
2011-04-27;14:38:33.00;-15.5288;-74.8601;65;4.6
2011-04-27;22:19:55.00;-16.4472;-70.2017;154;5
2011-04-28;11:54:56.00;-14.6498;-76.0188;34;4.5
2011-04-28;12:54:28.00;-9.1242;-80.5075;9;4.5
2011-04-28;21:30:58.00;-3.2877;-80.8042;52;4.6
2011-04-29;06:14:33.00;-10.1598;-79.0802;87;4.7
2011-04-30;09:57:39.00;-8.0595;-81.16;56;4.5
2011-04-30;10:16:25.00;-14.2798;-75.706;65;4.5
2011-04-30;15:49:40.00;-6.9219;-77.1001;45;4.9
2011-05-01;02:14:04.00;-8.63;-77.2088;120;4.5
2011-05-01;04:28:49.00;-6.1417;-81.6821;32;4.5
2011-05-01;06:11:57.00;-4.5;-77.6764;136;4.6
2011-05-02;02:45:38.00;-5.6178;-75.5659;25;4.5
2011-05-02;09:54:33.00;-15.1754;-72.7324;104;4.6
2011-05-02;15:30:37.00;-16.1706;-74.6877;31;4.7
2011-05-03;18:04:50.00;-15.9745;-74.6047;32;4.5
2011-05-03;20:11:15.00;-10.2021;-75.2782;50;4.7
2011-05-04;16:59:33.00;-8.9256;-80.6099;33;4.5
2011-05-05;00:27:50.00;-15.9207;-72.8187;77;4.6
2011-05-05;05:27:30.00;-12.9104;-74.0235;161;4.6
2011-05-05;14:26:14.00;-8.3553;-74.289;169;5.1
2011-05-07;10:33:44.00;-15.366;-74.5466;93;5.3
2011-05-07;15:06:56.00;-2.4933;-80.9887;40;4.6
2011-05-07;16:47:12.00;-15.7185;-72.7011;132;4.5
2011-05-07;20:19:17.00;-7.5602;-75.8907;23;4.6
2011-05-08;10:10:26.00;-14.6784;-76.5264;22;4.7
2011-05-08;17:20:44.00;-15.0981;-73.5344;107;4.5
2011-05-12;10:45:15.00;-15.236;-72.061;160;4.5
2011-05-14;09:15:17.00;-7.4767;-80.0213;57;4.5
2011-05-14;17:22:40.00;-13.308;-71.617;35;4.2
2011-05-15;04:45:53.00;-11.4481;-73.4933;173;4.9
2011-05-15;06:33:25.00;-8.5243;-75.0766;156;5.1
2011-05-15;23:22:56.00;-11.5874;-77.7874;45;4.5
2011-05-16;06:21:37.00;-8.3745;-76.2824;127;4.8
2011-05-16;08:08:57.00;-8.2349;-74.4354;170;4.8
2011-05-16;10:03:20.00;-3.5109;-80.9588;41;4.5
2011-05-16;20:02:58.00;-8.1635;-81.4423;58;4.5
2011-05-16;22:44:20.00;-11.0225;-78.4476;57;4.8
2011-05-17;02:09:18.00;-8.9045;-80.0804;33;4.7
2011-05-17;10:07:34.00;-4.3839;-81.4976;17;4.7
2011-05-17;23:50:45.00;-10.8209;-74.1727;189;4.8
2011-05-19;03:43:54.00;-17.5984;-72.6029;23;4.9
2011-05-19;11:39:34.00;-9.6369;-80.8739;50;4.5
2011-05-19;21:04:39.00;-15.7168;-72.0288;146;4.6
2011-05-20;11:58:17.00;-13.5733;-72.5398;102;4.8
2011-05-21;01:34:28.00;-3.9154;-81.1245;47;4.9
2011-05-21;18:24:30.00;-9.0112;-79.1918;57;4.5
2011-05-21;21:04:55.00;-10.7125;-78.4163;58;4.8
2011-05-22;05:40:43.00;-8.2182;-74.2103;177;4.8
2011-05-22;08:38:56.00;-9.4612;-74.7275;161;4.7
2011-05-22;18:25:22.00;-16.165;-71.7493;134;4.5
2011-05-24;02:57:48.00;-10.0012;-79.395;51;4.6
2011-05-24;06:42:32.00;-14.299;-76.8742;13;4.9
2011-05-24;14:21:15.00;-8.9134;-76.7218;55;4.7
2011-05-24;17:45:34.00;-5.2142;-78.4996;18;4.5
2011-05-25;00:50:47.00;-4.5597;-81.0442;16;4.5
2011-05-25;01:33:59.00;-6.6482;-75.9313;34;4.8
2011-05-25;03:57:02.00;-11.461;-78.1527;26;4.8
2011-05-26;20:41:41.00;-9.5334;-80.2283;34;4.6
2011-05-27;07:37:03.00;-7.2218;-76.3416;149;4.6
2011-05-27;10:22:15.00;-14.7536;-75.4923;70;4.6
2011-05-27;22:07:51.00;-14.3952;-76.3562;35;4.8
2011-05-28;19:37:02.00;-2.369;-81.632;25;4.5
2011-05-29;18:00:24.00;-14.6261;-76.4583;15;5
2011-05-30;07:35:51.00;-15.6486;-72.1803;137;4.5
2011-06-01;14:16:52.00;-4.1088;-81.8567;6;4.5
2011-06-02;03:28:01.00;-5.6116;-75.4351;12;4.7
2011-06-02;06:19:42.00;-17.8837;-69.5494;159;4.8
2011-06-02;07:09:48.00;-18.0795;-69.7771;130;4.5
2011-06-02;20:51:56.00;-8.4426;-74.9008;153;4.8
2011-06-03;14:51:36.00;-15.9491;-74.0123;85;4.7
2011-06-04;03:29:34.00;-8.25;-74.011;179;4.9
2011-06-04;13:37:42.00;-7.7381;-74.6272;50;5.5
2011-06-05;07:51:21.00;-10.2891;-75.4935;128;4.5
2011-06-05;21:58:25.00;-8.7255;-74.5702;59;4.6
2011-06-07;02:35:58.00;-5.5591;-77.648;57;4.5
2011-06-08;03:06:22.00;-17.3757;-69.78;130;6.1
2011-06-08;09:01:21.00;-13.0696;-78.012;43;4.5
2011-06-08;10:53:03.00;-16.5422;-69.928;208;4.9
2011-06-09;01:04:44.00;-14.9883;-72.1359;39;4.5
2011-06-09;15:58:36.00;-15.1693;-73.4445;112;4.5
2011-06-11;21:34:00.00;-18.3458;-71.4246;35;4.6
2011-06-11;22:01:36.00;-7.0739;-80.9509;29;4.5
2011-06-11;22:16:00.00;-8.8573;-75.9897;24;4.6
2011-06-11;22:18:25.00;-6.9765;-80.7325;23;4.5
2011-06-12;20:32:22.00;-8.5332;-75.0273;159;5.1
2011-06-13;03:25:02.00;-8.0916;-75.595;104;4.6
2011-06-13;06:03:37.00;-4.769;-76.8788;147;4.5
2011-06-13;23:47:27.00;-10.1972;-78.9917;54;4.9
2011-06-14;08:38:08.00;-10.2273;-70.9016;602;5.2
2011-06-14;16:25:05.00;-9.8121;-74.5856;152;4.9
2011-06-15;04:31:57.00;-12.5737;-76.9326;57;4.6
2011-06-15;14:16:50.00;-15.1247;-72.3015;138;4.9
2011-06-15;15:08:51.00;-14.4556;-76.3535;21;4.5
2011-06-15;21:53:57.00;-16.65;-74.8703;48;4.7
2011-06-16;18:13:32.00;-9.5079;-78.4424;56;4.5
2011-06-17;10:46:47.00;-6.2527;-74.8695;201;4.6
2011-06-17;20:43:06.00;-18.5639;-70.0307;158;4.8
2011-06-18;00:50:22.00;-15.3043;-74.2993;38;4.7
2011-06-18;01:16:07.00;-15.3902;-74.33;46;4.7
2011-06-18;01:16:08.00;-15.4242;-74.394;49;4.7
2011-06-18;05:38:26.00;-17.871;-70.5259;111;5.3
2011-06-18;06:31:09.00;-12.518;-75.2595;115;4.6
2011-06-18;12:08:19.00;-6.1755;-76.9047;165;4.5
2011-06-18;13:55:15.00;-8.0267;-79.9615;33;4.5
2011-06-18;14:25:06.00;-15.7031;-75.3055;28;4.5
2011-06-18;22:11:19.00;-5.9884;-80.9187;26;5
2011-06-19;00:20:05.00;-6.0235;-81.115;24;5.2
2011-06-19;03:55:46.00;-8.9078;-80.6853;54;4.8
2011-06-19;09:08:46.00;-6.3659;-81.2409;27;4.5
2011-06-19;14:09:30.00;-6.6236;-75.3913;84;4.7
2011-06-20;08:30:48.00;-8.4599;-74.9404;161;4.5
2011-06-20;15:47:25.00;-5.1324;-80.3551;40;4.7
2011-06-22;01:54:21.00;-14.5456;-76.1655;41;4.5
2011-06-22;07:52:11.00;-11.7241;-73.2513;108;4.5
2011-06-24;16:09:17.00;-8.8548;-75.9807;133;4.6
2011-06-25;11:53:02.00;-13.666;-76.8798;46;4.5
2011-06-25;16:09:53.00;-17.5104;-69.7385;140;4.7
2011-06-26;00:08:24.00;-16.7639;-69.4617;199;5
2011-06-26;03:13:19.00;-8.5364;-80.5542;59;4.5
2011-06-26;07:44:24.00;-11.9427;-72.4585;135;4.9
2011-06-26;11:45:50.00;-12.5414;-76.8672;49;4.5
2011-06-26;17:11:06.00;-14.2915;-73.3594;133;4.5
2011-06-26;21:58:20.00;-16.551;-73.6542;22;4.5
2011-06-27;05:02:18.00;-5.9515;-81.005;21;4.5
2011-06-27;05:30:49.00;-4.2754;-75.1236;209;4.6
2011-06-27;10:49:00.00;-5.3712;-80.9177;29;4.5
2011-06-27;21:05:23.00;-6.6122;-80.9335;7;5.1
2011-06-28;03:12:36.00;-5.9216;-75.2703;31;4.6
2011-06-28;15:01:10.00;-9.3721;-79.2482;57;4.8
2011-06-29;06:20:23.00;-16.687;-71.993;32;4.8
2011-06-29;10:41:29.00;-6.2882;-76.9847;26;5.1
2011-06-30;05:10:27.00;-3.4116;-81.1408;48;4.5
2011-06-30;08:10:24.00;-4.903;-80.0244;64;4.6
2011-06-30;13:59:05.00;-13.4801;-76.3162;84;4.6
2011-07-02;00:03:34.00;-14.6494;-76.1832;43;5.2
2011-07-02;19:36:42.00;-6.6436;-76.974;77;4.5
2011-07-03;01:10:52.00;-9.7435;-80.2624;47;4.9
2011-07-04;02:12:53.00;-10.0187;-79.2444;51;4.5
2011-07-04;09:09:31.00;-15.4155;-72.1096;165;4.6
2011-07-04;15:00:25.00;-13.7634;-74.9229;87;4.6
2011-07-04;17:50:20.00;-17.4601;-73.2366;58;4.5
2011-07-05;05:33:33.00;-9.6022;-74.8846;197;4.8
2011-07-05;13:56:35.00;-7.5464;-76.3566;159;4.9
2011-07-05;17:00:49.00;-15.4496;-73.6495;102;4.5
2011-07-06;18:54:32.00;-4.4469;-76.8701;192;4.5
2011-07-07;23:40:29.00;-17.421;-70.516;139;4
2011-07-08;00:39:15.00;-15.9591;-71.8883;142;4.5
2011-07-08;03:05:24.00;-12.1855;-78.4969;26;4.5
2011-07-08;03:54:45.00;-11.6147;-76.6758;103;4.7
2011-07-08;08:07:26.00;-4.5375;-80.2641;39;4.8
2011-07-09;06:13:00.00;-8.6592;-75.9481;82;4.7
2011-07-09;08:51:14.00;-15.3295;-72.0735;149;4.8
2011-07-10;03:17:09.00;-9.3828;-75.951;172;4.9
2011-07-10;11:49:06.00;-15.4754;-72.791;57;4.9
2011-07-11;00:20:24.00;-3.9772;-77.0505;60;4.6
2011-07-11;02:41:57.00;-3.5152;-80.1076;76;4.5
2011-07-11;11:37:40.00;-8.604;-75.2825;143;4.8
2011-07-11;16:33:57.00;-17.9212;-69.5264;162;4.9
2011-07-13;08:23:30.00;-15.7586;-71.9912;138;4.9
2011-07-13;10:07:51.00;-12.4491;-77.002;52;4.8
2011-07-13;17:54:56.00;-4.2735;-81.6533;9;4.5
2011-07-14;03:16:08.00;-15.3843;-72.1216;115;4.6
2011-07-14;04:17:44.00;-16.4166;-72.3243;125;4.5
2011-07-14;10:02:17.00;-6.4139;-76.1289;155;4.6
2011-07-14;18:34:38.00;-16.0545;-69.8096;288;4.8
2011-07-14;22:53:53.00;-15.8716;-69.3312;260;4.9
2011-07-14;23:27:58.00;-3.3257;-77.6414;54;4.6
2011-07-16;08:52:55.00;-6.5168;-80.7674;16;4.5
2011-07-16;09:05:05.00;-6.5218;-80.8663;14;4.5
2011-07-18;00:23:27.00;-9.2773;-76.2066;158;4.9
2011-07-18;07:51:02.00;-16.3623;-74.1075;82;4.7
2011-07-18;17:43:57.00;-7.2275;-75.8491;108;4.7
2011-07-19;22:50:35.00;-11.3606;-77.7828;55;4.5
2011-07-21;09:27:38.00;-9.6618;-75.6808;140;4.5
2011-07-21;22:16:46.00;-8.0903;-74.5409;160;5
2011-07-22;12:40:41.00;-6.3466;-76.6701;22;4.5
2011-07-22;23:54:32.00;-9.5846;-79.4506;50;4.8
2011-07-23;16:39:12.00;-16.0629;-75.156;35;4.7
2011-07-24;02:03:13.00;-14.5198;-73.7461;113;4.5
2011-07-24;15:49:07.00;-14.8281;-74.6128;82;5.1
2011-07-25;18:25:10.00;-5.2505;-76.6262;127;5.4
2011-07-25;20:28:58.00;-7.7819;-75.5079;108;4.9
2011-07-26;20:58:25.00;-2.914;-76.8032;186;5.6
2011-07-27;08:36:01.00;-14.6138;-72.9582;56;4.5
2011-07-27;21:25:29.00;-8.5186;-80.1549;55;4.7
2011-07-28;05:07:16.00;-16.9023;-69.5944;179;4.9
2011-07-28;14:27:31.00;-9.2088;-78.9658;57;4.5
2011-07-28;18:12:51.00;-8.9493;-74.7552;152;4.8
2011-07-30;14:02:19.00;-12.8162;-77.3388;23;4.6
2011-07-31;00:42:12.00;-13.2557;-76.7721;42;4.9
2011-07-31;14:40:06.00;-13.2969;-76.6823;57;4.6
2011-07-31;18:48:39.00;-5.2096;-81.8552;47;4.5
2011-07-31;20:55:25.00;-5.4302;-78.9209;48;4.5
2011-07-31;23:41:56.00;-8.9681;-78.974;59;4.5
2011-08-01;14:30:10.00;-11.766;-77.4596;63;4.5
2011-08-01;16:32:15.00;-2.6056;-80.6694;56;4.5
2011-08-01;19:51:32.00;-3.9069;-78.2336;266;4.5
2011-08-02;06:24:17.00;-9.5004;-79.4466;56;4.5
2011-08-02;18:03:05.00;-17.2517;-69.1163;37;4.7
2011-08-04;05:34:55.00;-7.661;-74.3953;170;5.1
2011-08-04;20:23:05.00;-10.021;-75.9384;20;4.7
2011-08-05;05:59:47.00;-14.4109;-75.5283;80;4.5
2011-08-05;08:35:11.00;-7.4488;-74.2361;173;5
2011-08-05;08:48:46.00;-15.044;-73.4737;100;4.5
2011-08-05;09:04:01.00;-7.2173;-79.7045;32;4.5
2011-08-05;12:00:31.00;-16.0258;-73.6164;42;4.5
2011-08-05;17:44:13.00;-10.2283;-78.9047;59;4.7
2011-08-05;20:18:33.00;-6.6188;-77.3382;43;4.5
2011-08-07;00:55:24.00;-4.4141;-80.5388;19;4.5
2011-08-07;06:45:10.00;-14.0106;-76.1668;49;4.5
2011-08-07;11:04:27.00;-11.7209;-76.6964;101;4.5
2011-08-07;17:20:29.00;-5.9491;-77.0257;135;4.5
2011-08-07;19:21:10.00;-16.9523;-72.411;25;4.5
2011-08-08;05:41:08.00;-9.9611;-78.7568;43;5
2011-08-09;23:57:56.00;-8.9712;-79.6398;30;4.6
2011-08-10;15:57:36.00;-9.943;-79.1866;55;4.6
2011-08-11;02:15:24.00;-16.9598;-71.3283;37;4.7
2011-08-12;09:11:59.00;-15.8435;-72.1404;15;5.1
2011-08-14;04:46:46.00;-15.478;-71.1825;184;4.8
2011-08-14;11:41:17.00;-9.7618;-76.8732;153;4.7
2011-08-17;08:47:15.00;-14.8593;-76.1337;44;4.8
2011-08-17;17:10:27.00;-3.8093;-77.8967;75;4.5
2011-08-17;20:57:29.00;-14.1251;-75.8624;58;4.9
2011-08-18;03:23:49.00;-13.6919;-76.1611;79;4.5
2011-08-19;03:44:56.00;-15.7114;-74.1762;95;4.6
2011-08-19;18:38:29.00;-4.5423;-81.0727;41;4.5
2011-08-21;07:37:37.00;-10.2257;-78.8122;53;4.9
2011-08-21;09:06:24.00;-8.6016;-79.8968;59;4.5
2011-08-21;13:13:56.00;-4.9474;-76.7548;61;4.5
2011-08-22;08:05:38.00;-3.808;-76.2204;52;4.5
2011-08-23;00:46:56.00;-17.891;-71.919;24;4.3
2011-08-23;10:47:21.00;-16.1457;-74.2901;34;4.7
2011-08-24;02:18:41.00;-15.7679;-71.998;142;4.6
2011-08-24;12:37:17.00;-15.8643;-73.5992;113;4.6
2011-08-24;17:46:12.00;-7.5674;-74.7593;148;7
2011-08-24;18:16:51.00;-7.6702;-74.6148;164;5.6
2011-08-24;18:28:24.00;-7.9781;-74.7017;170;5
2011-08-24;18:33:04.00;-7.4348;-74.5395;164;4.6
2011-08-24;19:40:16.00;-7.5665;-74.0967;156;4.5
2011-08-24;20:05:17.00;-7.5749;-74.2099;151;4.6
2011-08-24;22:46:06.00;-7.7324;-74.4956;169;4.6
2011-08-25;01:38:44.00;-7.4386;-74.268;155;4.5
2011-08-25;02:48:05.00;-7.8189;-74.7762;165;4.5
2011-08-25;04:33:13.00;-7.7373;-74.5163;161;4.6
2011-08-25;05:04:03.00;-18.0671;-69.3717;147;5
2011-08-25;05:11:34.00;-4.6379;-80.7969;37;4.5
2011-08-25;07:02:19.00;-7.5283;-74.7126;147;4.8
2011-08-25;09:56:12.00;-8.7794;-78.8946;61;4.8
2011-08-25;15:49:49.00;-7.4242;-74.3484;165;4.7
2011-08-25;20:19:11.00;-5.2398;-76.9529;92;4.5
2011-08-25;22:54:48.00;-7.0571;-74.1616;76;4.6
2011-08-26;02:21:02.00;-7.7742;-74.474;169;4.7
2011-08-26;08:27:25.00;-4.2848;-80.7167;29;4.5
2011-08-26;10:40:57.00;-15.6728;-73.9902;76;4.8
2011-08-26;16:02:38.00;-8.0911;-74.1898;175;4.8
2011-08-26;18:46:43.00;-8.6378;-76.4178;15;4.6
2011-08-26;23:02:42.00;-9.5828;-75.815;40;4.6
2011-08-28;08:40:53.00;-11.718;-73.2554;31;5.1
2011-08-29;04:55:50.00;-7.1831;-74.275;163;4.5
2011-08-29;05:23:17.00;-5.1502;-78.8796;45;4.5
2011-08-29;16:37:04.00;-8.3774;-74.2149;177;4.9
2011-08-29;17:38:28.00;-8.5895;-74.714;148;4.6
2011-08-29;20:04:32.00;-15.6026;-71.495;160;4.5
2011-08-30;06:08:57.00;-3.8971;-80.9106;50;4.5
2011-08-30;15:34:43.00;-7.815;-74.7923;149;4.8
2011-08-30;18:34:13.00;-11.3446;-76.6013;116;4.5
2011-08-31;00:53:20.00;-18.0213;-69.6396;127;4.9
2011-08-31;01:36:19.00;-16.4028;-73.8671;64;4.9
2011-08-31;02:08:12.00;-9.6782;-75.7565;56;4.7
2011-08-31;16:33:53.00;-15.824;-71.9224;128;4.9
2011-08-31;23:40:20.00;-7.8069;-74.5215;172;4.6
2011-09-01;02:54:18.00;-8.4984;-79.007;29;4.5
2011-09-01;03:32:04.00;-9.8468;-80.0959;58;4.7
2011-09-01;05:55:13.00;-5.4878;-77.0682;188;4.5
2011-09-01;14:45:15.00;-10.8486;-73.9855;169;4.9
2011-09-02;03:05:55.00;-7.7534;-74.9485;159;4.8
2011-09-02;03:46:06.00;-3.5196;-79.7968;90;5.5
2011-09-02;04:21:36.00;-3.8491;-79.8568;152;4.5
2011-09-02;10:02:27.00;-15.1048;-73.5745;112;4.6
2011-09-03;08:20:56.00;-15.2255;-68.6681;117;4.5
2011-09-04;01:00:58.00;-16.3264;-73.1558;9;4.5
2011-09-04;12:32:19.00;-13.8575;-76.1933;78;4.7
2011-09-04;16:16:41.00;-14.3625;-76.3544;14;4.7
2011-09-04;17:56:40.00;-12.305;-75.5279;108;4.5
2011-09-04;20:12:18.00;-6.2696;-76.4957;22;4.5
2011-09-05;02:46:40.00;-10.6906;-78.2089;48;4.8
2011-09-05;07:31:42.00;-6.6883;-75.2251;60;4.5
2011-09-05;09:09:24.00;-16.081;-71.6618;135;4.5
2011-09-05;21:20:28.00;-9.8506;-78.8022;57;4.7
2011-09-05;22:11:08.00;-7.2887;-78.5263;33;4.5
2011-09-06;00:09:23.00;-4.0809;-77.2494;183;4.6
2011-09-07;02:08:27.00;-17.7729;-71.7934;28;4.5
2011-09-07;22:44:51.00;-10.768;-74.3902;143;4.7
2011-09-07;22:51:53.00;-10.8394;-74.3808;73;4.6
2011-09-08;02:48:35.00;-4.4661;-80.5534;109;4.5
2011-09-08;04:01:43.00;-8.8604;-76.6401;158;4.6
2011-09-08;04:09:52.00;-8.7765;-77.3603;150;4.6
2011-09-08;04:36:01.00;-8.5956;-76.2965;103;4.7
2011-09-08;05:26:16.00;-14.9756;-72.8304;49;4.7
2011-09-08;05:56:33.00;-16.9485;-69.7373;196;4.8
2011-09-08;17:04:09.00;-7.0401;-80.1696;17;4.5
2011-09-09;07:14:04.00;-7.1381;-74.2838;126;4.7
2011-09-10;01:44:10.00;-8.2135;-74.2372;185;4.6
2011-09-10;03:46:46.00;-14.8565;-73.0514;116;4.5
2011-09-10;09:57:56.00;-4.1134;-81.545;36;4.7
2011-09-11;12:40:48.00;-13.2524;-77.1913;46;5.1
2011-09-11;13:47:55.00;-7.4411;-74.4595;46;4.7
2011-09-11;21:57:14.00;-15.4405;-75.6814;45;4.7
2011-09-12;04:32:28.00;-14.0607;-76.3638;42;5.1
2011-09-12;07:10:27.00;-9.4717;-80.2937;43;4.8
2011-09-12;07:38:03.00;-7.4359;-75.6141;149;4.5
2011-09-13;05:45:20.00;-15.5988;-75.2986;33;4.5
2011-09-14;03:00:00.00;-17.6056;-72.3564;55;4.7
2011-09-14;04:37:28.00;-6.457;-76.649;72;4.5
2011-09-14;14:52:46.00;-17.585;-69.8279;150;4.9
2011-09-14;17:04:39.00;-3.8579;-81.0641;33;4.5
2011-09-14;17:06:05.00;-3.5408;-80.8539;51;4.8
2011-09-14;22:35:02.00;-3.386;-80.8425;54;4.5
2011-09-16;00:42:29.00;-15.4033;-72.0698;158;4.9
2011-09-16;01:25:34.00;-3.3468;-77.2838;105;4.5
2011-09-16;02:38:35.00;-3.5503;-80.894;49;4.5
2011-09-16;04:09:18.00;-10.0998;-78.9755;53;4.6
2011-09-16;10:27:28.00;-8.6388;-81.3286;51;4.5
2011-09-16;21:50:05.00;-11.5887;-77.8893;46;4.9
2011-09-17;16:09:17.00;-7.7199;-74.6591;161;4.9
2011-09-18;02:09:53.00;-11.3658;-74.4099;127;4.5
2011-09-18;03:35:52.00;-6.7456;-76.0376;56;4.5
2011-09-18;11:54:10.00;-7.4688;-76.655;165;4.7
2011-09-18;15:51:17.00;-9.8691;-75.9717;43;4.9
2011-09-19;00:32:16.00;-9.088;-75.2816;195;4.6
2011-09-19;01:27:06.00;-5.7005;-79.4493;102;4.5
2011-09-21;08:11:37.00;-14.1554;-76.2674;62;4.7
2011-09-21;22:28:47.00;-14.481;-76.2908;38;4.5
2011-09-21;22:32:54.00;-14.4421;-76.3156;43;4.5
2011-09-22;11:43:10.00;-4.5422;-78.0419;56;4.7
2011-09-23;01:55:29.00;-16.6799;-69.5462;238;5.1
2011-09-23;02:21:30.00;-4.5926;-78.1544;30;4.5
2011-09-23;03:29:29.00;-16.0513;-74.5943;59;4.7
2011-09-23;04:09:25.00;-4.7579;-77.3188;119;4.5
2011-09-23;05:21:40.00;-17.2311;-70.8429;111;4.9
2011-09-23;06:03:15.00;-4.4479;-78.9267;198;4.5
2011-09-23;10:15:10.00;-12.1162;-76.0678;110;5
2011-09-24;00:35:26.00;-8.4223;-74.4986;177;4.7
2011-09-25;00:13:04.00;-16.183;-71.958;122;4.2
2011-09-25;00:35:08.00;-5.769;-81.536;33;5.3
2011-09-25;11:19:15.00;-5.4239;-77.9396;75;4.5
2011-09-25;13:15:27.00;-7.963;-74.8575;166;4.7
2011-09-25;19:59:15.00;-15.5836;-75.0492;38;5.2
2011-09-25;22:15:42.00;-14.5973;-75.3318;53;4.5
2011-09-26;08:36:19.00;-9.001;-79.3258;67;4.5
2011-09-26;09:00:19.00;-8.4844;-74.3521;98;4.9
2011-09-26;11:55:16.00;-12.8171;-76.7961;52;4.5
2011-09-26;17:20:04.00;-5.0615;-76.162;193;4.5
2011-09-26;18:15:17.00;-6.2227;-76.143;130;4.7
2011-09-27;03:08:51.00;-15.7953;-75.3516;28;4.5
2011-09-27;06:42:21.00;-15.7973;-75.4303;25;4.5
2011-09-27;16:17:01.00;-9.526;-75.3076;122;4.9
2011-09-28;07:41:02.00;-7.919;-74.5765;173;4.7
2011-09-28;18:39:37.00;-3.6361;-77.3257;39;4.5
2011-09-29;02:09:52.00;-5.1707;-76.6964;34;4.5
2011-09-29;23:09:14.00;-6.9013;-81.3728;50;4.5
2011-09-30;15:16:21.00;-9.0174;-80.4661;57;4.5
2011-10-01;00:17:47.00;-10.5241;-80.0684;46;4.8
2011-10-01;01:20:04.00;-7.7095;-76.1711;188;4.5
2011-10-01;08:08:40.00;-5.0445;-77.2377;38;4.5
2011-10-02;03:52:28.00;-5.192;-76.448;159;4.5
2011-10-02;06:41:20.00;-5.4379;-80.9905;27;4.5
2011-10-02;12:55:03.00;-3.8524;-76.9278;176;4.5
2011-10-02;16:33:12.00;-12.5456;-76.8217;71;4.5
2011-10-02;16:49:46.00;-5.7341;-80.1977;52;4.5
2011-10-02;18:02:33.00;-2.6129;-81.5659;49;4.5
2011-10-02;20:14:06.00;-8.0196;-79.79;14;4.5
2011-10-03;02:12:51.00;-5.8926;-79.0581;46;4.5
2011-10-03;04:18:27.00;-3.0006;-80.2862;56;4.5
2011-10-03;10:37:13.00;-5.4983;-76.8742;44;4.5
2011-10-04;01:03:42.00;-7.4601;-76.032;34;4.5
2011-10-04;03:54:54.00;-3.0219;-80.5126;52;4.5
2011-10-04;07:44:46.00;-3.3704;-80.6666;50;4.5
2011-10-05;04:13:15.00;-8.2085;-79.7756;56;4.5
2011-10-05;04:39:49.00;-3.6665;-77.7647;248;4.5
2011-10-05;04:52:49.00;-8.6147;-79.7813;58;4.6
2011-10-05;05:21:33.00;-9.7778;-79.4952;55;4.5
2011-10-05;09:16:07.00;-14.6204;-76.201;33;4.9
2011-10-05;10:03:28.00;-14.6602;-76.2265;39;4.6
2011-10-05;12:04:32.00;-17.1788;-71.1489;80;4.9
2011-10-05;14:06:14.00;-14.6741;-76.2656;23;4.6
2011-10-05;15:33:30.00;-4.0404;-80.218;61;4.7
2011-10-06;02:02:28.00;-8.261;-74.6432;164;4.5
2011-10-06;02:29:49.00;-7.5693;-76.6395;18;4.5
2011-10-06;02:44:20.00;-9.8367;-78.7421;41;4.9
2011-10-06;05:20:45.00;-9.0289;-79.6856;53;4.6
2011-10-06;14:30:21.00;-3.4997;-77.5612;77;4.6
2011-10-06;14:57:04.00;-11.9414;-73.2841;49;4.7
2011-10-06;17:15:58.00;-3.4191;-77.5289;115;4.5
2011-10-06;20:35:52.00;-8.9951;-77.1756;21;4.6
2011-10-06;21:21:53.00;-6.8564;-78.6615;33;4.5
2011-10-07;11:35:05.00;-8.5671;-76.023;19;4.6
2011-10-07;16:13:14.00;-5.446;-77.2748;55;4.5
2011-10-07;19:51:45.00;-16.4093;-72.7605;106;4.5
2011-10-07;20:05:00.00;-5.2016;-77.299;67;4.5
2011-10-07;20:38:11.00;-7.3096;-78.5807;22;4.5
2011-10-07;21:46:47.00;-4.215;-77.4147;253;4.5
2011-10-08;07:07:58.00;-11.7374;-77.8253;29;4.6
2011-10-08;12:29:27.00;-15.7033;-70.8807;195;5
2011-10-08;17:38:36.00;-9.3075;-79.1735;62;4.5
2011-10-08;18:28:04.00;-7.5161;-74.3517;142;4.8
2011-10-08;23:20:44.00;-10.2002;-79.0009;79;4.7
2011-10-09;03:23:06.00;-4.0706;-81.1164;45;4.5
2011-10-09;08:17:01.00;-6.5229;-75.8539;157;4.8
2011-10-09;11:33:00.00;-18.3017;-69.9283;88;4.6
2011-10-10;02:59:03.00;-8.7804;-75.1482;160;4.8
2011-10-10;18:46:11.00;-6.8206;-78.9824;8;4.5
2011-10-11;11:36:54.00;-11.644;-74.3755;51;5.3
2011-10-11;14:27:42.00;-8.8821;-75.9417;38;4.7
2011-10-11;21:55:40.00;-3.8948;-77.6774;122;4.6
2011-10-11;23:25:59.00;-15.3285;-74.6135;53;5
2011-10-12;03:25:35.00;-5.2032;-77.9606;174;4.5
2011-10-12;06:12:23.00;-14.2117;-75.1306;98;4.7
2011-10-12;12:13:09.00;-16.3665;-73.1428;56;4.7
2011-10-12;12:49:02.00;-4.1856;-80.6165;37;4.5
2011-10-12;15:00:58.00;-4.9743;-77.9084;206;4.5
2011-10-13;04:47:35.00;-7.7895;-74.7929;183;4.9
2011-10-13;15:06:09.00;-6.2943;-75.3424;222;5.8
2011-10-13;18:58:06.00;-5.0122;-77.883;136;4.5
2011-10-13;19:43:51.00;-7.8994;-76.2319;53;4.6
2011-10-14;21:08:56.00;-4.5538;-78.0944;82;4.8
2011-10-15;03:17:55.00;-16.0781;-73.3938;128;5.1
2011-10-15;06:49:15.00;-4.8953;-78.0479;27;4.5
2011-10-15;08:19:09.00;-4.0914;-80.4409;59;4.5
2011-10-16;01:11:02.00;-5.7427;-80.9205;19;4.5
2011-10-16;02:42:24.00;-4.4448;-78.5328;224;4.5
2011-10-16;05:14:12.00;-5.8968;-77.9388;20;4.5
2011-10-16;06:47:53.00;-3.0499;-76.3577;202;4.8
2011-10-16;07:25:28.00;-14.2993;-72.9428;124;4.5
2011-10-17;10:12:18.00;-15.8321;-72.9125;112;4.6
2011-10-17;12:04:49.00;-10.4927;-77.5171;28;4.5
2011-10-17;15:22:40.00;-5.5044;-77.3533;22;5.1
2011-10-17;15:40:05.00;-5.4541;-77.2688;56;4.5
2011-10-17;16:15:21.00;-5.5208;-77.2634;56;4.5
2011-10-18;01:11:12.00;-9.4759;-75.9213;28;4.6
2011-10-18;03:15:16.00;-5.5168;-77.3465;52;4.8
2011-10-18;05:11:41.00;-2.923;-80.2171;32;4.6
2011-10-18;06:18:18.00;-4.9529;-80.3714;32;4.5
2011-10-18;10:41:20.00;-5.5416;-77.4248;17;4.5
2011-10-18;12:23:10.00;-3.5023;-80.187;86;4.5
2011-10-19;09:21:43.00;-6.0879;-75.3674;69;4.5
2011-10-19;10:28:11.00;-12.0367;-72.5545;55;4.5
2011-10-19;22:59:37.00;-16.0955;-70.0444;262;4.9
2011-10-19;23:49:51.00;-5.8683;-81.204;9;4.6
2011-10-20;00:11:17.00;-5.8298;-81.212;28;4.5
2011-10-20;02:49:19.00;-5.9833;-81.2095;14;4.5
2011-10-20;04:09:02.00;-5.0539;-79.841;94;4.5
2011-10-20;07:49:48.00;-3.7424;-78.1774;229;4.5
2011-10-20;09:39:53.00;-8.7874;-80.3419;19;4.5
2011-10-20;12:58:23.00;-5.5375;-77.3421;118;4.5
2011-10-20;14:24:59.00;-7.1139;-74.6474;131;4.6
2011-10-20;14:56:41.00;-13.6487;-75.6483;75;4.6
2011-10-20;15:37:36.00;-7.4629;-74.4121;170;4.7
2011-10-20;18:55:58.00;-13.5884;-76.2511;52;4.5
2011-10-20;19:02:04.00;-9.3334;-75.9228;23;4.8
2011-10-21;05:28:52.00;-6.0935;-76.3891;156;4.5
2011-10-21;18:33:55.00;-15.7137;-70.4212;247;4.6
2011-10-22;00:11:12.00;-8.8597;-76.1173;105;4.5
2011-10-22;06:17:42.00;-5.4827;-77.3182;239;4.5
2011-10-22;10:07:42.00;-18.2797;-69.9499;140;5.3
2011-10-22;16:24:34.00;-4.4983;-78.2941;25;4.5
2011-10-23;01:58:00.00;-16.2204;-75.2029;42;4.7
2011-10-23;05:59:30.00;-15.8636;-74.0606;110;4.5
2011-10-23;12:22:54.00;-13.0381;-75.0572;112;4.8
2011-10-23;20:25:29.00;-14.534;-72.6818;122;4.6
2011-10-24;18:41:49.00;-2.825;-75.563;57;4.3
2011-10-24;23:42:11.00;-5.5943;-76.6137;42;4.6
2011-10-25;00:25:28.00;-6.7663;-76.6277;67;4.6
2011-10-25;00:48:42.00;-8.6176;-76.2952;55;4.8
2011-10-25;08:22:47.00;-5.7751;-78.5832;46;4.5
2011-10-25;13:22:57.00;-6.8082;-80.3087;25;4.5
2011-10-26;03:01:21.00;-13.4666;-75.0587;106;4.8
2011-10-26;19:23:56.00;-11.7542;-73.3971;30;4.5
2011-10-27;06:05:30.00;-9.2758;-75.8016;134;4.8
2011-10-27;13:48:01.00;-16.2972;-73.6179;41;4.8
2011-10-28;01:04:16.00;-4.8203;-80.1867;38;4.5
2011-10-28;07:30:25.00;-7.4963;-76.1083;191;4.7
2011-10-28;12:38:51.00;-9.5172;-76.3201;52;4.6
2011-10-28;18:16:15.00;-6.8985;-80.5306;12;4.5
2011-10-28;18:54:31.00;-14.4828;-76.1298;36;6.9
2011-10-28;19:00:57.00;-14.6927;-76.5032;10;6.4
2011-10-28;19:08:14.00;-14.5683;-76.2842;21;4.5
2011-10-28;19:10:29.00;-14.7391;-76.5017;15;5.5
2011-10-28;19:39:47.00;-14.6321;-76.3136;13;4.5
2011-10-28;20:26:42.00;-14.6886;-76.5741;21;5.2
2011-10-28;20:37:40.00;-14.6705;-76.4935;14;4.9
2011-10-28;21:08:24.00;-14.6453;-76.5499;13;4.7
2011-10-28;21:51:53.00;-14.6325;-76.4325;29;5.5
2011-10-28;21:59:56.00;-14.9197;-76.4759;20;5.5
2011-10-28;22:00:05.00;-14.67;-76.014;26;5.1
2011-10-28;23:45:57.00;-14.8742;-76.4247;11;5.9
2011-10-29;00:48:00.00;-14.7135;-76.1461;50;5.2
2011-10-29;00:48:55.00;-14.4527;-76.1708;39;5
2011-10-29;01:11:13.00;-14.6129;-76.1002;36;4.5
2011-10-29;01:16:28.00;-14.6665;-76.0399;39;4.7
2011-10-29;01:36:28.00;-14.4588;-76.2316;23;4.9
2011-10-29;01:37:45.00;-14.7096;-76.1346;37;4.8
2011-10-29;01:45:28.00;-14.7373;-76.1248;29;4.9
2011-10-29;02:25:58.00;-14.392;-76.069;51;4.9
2011-10-29;02:45:18.00;-14.6819;-76.0694;39;4.8
2011-10-29;02:48:12.00;-14.5997;-76.0663;39;4.9
2011-10-29;03:18:20.00;-14.5881;-75.9766;43;4.9
2011-10-29;03:26:53.00;-14.7218;-75.9772;41;5
2011-10-29;03:32:11.00;-14.6167;-75.9978;42;4.5
2011-10-29;03:37:56.00;-14.0809;-76.0551;84;5
2011-10-29;03:55:49.00;-14.7478;-76.129;39;5.1
2011-10-29;04:23:33.00;-14.8016;-76.2949;14;5.2
2011-10-29;04:54:03.00;-14.4631;-76.1053;40;4.6
2011-10-29;05:09:19.00;-14.5772;-76.2518;14;4.9
2011-10-29;05:25:57.00;-14.6821;-76.5629;7;5.2
2011-10-29;05:33:39.00;-14.6891;-76.546;12;5.2
2011-10-29;06:44:44.00;-14.6813;-76.1037;21;4.9
2011-10-29;06:47:25.00;-10.0567;-76.4177;152;4.6
2011-10-29;07:25:42.00;-14.6668;-76.0812;24;4.9
2011-10-29;07:39:46.00;-3.5891;-80.5038;37;4.5
2011-10-29;07:57:04.00;-14.609;-75.9646;43;4.7
2011-10-29;07:59:44.00;-14.3953;-76.2514;38;4.9
2011-10-29;08:30:59.00;-14.8697;-76.3443;12;5.5
2011-10-29;09:21:25.00;-14.494;-76.2094;22;4.5
2011-10-29;11:38:41.00;-14.5221;-76.4302;15;4.8
2011-10-29;14:39:05.00;-9.2965;-80.5219;57;4.6
2011-10-29;16:21:31.00;-14.4486;-76.1453;39;4.8
2011-10-29;17:14:29.00;-14.5944;-76.3543;9;4.9
2011-10-29;20:09:02.00;-14.4537;-76.1544;41;4.7
2011-10-29;22:06:15.00;-14.2112;-76.78;23;4.6
2011-10-29;22:07:41.00;-14.5859;-76.228;42;4.6
2011-10-29;23:42:33.00;-14.5797;-76.234;40;4.6
2011-10-30;00:08:29.00;-14.6122;-76.132;45;4.7
2011-10-30;00:50:03.00;-14.4334;-76.3951;43;4.6
2011-10-30;02:09:00.00;-14.4451;-76.369;36;5.3
2011-10-30;02:10:41.00;-9.1542;-75.4774;179;5.8
2011-10-30;02:19:50.00;-14.648;-76.7697;57;4.7
2011-10-30;06:02:49.00;-14.4325;-76.3552;43;4.8
2011-10-30;06:31:36.00;-7.9993;-80.2041;50;4.6
2011-10-30;07:11:13.00;-14.6657;-76.1882;46;4.6
2011-10-30;07:42:07.00;-14.6355;-76.1954;42;4.9
2011-10-30;10:57:58.00;-14.4369;-76.0573;30;5.3
2011-10-30;12:43:19.00;-3.1137;-80.2573;8;4.5
2011-10-30;12:59:04.00;-14.4529;-76.3854;54;4.9
2011-10-30;15:25:00.00;-14.4664;-76.1796;41;4.9
2011-10-30;18:05:34.00;-14.7077;-76.1101;40;4.5
2011-10-30;20:13:11.00;-5.3337;-77.0154;58;4.7
2011-10-30;22:19:17.00;-14.5412;-76.0931;39;4.8
2011-10-31;00:20:13.00;-13.5349;-76.9687;41;4.6
2011-10-31;03:00:11.00;-14.5546;-75.8529;47;4.5
2011-10-31;04:00:37.00;-14.3857;-76.3179;25;4.9
2011-10-31;04:55:25.00;-14.3199;-75.8002;48;4.5
2011-10-31;05:21:56.00;-16.0769;-74.1494;69;4.7
2011-10-31;07:45:10.00;-14.542;-76.2237;22;4.5
2011-10-31;08:25:51.00;-10.1471;-75.2679;55;4.6
2011-10-31;10:58:04.00;-14.413;-76.1795;39;4.9
2011-10-31;11:15:04.00;-6.9306;-76.0428;24;4.9
2011-10-31;13:13:25.00;-14.4157;-76.0895;43;4.6
2011-10-31;15:51:03.00;-10.0268;-79.5319;24;4.7
2011-10-31;20:35:09.00;-14.7709;-76.2146;47;5
2011-11-01;03:27:12.00;-15.0402;-71.6623;151;4.5
2011-11-01;04:31:13.00;-5.537;-80.0937;54;4.7
2011-11-01;10:20:32.00;-9.1048;-79.132;70;4.6
2011-11-01;17:30:17.00;-14.7817;-76.307;32;4.9
2011-11-02;01:25:03.00;-11.0105;-77.767;51;4.6
2011-11-02;01:33:28.00;-14.4309;-76.4109;19;4.7
2011-11-02;02:06:16.00;-14.6117;-76.6012;19;5.1
2011-11-02;05:51:19.00;-14.6015;-75.9352;44;4.6
2011-11-02;07:13:24.00;-14.6944;-76.1555;21;4.6
2011-11-02;08:31:08.00;-14.5753;-75.9588;26;4.6
2011-11-02;10:03:21.00;-9.5986;-75.6639;150;5.1
2011-11-02;12:45:47.00;-14.947;-76.1764;46;4.5
2011-11-02;15:26:50.00;-14.8228;-76.2274;10;4.5
2011-11-03;01:17:49.00;-14.5886;-73.019;55;4.5
2011-11-03;06:31:56.00;-10.6838;-75.2832;178;4.6
2011-11-03;09:38:31.00;-7.6854;-76.4667;56;4.6
2011-11-03;11:14:04.00;-14.687;-76.1943;43;4.8
2011-11-03;11:57:33.00;-14.4471;-76.4289;22;4.6
2011-11-03;16:26:35.00;-13.8144;-74.8483;114;4.9
2011-11-03;17:05:18.00;-4.3298;-78.9189;169;4.7
2011-11-03;17:42:09.00;-8.9542;-79.1491;65;4.9
2011-11-03;23:38:28.00;-16.4117;-71.6277;139;4.6
2011-11-04;02:46:57.00;-17.532;-69.727;159;4.1
2011-11-05;07:32:23.00;-14.4481;-76.3164;53;4.5
2011-11-05;23:59:34.00;-4.6319;-80.2069;91;4.5
2011-11-06;01:16:26.00;-14.417;-76.0308;24;4.6
2011-11-06;03:16:58.00;-14.6019;-76.0407;40;4.6
2011-11-06;05:35:29.00;-14.42;-76.1855;37;4.6
2011-11-06;15:21:21.00;-15.9954;-71.9337;174;5.1
2011-11-06;19:54:50.00;-6.789;-78.4877;74;4.5
2011-11-07;04:14:06.00;-16.5561;-71.1257;125;4.9
2011-11-07;10:36:38.00;-13.6475;-76.8277;49;5.1
2011-11-07;22:07:19.00;-15.8433;-73.1838;106;4.7
2011-11-07;22:40:33.00;-14.3488;-76.1123;33;4.9
2011-11-07;22:50:21.00;-14.8522;-75.9611;41;4.5
2011-11-07;22:54:56.00;-3.7919;-76.9291;77;4.8
2011-11-08;13:07:01.00;-15.8198;-73.9855;94;4.5
2011-11-09;18:22:51.00;-4.0264;-77.7368;153;5.3
2011-11-09;19:59:26.00;-5.5931;-80.3433;51;4.6
2011-11-09;23:19:54.00;-14.6076;-76.1014;7;4.9
2011-11-11;07:23:53.00;-4.143;-80.422;50;4.5
2011-11-11;10:50:40.00;-16.215;-74.3731;51;4.6
2011-11-11;22:12:01.00;-7.9684;-79.0119;44;4.5
2011-11-13;02:00:20.00;-8.7246;-80.051;44;4.6
2011-11-13;16:09:07.00;-15.2078;-74.3673;94;4.5
2011-11-13;16:28:36.00;-8.5993;-75.8199;56;4.5
2011-11-13;16:57:50.00;-7.7208;-74.4669;164;4.6
2011-11-14;02:21:46.00;-3.0977;-80.6672;52;4.6
2011-11-14;02:38:22.00;-15.4203;-72.5852;158;4.9
2011-11-14;05:09:29.00;-8.9223;-80.1983;37;4.5
2011-11-14;06:24:28.00;-5.8191;-81.5488;6;4.9
2011-11-14;06:53:57.00;-7.4492;-74.3447;187;4.8
2011-11-14;15:40:12.00;-16.6546;-69.3089;250;4.7
2011-11-15;04:38:33.00;-7.6759;-74.4288;161;4.8
2011-11-15;07:24:11.00;-16.0024;-69.2755;273;4.6
2011-11-15;14:51:51.00;-15.1114;-72.7103;167;4.9
2011-11-16;14:02:09.00;-13.8602;-76.7772;39;5
2011-11-16;21:48:29.00;-17.084;-69.7388;233;4.9
2011-11-16;23:04:17.00;-8.6022;-78.5114;161;4.5
2011-11-17;10:17:53.00;-6.9657;-76.3885;153;4.5
2011-11-18;00:56:52.00;-7.165;-74.8866;120;4.7
2011-11-18;01:18:16.00;-8.9828;-78.7469;58;4.5
2011-11-18;06:30:45.00;-14.6839;-76.1317;35;4.8
2011-11-18;17:10:14.00;-11.1069;-78.7476;75;4.5
2011-11-19;00:34:10.00;-9.286;-78.1562;57;4.7
2011-11-19;13:44:59.00;-9.022;-79.0785;46;4.5
2011-11-19;22:30:02.00;-6.2766;-81.8045;34;4.5
2011-11-20;02:15:19.00;-14.2097;-73.5977;89;4.6
2011-11-20;05:58:51.00;-8.6111;-79.0513;57;4.7
2011-11-20;16:41:39.00;-9.254;-78.993;66;4.5
2011-11-20;21:55:20.00;-4.2018;-78.0879;36;4.5
2011-11-21;00:25:42.00;-5.0868;-78.3703;27;4.5
2011-11-21;18:10:45.00;-8.5124;-80.3264;58;5.1
2011-11-21;21:40:24.00;-7.1474;-80.7642;32;4.5
2011-11-22;02:18:03.00;-16.6815;-72.3394;135;5.2
2011-11-22;03:43:26.00;-10.2428;-78.3023;56;4.9
2011-11-22;05:24:14.00;-4.6782;-80.6968;31;4.9
2011-11-22;13:08:14.00;-8.875;-79.7878;85;4.5
2011-11-22;20:58:02.00;-8.0558;-73.827;179;5
2011-11-22;23:02:11.00;-14.2816;-72.9765;125;5.3
2011-11-23;02:54:42.00;-7.6427;-76.0137;179;4.7
2011-11-23;09:59:11.00;-7.8913;-76.067;190;4.5
2011-11-23;20:16:39.00;-3.7735;-80.857;24;4.5
2011-11-24;04:36:18.00;-14.5627;-76.1299;27;4.9
2011-11-24;07:37:45.00;-14.5471;-76.134;31;4.5
2011-11-25;04:51:17.00;-4.1629;-80.5128;26;4.5
2011-11-25;12:49:47.00;-3.1799;-80.3263;37;4.5
2011-11-26;06:59:55.00;-10.8938;-78.488;54;5.4
2011-11-26;09:48:49.00;-3.3968;-77.9091;40;4.5
2011-11-27;01:49:33.00;-5.0491;-80.1436;117;4.5
2011-11-27;05:14:28.00;-4.5654;-80.635;37;4.5
2011-11-27;19:56:32.00;-14.6661;-76.4842;26;5.9
2011-11-28;00:14:22.00;-17.338;-72.0567;75;5
2011-11-29;18:43:51.00;-14.1352;-73.2265;118;4.5
2011-11-29;21:16:30.00;-9.3876;-75.5806;26;4.9
2011-11-29;23:15:13.00;-15.9463;-73.2619;55;4.9
2011-11-30;02:01:55.00;-3.9334;-77.3667;77;4.9
2011-11-30;03:23:01.00;-14.543;-73.6941;127;5.3
2011-11-30;04:30:47.00;-6.8627;-80.8678;23;4.5
2011-11-30;04:38:43.00;-4.5318;-79.571;19;4.5
2011-11-30;09:25:04.00;-3.991;-80.7248;21;4.5
2011-11-30;09:55:50.00;-9.8871;-80.2674;55;4.9
2011-11-30;10:18:06.00;-9.7875;-80.0891;55;4.8
2011-11-30;10:38:00.00;-4.5116;-77.9221;157;4.5
2011-11-30;10:54:37.00;-4.3019;-77.7342;51;4.5
2011-11-30;11:00:13.00;-3.825;-79.85;133;4.5
2011-11-30;19:03:42.00;-3.702;-80.799;36;4.5
2011-11-30;19:11:53.00;-15.1185;-75.8847;20;4.8
2011-11-30;19:34:25.00;-15.6801;-73.6924;45;4.8
2011-12-01;10:34:10.00;-5.1694;-76.8077;144;4.5
2011-12-01;12:57:46.00;-15.172;-75.9422;18;4.9
2011-12-01;17:19:14.00;-7.688;-74.9064;43;4.6
2011-12-02;02:49:11.00;-9.9157;-80.16;58;4.8
2011-12-02;10:11:16.00;-15.6919;-73.4352;116;4.6
2011-12-02;15:14:58.00;-9.9113;-80.1447;42;4.9
2011-12-03;02:18:40.00;-9.3284;-75.3582;35;4.7
2011-12-03;04:14:18.00;-5.5338;-76.5256;56;4.6
2011-12-03;05:08:28.00;-6.3417;-81.3406;22;4.9
2011-12-03;10:51:34.00;-14.5634;-75.7554;54;4.8
2011-12-03;15:47:49.00;-2.8701;-80.9234;56;4.5
2011-12-03;16:08:24.00;-4.9969;-80.7942;37;4.7
2011-12-03;22:04:07.00;-4.6159;-80.6523;44;4.5
2011-12-04;01:30:09.00;-5.9924;-78.8873;67;4.7
2011-12-04;03:44:43.00;-8.6551;-80.2196;49;4.5
2011-12-04;13:00:12.00;-3.6812;-78.4922;99;4.5
2011-12-05;03:02:35.00;-6.2114;-76.2009;29;4.6
2011-12-05;03:25:40.00;-8.7292;-80.1664;41;4.5
2011-12-05;03:52:16.00;-10.8852;-74.2896;32;4.6
2011-12-05;09:43:49.00;-10.4697;-78.6944;45;4.8
2011-12-05;23:07:45.00;-15.6951;-74.5683;88;5
2011-12-05;23:43:34.00;-8.3215;-80.2729;56;4.5
2011-12-06;01:06:28.00;-16.4611;-73.4251;42;4.5
2011-12-07;06:11:14.00;-10.8709;-73.7366;150;4.8
2011-12-07;12:04:22.00;-14.6609;-72.4291;108;4.6
2011-12-07;14:25:35.00;-10.7549;-74.4683;147;4.9
2011-12-08;10:04:53.00;-5.13;-77.942;47;4.4
2011-12-09;02:35:51.00;-6.0719;-75.8817;75;4.7
2011-12-09;05:02:01.00;-4.5829;-80.2477;167;4.5
2011-12-09;05:07:15.00;-6.6578;-76.9141;187;4.6
2011-12-09;12:14:31.00;-9.6597;-80.0331;55;4.6
2011-12-10;13:13:04.00;-5.1926;-81.063;28;4.5
2011-12-10;14:56:17.00;-6.826;-80.9638;16;4.5
2011-12-11;06:42:05.00;-4.8736;-80.6266;36;4.5
2011-12-11;10:51:23.00;-8.5707;-79.5765;57;4.5
2011-12-11;11:14:12.00;-18.0031;-69.6267;177;4.5
2011-12-11;12:26:15.00;-8.8811;-75.0043;20;4.5
2011-12-11;17:54:11.00;-4.2955;-76.2308;136;4.5
2011-12-11;21:00:39.00;-17.9683;-69.4889;128;4.5
2011-12-11;22:29:13.00;-15.282;-73.4191;103;4.7
2011-12-12;13:02:28.00;-8.686;-74.3744;171;4.6
2011-12-12;14:38:23.00;-13.3663;-77.1138;7;4.8
2011-12-13;05:42:16.00;-11.8449;-75.6835;117;4.5
2011-12-13;16:07:01.00;-8.5197;-78.6936;47;4.5
2011-12-13;19:04:29.00;-6.217;-76.0815;152;4.6
2011-12-13;23:02:56.00;-3.8798;-78.2686;143;4.5
2011-12-14;03:52:06.00;-3.9243;-77.9567;109;4.5
2011-12-14;09:50:11.00;-9.1779;-75.4583;161;4.7
2011-12-14;23:43:33.00;-10.7486;-78.3108;55;4.7
2011-12-15;06:06:12.00;-13.7795;-75.7195;79;4.6
2011-12-15;11:04:47.00;-4.6062;-76.0392;206;4.5
2011-12-15;22:32:43.00;-5.4793;-77.3403;27;4.5
2011-12-16;09:37:58.00;-9.9479;-78.8761;55;4.9
2011-12-18;07:58:33.00;-14.9902;-74.4025;102;4.5
2011-12-18;12:34:29.00;-16.2642;-73.8609;71;4.5
2011-12-19;05:37:57.00;-12.2521;-77.3847;44;5.2
2011-12-19;07:06:29.00;-15.0626;-72.3708;145;4.6
2011-12-21;08:17:23.00;-12.0272;-75.5916;56;4.5
2011-12-22;03:59:13.00;-9.2958;-79.3565;44;4.5
2011-12-24;06:59:01.00;-12.1614;-77.5445;21;4.5
2011-12-25;19:24:11.00;-13.4942;-74.849;98;4.5
2011-12-26;20:29:40.00;-12.8897;-76.9768;41;4.9
2011-12-28;07:43:12.00;-4.568;-80.506;12;4.6
2011-12-28;09:45:31.00;-8.7243;-75.7659;162;4.9
2011-12-28;19:22:44.00;-17.3204;-70.805;32;4.5
2011-12-29;03:32:45.00;-15.7085;-70.6057;215;5.1
2011-12-29;13:45:41.00;-12.633;-76.889;72;5.2
2011-12-29;18:16:49.00;-17.7961;-69.4873;158;4.5
2011-12-30;09:22:13.00;-14.7593;-76.0162;54;5.6
2012-01-02;01:10:31.00;-11.4046;-76.6452;26;4.5
2012-01-02;04:19:22.00;-11.2408;-76.7174;22;4.5
2012-01-02;10:21:13.00;-7.4004;-74.9602;176;4.6
2012-01-02;12:05:19.00;-9.4538;-74.2603;59;4.6
2012-01-03;02:28:17.00;-11.0586;-74.5334;49;4.5
2012-01-04;05:37:32.00;-10.1657;-73.946;60;4.7
2012-01-05;00:52:40.00;-9.6906;-75.0472;151;4.8
2012-01-05;05:27:06.00;-17.0157;-71.9686;59;4.7
2012-01-05;14:02:57.00;-7.0642;-80.545;76;4.5
2012-01-05;23:47:27.00;-14.9111;-71.9649;147;4.5
2012-01-06;05:57:00.00;-13.3501;-76.7271;54;4.6
2012-01-06;10:50:53.00;-10.819;-76.9648;134;4.6
2012-01-06;22:45:20.00;-6.3388;-74.7203;77;4.6
2012-01-07;20:05:26.00;-16.4759;-71.7373;65;4.5
2012-01-07;20:19:20.00;-16.7521;-71.831;25;4.8
2012-01-07;22:04:57.00;-9.4408;-79.1971;58;4.6
2012-01-08;07:35:38.00;-7.7269;-74.2819;176;4.9
2012-01-09;00:39:01.00;-15.7829;-72.5635;132;4.7
2012-01-09;04:34:44.00;-9.0175;-74.7376;148;4.8
2012-01-09;20:16:09.00;-11.2321;-73.8635;138;4.8
2012-01-11;18:58:34.00;-14.8731;-72.9876;123;5.3
2012-01-12;00:43:21.00;-15.2948;-72.2467;152;4.5
2012-01-13;05:13:16.00;-14.593;-76.3027;20;5.1
2012-01-13;10:16:54.00;-9.14;-79.1076;105;4.6
2012-01-13;13:45:10.00;-15.895;-73.9359;84;4.7
2012-01-13;17:34:35.00;-14.6765;-76.2524;42;4.6
2012-01-13;17:41:42.00;-13.3818;-74.8442;93;4.5
2012-01-13;23:15:04.00;-9.2664;-74.2496;98;4.9
2012-01-16;03:43:15.00;-7.7173;-74.9565;156;4.7
2012-01-16;23:49:11.00;-11.6329;-74.6998;123;4.9
2012-01-17;11:53:23.00;-8.6399;-74.3697;166;4.9
2012-01-17;15:21:17.00;-4.2492;-78.6329;24;4.5
2012-01-18;04:57:54.00;-13.0257;-76.1293;107;4.8
2012-01-18;12:48:51.00;-15.1807;-73.2712;88;4.5
2012-01-19;10:18:03.00;-3.044;-82.703;35;4.7
2012-01-19;13:04:00.00;-16.3805;-73.6963;54;4.6
2012-01-21;06:53:57.00;-9.4084;-79.3033;57;4.7
2012-01-21;09:20:23.00;-10.8859;-78.0238;31;4.7
2012-01-21;18:50:42.00;-16.2269;-73.7368;84;4.5
2012-01-22;08:07:33.00;-15.4534;-72.3703;147;4.7
2012-01-22;14:06:31.00;-9.2567;-79.0901;68;4.9
2012-01-22;15:41:18.00;-4.3034;-80.8376;51;4.5
2012-01-22;18:05:15.00;-10.9828;-75.003;139;4.6
2012-01-22;22:04:35.00;-7.1579;-76.9005;46;4.5
2012-01-23;02:31:15.00;-11.9755;-77.6857;34;4.6
2012-01-23;03:48:19.00;-7.055;-76.2117;117;4.5
2012-01-23;04:14:03.00;-15.22;-74.4053;41;4.5
2012-01-24;03:43:43.00;-15.2581;-75.7314;20;4.6
2012-01-25;00:09:05.00;-14.9541;-72.4509;129;4.7
2012-01-25;09:00:31.00;-9.7911;-78.8446;56;4.6
2012-01-26;08:43:36.00;-15.5189;-72.0995;120;4.5
2012-01-26;10:42:40.00;-10.3845;-75.4225;13;4.7
2012-01-26;21:23:07.00;-6.0178;-80.8506;33;4.5
2012-01-27;14:03:49.00;-8.7132;-74.8306;144;4.8
2012-01-27;16:19:25.00;-12.873;-75.6515;102;4.5
2012-01-28;03:58:40.00;-8.0554;-76.4028;182;4.8
2012-01-28;07:32:21.00;-14.5853;-72.7337;114;4.5
2012-01-28;09:31:56.00;-14.7461;-72.8815;110;4.7
2012-01-28;11:52:46.00;-6.8965;-76.0815;144;4.6
2012-01-29;05:50:09.00;-5.4105;-76.8404;38;4.5
2012-01-29;06:08:22.00;-16.794;-69.838;207;4.6
2012-01-29;22:38:44.00;-4.2307;-80.6021;51;4.5
2012-01-30;05:10:59.00;-14.3158;-76.0025;49;6.4
2012-01-30;14:20:43.00;-14.2431;-75.819;58;4.5
2012-02-01;04:49:42.00;-8.704;-80.268;55;5.2
2012-02-02;04:50:47.00;-16.3525;-73.8424;64;5.3
2012-02-03;05:02:41.00;-9.7993;-78.8555;76;5
2012-02-03;13:47:55.00;-16.3905;-72.642;89;4.9
2012-02-04;04:40:54.00;-14.8634;-74.7414;42;4.9
2012-02-05;20:58:49.00;-15.6373;-70.9008;176;5.2
2012-02-06;16:45:16.00;-15.0549;-72.0994;142;4.7
2012-02-06;20:47:17.00;-15.1764;-71.7409;153;4.9
2012-02-06;22:32:30.00;-15.0251;-71.9288;144;4.7
2012-02-07;02:18:24.00;-3.5497;-77.4799;56;5.1
2012-02-07;14:53:16.00;-16.906;-72.8881;77;4.9
2012-02-09;11:25:58.00;-9.5893;-74.2714;143;4.7
2012-02-10;00:16:26.00;-7.9521;-76.8795;43;4.7
2012-02-10;14:39:31.00;-8.6159;-80.652;55;4.6
2012-02-11;00:07:34.00;-16.0923;-74.3172;28;4.7
2012-02-11;00:40:03.00;-14.8843;-74.747;52;4.9
2012-02-11;04:27:16.00;-13.3211;-77.0163;53;4.9
2012-02-11;04:44:18.00;-6.193;-77.0422;136;5.1
2012-02-11;21:30:43.00;-15.1118;-71.7366;137;4.6
2012-02-12;04:19:47.00;-16.8919;-71.9223;48;4.5
2012-02-12;09:28:15.00;-15.6124;-74.3592;71;5.3
2012-02-12;11:05:39.00;-15.4231;-74.2202;53;4.5
2012-02-12;15:52:12.00;-15.0881;-72.6479;130;4.6
2012-02-14;02:15:38.00;-18.4063;-70.1132;144;5.2
2012-02-14;04:42:15.00;-12.3096;-77.3945;47;5.2
2012-02-14;14:08:40.00;-18.478;-69.8765;158;5
2012-02-16;02:34:41.00;-16.7991;-69.5246;199;4.7
2012-02-16;04:23:27.00;-15.8783;-71.7904;147;4.7
2012-02-16;12:53:50.00;-7.837;-80.2383;57;4.5
2012-02-16;22:48:31.00;-8.3081;-75.1569;144;4.8
2012-02-16;23:10:19.00;-9.5043;-75.8003;125;4.6
2012-02-17;07:11:47.00;-13.3672;-74.9487;110;4.5
2012-02-18;07:23:24.00;-3.2338;-77.6073;102;4.7
2012-02-18;13:20:17.00;-16.4992;-74.0264;25;4.6
2012-02-19;02:56:09.00;-14.4749;-75.4904;60;4.5
2012-02-19;07:32:02.00;-15.9123;-72.332;139;4.6
2012-02-19;08:51:43.00;-4.6057;-78.1246;56;5
2012-02-20;01:19:16.00;-7.3156;-74.4953;187;4.6
2012-02-20;10:30:19.00;-4.748;-76.5581;260;4.5
2012-02-21;07:31:07.00;-9.487;-75.0586;142;4.9
2012-02-21;10:05:02.00;-9.649;-77.0535;128;4.7
2012-02-22;17:30:58.00;-14.4326;-76.0823;53;4.6
2012-02-23;06:03:18.00;-13.4337;-76.6033;76;4.8
2012-02-23;11:23:15.00;-5.1889;-75.4089;141;4.7
2012-02-23;12:59:18.00;-14.1431;-75.0694;91;4.5
2012-02-24;02:56:45.00;-2.3239;-76.4056;176;5
2012-02-24;04:58:15.00;-16.3517;-73.7501;34;4.5
2012-02-24;05:46:50.00;-8.0135;-74.4832;165;4.6
2012-02-24;06:50:09.00;-15.2477;-72.9812;108;5.1
2012-02-24;06:56:35.00;-15.532;-72.9846;126;4.6
2012-02-24;17:40:56.00;-3.833;-81.049;42;4.8
2012-02-26;03:12:10.00;-18.0465;-69.3077;122;4.5
2012-02-26;05:24:17.00;-8.306;-73.7133;191;4.9
2012-02-26;08:11:13.00;-8.6405;-75.0961;138;4.9
2012-02-26;13:34:39.00;-9.0024;-79.2829;42;4.5
2012-02-26;21:42:14.00;-6.9401;-75.6829;57;4.5
2012-02-27;02:37:29.00;-15.998;-69.464;241;4.3
2012-02-27;17:17:16.00;-5.4341;-76.9417;139;4.8
2012-02-27;21:13:34.00;-16.3549;-74.261;15;4.5
2012-02-28;11:05:33.00;-16.9306;-72.5717;42;4.5
2012-02-29;02:15:18.00;-8.6362;-80.1522;55;5
2012-02-29;02:39:21.00;-10.3892;-74.7817;35;4.9
2012-02-29;03:42:05.00;-5.8969;-81.0937;56;4.5
2012-02-29;05:41:58.00;-8.7036;-80.1178;49;4.6
2012-02-29;05:58:13.00;-9.2356;-80.2674;56;4.5
2012-02-29;05:59:38.00;-6.422;-77.5256;55;4.5
2012-02-29;07:48:20.00;-8.3216;-80.2123;50;4.6
2012-02-29;08:50:13.00;-12.8454;-76.9238;53;4.8
2012-02-29;09:56:59.00;-8.7402;-78.7807;72;4.5
2012-03-01;03:59:59.00;-9.8766;-74.1538;153;4.9
2012-03-01;07:57:24.00;-4.2456;-80.6242;75;4.7
2012-03-04;09:14:31.00;-11.9363;-75.687;105;4.5
2012-03-04;12:13:42.00;-7.5081;-80.6848;56;4.5
2012-03-04;21:33:49.00;-7.2513;-78.6945;52;4.5
2012-03-06;11:21:47.00;-6.1363;-81.0812;30;4.5
2012-03-07;13:23:36.00;-11.2241;-78.4813;35;4.7
2012-03-08;02:30:35.00;-8.189;-76.3812;138;4.9
2012-03-08;13:26:46.00;-15.9358;-73.1366;128;4.6
2012-03-08;17:42:58.00;-10.9766;-78.1517;45;4.8
2012-03-08;18:06:00.00;-7.6197;-80.6314;56;4.5
2012-03-08;19:39:57.00;-14.429;-73.8326;108;4.6
2012-03-08;20:03:23.00;-13.1144;-75.0859;108;4.5
2012-03-09;01:43:16.00;-18.3418;-70.5654;51;4.5
2012-03-09;02:03:32.00;-8.536;-80.292;37;4.8
2012-03-09;02:35:10.00;-5.4525;-77.2136;46;4.9
2012-03-09;19:46:11.00;-5.1728;-77.0797;35;4.5
2012-03-10;04:21:53.00;-15.9742;-73.5358;56;5
2012-03-10;18:36:36.00;-7.4751;-74.5894;168;4.9
2012-03-11;08:20:32.00;-12.5214;-77.1089;53;4.7
2012-03-11;18:08:21.00;-9.0576;-80.2476;56;4.5
2012-03-12;02:21:56.00;-17.3741;-71.3449;63;4.5
2012-03-12;06:34:56.00;-14.2973;-75.7779;68;5.3
2012-03-12;07:17:13.00;-14.1955;-75.6227;64;4.5
2012-03-12;10:31:58.00;-7.1408;-81.1649;57;4.6
2012-03-13;09:24:47.00;-11.9059;-76.2482;108;4.5
2012-03-13;21:28:35.00;-14.3792;-76.1088;42;4.6
2012-03-13;21:30:57.00;-15.892;-70.8429;197;5.2
2012-03-14;10:52:35.00;-10.0609;-76.2058;139;5
2012-03-15;11:57:58.00;-16.3055;-74.5648;56;4.6
2012-03-15;13:21:30.00;-13.3968;-76.2208;65;4.9
2012-03-15;13:26:38.00;-16.5872;-72.085;107;4.7
2012-03-16;10:55:15.00;-5.0474;-76.1024;55;4.5
2012-03-16;13:43:13.00;-16.2619;-74.078;34;4.5
2012-03-16;15:36:30.00;-14.2156;-72.8871;127;4.5
2012-03-16;18:37:54.00;-15.4319;-74.2868;101;4.7
2012-03-17;14:14:56.00;-5.0122;-78.7887;16;4.5
2012-03-17;18:31:02.00;-11.2403;-75.7614;142;4.5
2012-03-18;02:05:30.00;-12.9142;-76.696;56;4.5
2012-03-18;02:53:21.00;-11.0381;-75.9029;130;4.5
2012-03-18;12:07:13.00;-16.0491;-73.5844;141;4.7
2012-03-19;19:59:09.00;-5.3644;-80.2775;60;5.2
2012-03-19;23:21:30.00;-11.2153;-78.1814;51;5.2
2012-03-20;02:36:26.00;-12.8786;-76.1802;77;4.6
2012-03-21;05:23:28.00;-4.9057;-80.3169;45;4.5
2012-03-22;03:13:15.00;-15.3066;-72.4446;138;4.5
2012-03-22;11:05:30.00;-6.9895;-78.8307;31;4.5
2012-03-23;05:38:18.00;-9.484;-75.1298;165;4.6
2012-03-23;07:25:04.00;-9.4339;-75.2037;138;4.6
2012-03-23;09:26:29.00;-6.9026;-75.3965;79;4.5
2012-03-23;10:31:13.00;-14.3341;-74.1426;106;4.8
2012-03-23;21:01:54.00;-15.3615;-72.4249;139;4.5
2012-03-24;04:23:32.00;-7.9297;-78.8466;47;4.5
2012-03-24;06:52:07.00;-6.3225;-80.2024;51;4.9
2012-03-24;11:46:24.00;-18.1746;-69.5374;138;4.9
2012-03-24;14:39:22.00;-15.4107;-70.5203;213;5
2012-03-24;22:12:10.00;-8.279;-79.7533;57;4.5
2012-03-25;03:24:48.00;-10.5978;-78.2909;27;4.6
2012-03-25;22:00:04.00;-7.677;-75.8066;139;5.1
2012-03-25;23:00:57.00;-12.676;-77.8324;35;5
2012-03-26;11:39:13.00;-14.4743;-76.2212;32;4.5
2012-03-27;06:28:19.00;-3.8812;-78.453;136;4.5
2012-03-27;09:40:15.00;-16.0119;-74.2771;34;4.7
2012-03-27;16:07:32.00;-13.0216;-73.9504;81;4.5
2012-03-27;17:58:57.00;-14.2867;-76.0168;39;4.5
2012-03-28;02:13:30.00;-4.1101;-77.3822;55;4.6
2012-03-28;18:46:45.00;-13.5206;-75.9677;84;4.6
2012-03-28;22:11:01.00;-10.4753;-78.1069;56;4.6
2012-03-29;22:27:33.00;-5.5115;-81.0366;51;4.7
2012-03-30;04:09:56.00;-15.5368;-71.212;190;4.5
2012-03-30;18:36:24.00;-18.407;-71.367;35;4.2
2012-03-31;00:14:20.00;-8.6174;-77.2027;144;4.5
2012-04-01;07:05:43.00;-16.1056;-74.3846;54;4.5
2012-04-03;03:08:02.00;-5.1723;-80.8784;50;5.7
2012-04-03;09:17:18.00;-5.1195;-76.8518;17;5
2012-04-06;13:46:19.00;-12.3124;-77.2004;34;4.5
2012-04-07;04:59:26.00;-9.9413;-76.4893;175;4.5
2012-04-07;23:54:43.00;-3.834;-81.215;42;4.2
2012-04-08;09:50:20.00;-15.5502;-74.3047;56;4.5
2012-04-10;05:46:22.00;-7.2843;-74.4485;198;4.6
2012-04-10;10:47:16.00;-16.1213;-74.5842;25;4.7
2012-04-10;15:05:53.00;-15.9247;-73.5575;117;4.8
2012-04-11;01:12:49.00;-10.1722;-74.507;153;4.5
2012-04-12;01:01:14.00;-13.9354;-76.2202;64;4.6
2012-04-12;01:59:17.00;-9.4934;-79.0765;82;4.5
2012-04-14;06:34:47.00;-14.4866;-76.5159;31;4.7
2012-04-14;07:01:12.00;-8.5244;-79.2436;61;5
2012-04-14;07:11:06.00;-10.6504;-78.4381;58;4.9
2012-04-15;09:18:52.00;-8.1311;-75.3726;173;4.5
2012-04-15;16:58:46.00;-4.9748;-79.716;38;4.6
2012-04-16;13:24:56.00;-16.109;-72.0796;52;4.5
2012-04-17;03:44:59.00;-15.2418;-73.8592;63;4.6
2012-04-17;04:11:26.00;-10.2795;-78.5431;63;4.5
2012-04-17;07:50:28.00;-7.164;-76.4186;135;4.7
2012-04-17;12:06:55.00;-11.2521;-73.2831;42;4.5
2012-04-17;12:26:34.00;-15.2653;-74.6544;87;4.9
2012-04-17;15:19:47.00;-7.853;-74.754;182;4.6
2012-04-17;19:10:48.00;-10.3305;-75.6612;78;4.5
2012-04-17;21:28:20.00;-15.7566;-74.7334;58;4.9
2012-04-18;18:14:24.00;-11.2551;-74.4189;57;4.5
2012-04-19;09:38:20.00;-15.7628;-75.5226;11;4.5
2012-04-19;23:02:44.00;-14.9395;-72.0076;146;5.3
2012-04-20;01:31:59.00;-4.6161;-81.2057;47;4.5
2012-04-20;02:43:26.00;-15.8135;-72.0694;140;4.7
2012-04-20;04:21:14.00;-18.028;-71.1163;102;4.5
2012-04-20;14:19:00.00;-6.3096;-76.7146;183;4.5
2012-04-21;11:36:04.00;-14.8876;-71.912;138;5.5
2012-04-22;18:04:52.00;-17.873;-69.4461;172;4.9
2012-04-22;23:45:57.00;-10.261;-76.197;134;5
2012-04-24;02:42:01.00;-15.3299;-75.884;22;5.1
2012-04-24;08:09:20.00;-9.0019;-79.6507;61;5.1
2012-04-25;09:37:11.00;-8.0059;-74.5823;165;5
2012-04-25;11:56:45.00;-15.7795;-73.4401;88;4.5
2012-04-25;13:25:16.00;-15.9815;-74.0116;89;4.7
2012-04-25;16:19:38.00;-16.3222;-71.6411;128;5
2012-04-26;00:16:57.00;-8.935;-80.2321;56;4.5
2012-04-26;07:57:14.00;-16.6674;-74.1365;42;4.6
2012-04-26;16:02:56.00;-14.4987;-76.3931;43;4.7
2012-04-27;06:38:03.00;-13.504;-76.7123;50;4.5
2012-04-27;07:22:31.00;-10.3208;-76.0622;125;4.7
2012-04-27;08:37:24.00;-6.2706;-77.2541;10;4.6
2012-04-28;04:39:26.00;-9.0612;-79.2462;47;4.8
2012-04-29;02:30:15.00;-13.4143;-75.6414;90;4.5
2012-04-29;03:10:22.00;-11.9163;-73.4953;34;4.6
2012-04-29;05:07:49.00;-10.7692;-76.2139;9;4.9
2012-04-29;06:35:21.00;-7.1363;-75.9592;50;4.6
2012-04-29;06:53:07.00;-3.3062;-81.3458;51;4.8
2012-04-30;11:45:11.00;-4.9323;-78.6144;13;4.6
2012-04-30;12:02:44.00;-16.4657;-74.1697;37;4.5
2012-04-30;12:59:33.00;-5.7654;-77.143;25;4.5
2012-04-30;15:50:01.00;-4.5292;-77.6772;139;4.6
2012-04-30;23:35:57.00;-8.5048;-80.3311;77;4.5
2012-05-02;11:34:44.00;-14.7342;-75.0457;51;4.7
2012-05-02;21:57:11.00;-17.6564;-70.8705;103;4.5
2012-05-03;04:58:59.00;-16.7966;-73.8557;10;4.7
2012-05-03;20:57:45.00;-12.8292;-73.8053;85;4.5
2012-05-04;18:50:48.00;-16.2194;-70.6388;211;4.5
2012-05-06;00:10:15.00;-10.5992;-78.481;52;4.9
2012-05-06;12:40:56.00;-13.8895;-75.8881;59;5.8
2012-05-06;13:13:28.00;-13.846;-75.8826;57;4.7
2012-05-07;08:10:54.00;-17.5985;-73.1716;30;5
2012-05-07;23:40:50.00;-15.3326;-71.636;167;4.6
2012-05-08;05:07:49.00;-4.5029;-76.3864;134;4.5
2012-05-09;09:48:12.00;-7.0751;-75.8279;32;4.8
2012-05-09;12:44:31.00;-6.6587;-75.5696;160;4.7
2012-05-09;22:47:11.00;-11.14;-74.58;75;4.6
2012-05-10;02:33:08.00;-10.4561;-74.9615;24;4.9
2012-05-11;06:54:03.00;-8.8388;-79.3277;94;4.8
2012-05-12;21:39:21.00;-11.4462;-78.0169;50;4.5
2012-05-13;12:04:17.00;-16.049;-73.8614;72;4.5
2012-05-14;10:00:40.00;-18.0512;-70.0611;98;6.2
2012-05-15;00:45:47.00;-13.3193;-76.7124;70;4.5
2012-05-15;01:50:37.00;-8.7494;-80.1416;49;5.3
2012-05-15;02:29:47.00;-7.6961;-74.4854;154;4.8
2012-05-15;02:38:27.00;-15.9936;-72.4604;128;4.8
2012-05-15;07:14:33.00;-16.5178;-71.7344;101;4.5
2012-05-15;21:20:35.00;-18.1182;-70.101;73;4.7
2012-05-15;22:37:14.00;-15.8344;-74.6702;28;4.5
2012-05-16;01:54:07.00;-16.7975;-72.9978;45;5
2012-05-16;06:11:23.00;-5.2129;-76.8034;105;4.5
2012-05-17;01:44:12.00;-3.6448;-80.1599;57;4.5
2012-05-17;03:45:27.00;-12.0301;-76.409;100;4.9
2012-05-18;08:41:25.00;-3.4889;-77.8834;54;4.5
2012-05-18;09:22:32.00;-13.0546;-76.7519;66;4.5
2012-05-18;11:35:58.00;-3.2724;-77.0021;93;4.7
2012-05-20;10:57:09.00;-14.6945;-74.8514;101;4.5
2012-05-20;22:08:28.00;-8.9057;-77.9597;81;4.5
2012-05-21;01:59:55.00;-8.6134;-75.6146;110;4.6
2012-05-21;11:29:55.00;-5.871;-81.0821;14;4.5
2012-05-22;12:51:19.00;-10.6116;-74.1228;64;5
2012-05-22;17:49:45.00;-8.335;-75.8439;43;4.5
2012-05-22;19:32:16.00;-7.2171;-77.8677;48;4.5
2012-05-22;23:38:06.00;-9.7231;-78.7891;53;4.7
2012-05-23;01:04:36.00;-16.9938;-71.0709;109;5.3
2012-05-23;14:36:40.00;-15.9935;-74.7935;40;5
2012-05-23;23:01:54.00;-11.2852;-77.5801;73;4.8
2012-05-25;08:50:27.00;-6.7787;-81.6405;50;4.5
2012-05-25;13:27:09.00;-15.0248;-71.9621;133;4.5
2012-05-26;12:08:31.00;-14.9765;-72.734;104;4.5
2012-05-26;13:59:57.00;-10.8945;-73.6301;20;4.7
2012-05-27;01:22:26.00;-15.3879;-72.0194;123;4.5
2012-05-27;05:21:30.00;-13.7076;-76.3661;43;5.1
2012-05-27;10:10:30.00;-10.5782;-75.5469;39;5
2012-05-27;16:47:34.00;-7.562;-78.6491;23;4.5
2012-05-30;02:24:09.00;-2.4658;-75.9372;68;4.6
2012-05-30;05:26:24.00;-15.8972;-73.2263;104;4.5
2012-05-30;21:58:59.00;-10.1704;-74.3713;30;5.2
2012-05-31;04:57:23.00;-8.4303;-74.3023;175;5.1
2012-05-31;06:35:55.00;-11.3635;-77.5326;69;4.6
2012-05-31;12:31:07.00;-9.1048;-74.9513;149;4.8
2012-06-02;00:22:17.00;-17.7375;-69.7125;173;4.9
2012-06-02;18:10:46.00;-5.4882;-75.5096;166;4.5
2012-06-04;21:37:32.00;-15.0991;-75.5352;65;4.8
2012-06-05;05:07:55.00;-8.3058;-76.4844;46;4.5
2012-06-06;02:17:17.00;-9.9286;-78.5365;25;4.5
2012-06-07;16:03:15.00;-15.98;-72.7451;151;6.2
2012-06-07;21:23:48.00;-14.8766;-75.0273;64;4.5
2012-06-08;12:54:19.00;-12.572;-77.194;54;5
2012-06-09;15:27:58.00;-17.2974;-72.9351;16;4.7
2012-06-10;03:55:22.00;-10.6352;-75.086;163;4.8
2012-06-11;09:55:25.00;-13.9086;-75.6066;96;4.5
2012-06-11;23:37:37.00;-18.2222;-70.5107;107;5.3
2012-06-12;07:23:38.00;-14.288;-72.8968;93;4.8
2012-06-13;00:03:13.00;-16.0118;-74.4723;44;4.5
2012-06-13;03:21:22.00;-15.5823;-72.0644;143;4.6
2012-06-14;06:17:50.00;-10.1895;-75.3603;177;4.5
2012-06-15;03:32:59.00;-16.5674;-69.9086;181;4.8
2012-06-15;20:05:10.00;-3.5069;-76.6711;78;4.9
2012-06-16;00:19:38.00;-2.4959;-76.2443;60;5.2
2012-06-16;07:26:53.00;-7.3091;-75.6024;56;4.6
2012-06-16;10:36:48.00;-14.0202;-76.1178;50;4.6
2012-06-16;20:35:09.00;-2.934;-78.0822;76;4.9
2012-06-16;23:07:17.00;-15.2019;-73.4198;147;4.8
2012-06-17;03:12:08.00;-6.488;-80.756;44;4.3
2012-06-17;18:49:16.00;-9.3379;-75.4505;134;5
2012-06-18;07:43:26.00;-8.3957;-74.3342;154;4.9
2012-06-19;17:49:10.00;-5.3258;-77.7919;34;4.7
2012-06-20;13:30:18.00;-15.3956;-71.988;163;4.5
2012-06-21;04:56:18.00;-7.7181;-74.2025;170;4.8
2012-06-21;10:21:59.00;-16.1281;-74.5977;39;4.5
2012-06-21;11:38:29.00;-4.4837;-80.695;66;4.6
2012-06-21;22:17:10.00;-11.7067;-76.9645;96;5.1
2012-06-22;06:22:31.00;-4.6877;-76.735;41;4.6
2012-06-25;06:52:31.00;-11.4402;-73.3304;17;4.5
2012-06-26;21:17:15.00;-13.5112;-76.2055;18;4.8
2012-06-27;08:04:21.00;-11.5679;-76.4444;115;4.5
2012-06-27;12:41:08.00;-13.0393;-76.2025;96;4.9
2012-06-28;00:45:21.00;-8.4276;-74.375;152;4.8
2012-06-28;11:19:00.00;-12.1696;-77.646;44;4.7
2012-06-29;01:21:56.00;-8.6404;-74.6416;133;4.7
2012-06-29;06:53:15.00;-15.6488;-72.6243;126;4.5
2012-06-30;02:28:28.00;-16.4227;-73.3303;66;4.5
2012-06-30;03:36:26.00;-10.9791;-74.7969;9;4.7
2012-06-30;12:06:45.00;-15.6803;-72.6161;134;4.5
2012-06-30;13:35:08.00;-10.9864;-75.9581;51;4.5
2012-07-01;07:36:22.00;-7.8009;-76.1814;188;4.6
2012-07-02;23:31:34.00;-14.656;-76.021;42;6
2012-07-03;05:31:15.00;-14.7685;-76.3689;45;4.7
2012-07-03;13:47:02.00;-4.2778;-76.3827;129;5.4
2012-07-04;16:25:11.00;-11.2271;-73.8327;152;4.7
2012-07-05;08:44:33.00;-18.4597;-71.1939;40;4.5
2012-07-05;13:02:23.00;-16.1983;-73.7028;102;4.7
2012-07-05;23:36:47.00;-15.2655;-73.2163;116;5
2012-07-06;00:38:55.00;-3.8611;-77.0741;104;4.6
2012-07-06;18:59:06.00;-11.9004;-76.3547;22;4.5
2012-07-06;22:59:46.00;-11.8838;-76.3592;24;4.5
2012-07-09;10:02:55.00;-10.4474;-78.5798;36;4.8
2012-07-09;10:15:33.00;-17.762;-70.2628;101;4.8
2012-07-09;19:21:58.00;-14.3622;-75.3021;65;4.7
2012-07-09;20:53:58.00;-17.0669;-70.0043;174;4.7
2012-07-10;08:31:16.00;-14.6712;-75.8555;26;4.5
2012-07-10;18:42:22.00;-15.1807;-72.6469;132;4.5
2012-07-11;05:52:18.00;-16.755;-72.0067;53;4.7
2012-07-11;18:02:48.00;-17.4573;-71.9923;45;4.9
2012-07-11;20:52:36.00;-15.4813;-75.6492;32;5.2
2012-07-11;21:41:47.00;-15.416;-75.6144;21;5.3
2012-07-12;00:07:38.00;-15.6755;-75.8766;5;4.9
2012-07-12;01:03:06.00;-15.4256;-75.6275;39;4.7
2012-07-12;01:43:33.00;-15.4129;-74.9905;51;4.6
2012-07-12;05:05:31.00;-14.1867;-73.1469;116;4.7
2012-07-12;08:00:20.00;-15.4433;-75.6729;31;4.7
2012-07-12;08:11:41.00;-15.6982;-75.8052;16;4.8
2012-07-12;11:23:54.00;-15.4583;-75.6012;39;4.8
2012-07-12;13:11:30.00;-15.4617;-75.7353;22;4.6
2012-07-13;00:57:55.00;-18.1604;-70.2803;139;5
2012-07-13;10:17:53.00;-8.4358;-74.5177;173;5
2012-07-13;21:26:11.00;-15.3393;-73.6378;145;5.4
2012-07-14;20:07:35.00;-14.0764;-72.9076;18;4.5
2012-07-15;20:05:06.00;-13.7654;-74.008;86;5.3
2012-07-16;03:33:38.00;-13.4313;-72.8387;18;4.9
2012-07-16;18:30:41.00;-14.6284;-76.2458;29;4.8
2012-07-16;19:24:16.00;-4.4957;-80.9828;46;4.5
2012-07-17;02:10:42.00;-8.6365;-74.9871;139;4.7
2012-07-18;04:06:54.00;-7.9933;-74.4128;166;5.1
2012-07-18;08:04:11.00;-8.3576;-75.4456;118;4.8
2012-07-18;18:02:32.00;-3.1466;-77.8865;60;4.6
2012-07-19;00:01:58.00;-9.6235;-79.7042;56;4.5
2012-07-19;04:00:41.00;-4.2065;-81.0227;39;4.5
2012-07-19;10:35:33.00;-16.4337;-72.4628;133;4.5
2012-07-19;12:14:22.00;-11.5232;-77.0408;97;4.5
2012-07-20;10:40:47.00;-9.3073;-79.6801;55;4.7
2012-07-20;12:15:06.00;-9.9613;-75.384;9;4.5
2012-07-22;20:33:29.00;-15.0794;-71.3389;216;4.6
2012-07-23;10:19:39.00;-15.8786;-72.1241;39;4.5
2012-07-23;21:36:15.00;-8.761;-74.7067;149;4.5
2012-07-24;04:28:42.00;-4.1672;-77.2844;131;4.7
2012-07-25;17:55:14.00;-3.1501;-81.1274;56;4.7
2012-07-25;22:28:48.00;-18.3523;-70.0388;84;4.6
2012-07-26;04:28:51.00;-14.7276;-74.6648;95;4.5
2012-07-26;11:09:39.00;-12.3161;-74.6277;102;4.5
2012-07-26;13:36:18.00;-14.4665;-77.1155;11;4.9
2012-07-26;16:01:17.00;-14.1797;-76.5562;20;4.5
2012-07-28;12:43:59.00;-11.3424;-74.6513;116;4.5
2012-07-28;15:27:49.00;-10.01;-78.7897;55;4.6
2012-07-29;17:35:50.00;-12.0075;-77.2029;61;5
2012-07-29;19:41:47.00;-10.0116;-74.0621;194;4.7
2012-07-31;01:07:31.00;-6.1943;-75.4659;118;5.1
2012-07-31;22:34:39.00;-14.533;-76.3082;12;4.9
2012-08-01;07:07:23.00;-10.0126;-74.4503;128;4.6
2012-08-02;00:50:55.00;-17.7064;-72.5353;47;4.6
2012-08-02;09:38:31.00;-8.4392;-74.563;168;6.4
2012-08-03;03:03:28.00;-15.809;-73.1239;115;4.6
2012-08-03;18:03:16.00;-16.2485;-72.8678;62;5
2012-08-04;00:56:51.00;-16.0182;-73.1649;65;4.6
2012-08-04;02:22:55.00;-3.938;-81.1333;108;4.6
2012-08-04;03:03:35.00;-3.9617;-80.9715;76;4.6
2012-08-04;15:30:27.00;-15.159;-71.9104;163;4.6
2012-08-04;21:11:17.00;-14.8349;-72.8366;57;4.6
2012-08-06;02:14:03.00;-15.1489;-73.4994;127;4.5
2012-08-06;02:21:29.00;-16.2167;-70.4254;185;4.5
2012-08-06;06:25:42.00;-7.9943;-75.0314;142;4.8
2012-08-06;07:23:39.00;-13.6085;-76.2848;58;4.8
2012-08-07;02:02:48.00;-9.2024;-75.9677;157;5.2
2012-08-07;10:31:00.00;-13.5331;-77.0616;47;5.5
2012-08-07;21:43:51.00;-18.3028;-70.1467;106;4.9
2012-08-07;22:32:06.00;-5.1392;-77.1838;57;4.5
2012-08-08;08:35:17.00;-9.6158;-75.8326;119;4.9
2012-08-08;12:54:19.00;-4.601;-80.8655;30;4.5
2012-08-08;19:06:59.00;-5.6244;-76.0693;57;4.9
2012-08-09;16:14:38.00;-6.5271;-80.721;37;4.9
2012-08-09;17:28:08.00;-6.4493;-80.783;35;4.6
2012-08-11;03:19:19.00;-3.5667;-77.8563;77;4.5
2012-08-11;09:35:45.00;-11.4632;-77.8663;59;4.9
2012-08-11;10:54:45.00;-6.4646;-76.3041;120;4.5
2012-08-11;15:09:19.00;-18.0483;-69.6268;191;4.9
2012-08-11;22:00:19.00;-18.7626;-70.4016;68;4.8
2012-08-12;11:06:13.00;-6.7835;-76.6641;36;4.5
2012-08-13;05:32:46.00;-5.5282;-77.0602;129;5.3
2012-08-15;06:43:59.00;-5.0549;-77.8228;29;4.5
2012-08-16;10:26:43.00;-18.4414;-70.8424;41;4.8
2012-08-16;13:44:31.00;-12.6414;-75.3703;111;4.6
2012-08-17;22:07:42.00;-11.7615;-78.6222;14;4.5
2012-08-19;05:49:15.00;-10.4456;-75.3848;58;4.5
2012-08-20;08:13:59.00;-10.6405;-75.4432;20;4.5
2012-08-20;08:28:48.00;-15.1873;-72.2461;130;4.6
2012-08-20;16:49:26.00;-14.3972;-75.7809;56;4.5
2012-08-20;21:49:56.00;-8.6438;-74.7073;149;4.9
2012-08-21;04:34:22.00;-4.9334;-77.4078;111;4.9
2012-08-21;13:22:15.00;-18.2723;-70.5633;168;4.5
2012-08-23;13:11:50.00;-8.009;-74.6187;184;4.8
2012-08-23;17:35:06.00;-9.3654;-78.849;72;4.6
2012-08-25;14:38:32.00;-16.0124;-72.2916;106;4.6
2012-08-26;13:49:08.00;-5.6086;-76.9237;136;4.5
2012-08-26;14:12:44.00;-8.1865;-80.3157;49;4.5
2012-08-27;16:21:44.00;-17.654;-69.4801;184;4.6
2012-08-28;07:39:58.00;-7.8351;-81.577;51;4.5
2012-08-29;04:05:50.00;-15.6453;-74.4307;89;4.5
2012-08-29;22:11:41.00;-15.9318;-75.3402;22;4.7
2012-08-29;23:59:13.00;-15.7243;-75.1181;42;4.5
2012-08-30;03:01:22.00;-8.6009;-74.9744;157;5.2
2012-08-30;09:05:42.00;-15.7698;-74.8859;48;4.5
2012-08-30;23:00:37.00;-3.3421;-80.0109;128;5
2012-08-31;00:38:27.00;-7.0432;-76.2775;138;4.8
2012-08-31;11:19:48.00;-11.9458;-75.6811;102;4.5
2012-09-01;01:06:04.00;-15.0981;-74.0798;118;4.5
2012-09-01;05:13:27.00;-11.3863;-75.2365;177;4.5
2012-09-01;07:00:05.00;-3.4057;-80.9113;42;4.8
2012-09-01;14:40:07.00;-8.2723;-80.0995;36;4.9
2012-09-02;03:34:59.00;-13.3533;-76.3306;67;4.7
2012-09-02;06:41:54.00;-7.2009;-74.395;163;4.9
2012-09-02;10:11:48.00;-16.4807;-70.3548;192;4.9
2012-09-02;11:06:32.00;-7.1201;-76.4462;146;4.5
2012-09-04;13:41:00.00;-8.1081;-79.5889;41;4.5
2012-09-04;21:09:35.00;-8.5199;-79.541;55;4.5
2012-09-05;00:59:43.00;-11.2044;-73.5634;143;4.9
2012-09-05;20:28:26.00;-7.9684;-79.6476;44;4.5
2012-09-06;08:56:57.00;-16.6265;-71.7972;105;4.7
2012-09-06;11:18:01.00;-10.598;-78.9467;48;4.6
2012-09-06;21:04:16.00;-16.586;-73.8315;41;5.2
2012-09-06;23:05:16.00;-16.745;-73.8786;27;4.9
2012-09-07;12:26:04.00;-6.192;-80.0519;53;4.9
2012-09-07;18:12:02.00;-8.2697;-76.1791;158;4.5
2012-09-08;01:47:39.00;-11.4872;-74.7672;131;4.5
2012-09-08;15:17:58.00;-8.6744;-78.7452;68;4.5
2012-09-08;18:46:33.00;-5.8905;-79.1949;33;4.5
2012-09-09;01:14:31.00;-2.8124;-80.3235;63;4.8
2012-09-09;10:46:28.00;-5.4839;-80.6211;40;4.7
2012-09-11;05:03:04.00;-3.4491;-77.6727;77;4.9
2012-09-12;07:21:22.00;-8.4533;-76.9656;5;4.6
2012-09-12;13:18:20.00;-7.9656;-78.9945;41;4.5
2012-09-13;10:24:40.00;-15.7651;-72.4105;103;4.5
2012-09-13;11:16:14.00;-8.1391;-80.3108;55;4.6
2012-09-15;03:57:35.00;-4.3958;-80.659;68;4.7
2012-09-15;05:14:28.00;-4.1229;-80.2752;14;4.8
2012-09-15;09:44:57.00;-3.4813;-77.6433;78;4.8
2012-09-15;10:39:00.00;-18.3354;-71.1163;14;4.8
2012-09-15;10:55:30.00;-14.2734;-73.9188;101;4.5
2012-09-15;11:27:51.00;-12.523;-77.3313;47;4.5
2012-09-15;13:41:26.00;-9.1253;-77.6363;18;4.5
2012-09-15;23:41:24.00;-16.7757;-69.626;227;4.8
2012-09-16;13:28:50.00;-7.7633;-74.1716;198;4.9
2012-09-16;15:34:53.00;-13.5867;-77.2285;20;4.9
2012-09-16;16:08:26.00;-13.5822;-77.1342;38;4.8
2012-09-16;16:11:31.00;-13.5554;-77.1165;19;4.5
2012-09-16;17:03:29.00;-13.5392;-77.112;41;4.8
2012-09-18;02:43:49.00;-5.068;-79.3872;54;4.5
2012-09-18;12:09:50.00;-7.1102;-76.0072;146;4.6
2012-09-19;05:21:56.00;-13.0471;-76.6906;63;4.5
2012-09-20;06:08:04.00;-14.0535;-73.0644;115;5.3
2012-09-20;14:33:50.00;-9.9805;-76.4444;28;4.5
2012-09-22;08:36:17.00;-17.4587;-71.0491;33;4.9
2012-09-22;12:34:33.00;-14.9303;-73.0675;46;4.6
2012-09-23;00:40:07.00;-8.5077;-74.1864;168;4.9
2012-09-23;08:47:19.00;-13.0634;-76.6703;58;4.9
2012-09-24;17:53:18.00;-12.9461;-74.03;68;4.6
2012-09-24;23:25:10.00;-16.6377;-73.1983;48;4.8
2012-09-25;06:42:32.00;-17.9188;-71.584;24;4.7
2012-09-25;17:49:08.00;-8.8933;-76.0162;151;5.1
2012-09-27;10:42:24.00;-10.4657;-74.3878;142;4.5
2012-09-28;04:39:01.00;-11.8491;-76.4854;103;4.9
2012-09-29;11:31:22.00;-4.3312;-80.6148;38;4.5
2012-09-29;17:48:56.00;-17.673;-69.824;139;5.4
2012-09-30;05:05:02.00;-15.7046;-70.6413;211;4.8
2012-09-30;05:15:42.00;-16.2148;-73.7567;34;4.5
2012-10-01;02:49:02.00;-8.3263;-78.6893;68;4.5
2012-10-01;22:51:18.00;-8.841;-75.6803;129;4.9
2012-10-02;01:38:07.00;-8.7661;-80.1222;13;4.5
2012-10-02;10:51:00.00;-15.1396;-73.9808;118;4.7
2012-10-02;11:05:00.00;-14.4089;-76.5539;21;4.6
2012-10-03;08:02:45.00;-14.1244;-76.0193;57;4.8
2012-10-03;15:26:54.00;-12.9896;-73.942;80;4.6
2012-10-03;22:48:54.00;-14.3388;-76.3043;45;5.3
2012-10-04;23:36:19.00;-5.3529;-78.8223;16;4.5
2012-10-05;17:56:04.00;-15.6406;-71.0438;174;4.9
2012-10-06;05:57:52.00;-18.3706;-70.3667;71;4.5
2012-10-06;09:22:13.00;-14.2132;-74.5859;90;4.8
2012-10-06;10:00:50.00;-6.1795;-80.8528;24;4.5
2012-10-07;01:36:37.00;-3.7653;-79.7793;133;4.5
2012-10-07;02:27:36.00;-14.1921;-74.5616;104;4.6
2012-10-07;06:38:51.00;-9.6105;-75.0877;136;4.9
2012-10-07;13:29:47.00;-7.7469;-80.7216;46;4.6
2012-10-07;14:41:03.00;-5.3126;-76.7861;122;4.8
2012-10-08;04:41:18.00;-4.1347;-80.2744;40;4.5
2012-10-08;18:59:15.00;-11.1067;-74.4657;118;4.5
2012-10-09;02:32:26.00;-14.062;-76.3205;39;4.9
2012-10-09;05:12:37.00;-9.6415;-79.9131;22;4.7
2012-10-09;08:24:12.00;-11.2751;-73.4814;137;4.6
2012-10-09;10:15:14.00;-14.2756;-72.9064;30;4.6
2012-10-09;23:56:34.00;-8.8589;-74.5503;147;4.9
2012-10-10;15:53:40.00;-9.3675;-79.4387;75;4.6
2012-10-11;00:17:30.00;-15.7087;-75.4294;30;4.8
2012-10-11;04:50:55.00;-14.2175;-75.7663;57;4.5
2012-10-11;23:48:06.00;-9.7954;-78.5295;47;4.7
2012-10-12;10:53:54.00;-15.5374;-72.7992;10;4.7
2012-10-12;23:12:28.00;-8.2318;-80.0892;34;4.5
2012-10-13;14:45:08.00;-9.4506;-74.1979;161;4.7
2012-10-14;05:30:33.00;-9.3901;-80.2067;59;4.5
2012-10-15;16:47:13.00;-8.1735;-73.6576;216;4.9
2012-10-16;00:50:36.00;-4.4133;-77.5408;57;4.5
2012-10-16;07:33:59.00;-8.6266;-75.6043;163;4.8
2012-10-16;17:02:11.00;-8.0714;-76.4795;189;4.5
2012-10-17;02:25:54.00;-13.6129;-70.6458;10;5.1
2012-10-17;17:17:00.00;-11.3396;-77.7736;63;4.6
2012-10-18;03:08:16.00;-7.3569;-76.2365;143;4.5
2012-10-19;01:16:28.00;-12.5718;-77.0828;47;4.5
2012-10-19;15:42:47.00;-7.4762;-80.1978;30;4.8
2012-10-19;17:28:29.00;-15.7522;-72.292;128;4.5
2012-10-22;00:39:16.00;-8.3858;-80.212;41;4.6
2012-10-23;15:54:58.00;-10.7212;-74.7943;138;4.5
2012-10-24;20:54:39.00;-10.5862;-78.5926;54;4.7
2012-10-25;12:32:24.00;-7.8826;-76.3772;41;4.5
2012-10-25;20:49:35.00;-5.8314;-76.2061;36;6.2
2012-10-26;00:28:31.00;-14.7153;-74.5258;66;4.9
2012-10-27;18:53:22.00;-4.7138;-75.5439;33;4.7
2012-10-29;03:46:00.00;-3.2153;-80.7103;16;4.5
2012-10-29;11:39:58.00;-9.8187;-75.6241;53;4.6
2012-10-30;15:20:55.00;-14.8239;-71.5062;138;4.7
2012-10-30;19:44:55.00;-12.5146;-76.8274;56;4.7
2012-10-31;00:12:35.00;-16.2005;-71.8278;141;4.6
2012-10-31;07:26:20.00;-5.8268;-77.0736;134;4.5
2012-10-31;08:21:38.00;-8.4577;-80.2008;35;4.5
2012-10-31;09:14:46.00;-8.6915;-75.6442;127;4.5
2012-11-01;01:37:25.00;-11.9612;-76.0069;22;5.1
2012-11-01;01:53:30.00;-11.9452;-75.9938;21;4.8
2012-11-02;16:49:42.00;-10.0995;-74.2895;110;4.9
2012-11-03;09:47:01.00;-16.6389;-72.0623;99;4.8
2012-11-03;13:56:21.00;-15.6735;-71.9723;141;5.3
2012-11-04;01:52:13.00;-12.1316;-76.0255;110;5.3
2012-11-04;06:37:36.00;-16.0299;-72.2888;109;5.7
2012-11-04;09:59:54.00;-9.6871;-74.7362;130;4.9
2012-11-04;17:00:43.00;-9.4945;-79.3663;51;4.5
2012-11-04;20:29:38.00;-13.581;-76.0371;93;4.5
2012-11-06;23:16:07.00;-10.1752;-79.3922;27;4.7
2012-11-07;07:54:50.00;-17.0305;-69.7667;220;4.8
2012-11-08;00:47:42.00;-16.0503;-73.9891;60;4.5
2012-11-08;01:25:16.00;-7.7774;-81.1076;26;4.5
2012-11-09;00:14:49.00;-7.971;-79.8758;49;4.5
2012-11-09;12:19:07.00;-8.6096;-74.3019;169;5
2012-11-10;08:32:49.00;-4.8454;-81.0037;49;4.5
2012-11-10;14:57:50.00;-8.8817;-75.1934;135;6.2
2012-11-10;19:29:37.00;-9.4553;-75.5351;38;4.7
2012-11-11;10:14:23.00;-17.5744;-69.7622;176;4.8
2012-11-12;01:50:38.00;-9.9254;-75.6284;26;4.8
2012-11-12;09:28:46.00;-9.8172;-78.7709;40;4.7
2012-11-12;12:37:20.00;-15.6386;-73.8323;78;4.7
2012-11-12;14:08:27.00;-4.832;-76.3173;55;5
2012-11-13;05:48:20.00;-9.128;-74.3327;210;4.9
2012-11-13;05:48:58.00;-12.5837;-76.7146;52;4.6
2012-11-13;13:58:13.00;-9.8783;-78.883;40;4.8
2012-11-13;16:56:37.00;-5.9393;-81.0355;15;4.5
2012-11-14;03:31:26.00;-9.2699;-77.5625;10;4.5
2012-11-14;20:41:56.00;-7.8884;-74.0847;60;4.5
2012-11-15;07:54:47.00;-9.4882;-79.0083;49;4.5
2012-11-15;10:08:49.00;-7.8731;-74.0777;192;4.7
2012-11-15;16:09:07.00;-8.1961;-73.9207;195;4.8
2012-11-16;00:21:56.00;-13.2981;-76.6794;57;5.2
2012-11-16;06:05:42.00;-7.9418;-74.7491;145;5
2012-11-16;06:13:44.00;-18.1012;-69.8253;163;4.6
2012-11-16;21:56:48.00;-15.98;-73.1761;44;4.6
2012-11-17;07:00:56.00;-17.6763;-70.203;142;4.6
2012-11-17;11:13:33.00;-11.2406;-76.0296;117;4.6
2012-11-17;13:50:46.00;-9.559;-75.7304;63;4.6
2012-11-18;02:23:28.00;-9.8148;-78.6844;89;4.7
2012-11-18;09:28:44.00;-5.7285;-75.7608;28;4.8
2012-11-18;09:52:21.00;-11.6992;-73.6447;112;4.8
2012-11-18;12:29:06.00;-5.2805;-79.302;114;4.8
2012-11-18;21:13:27.00;-16.245;-74.2285;49;4.5
2012-11-18;22:15:31.00;-9.7271;-75.5051;139;4.7
2012-11-19;02:40:24.00;-13.4944;-71.4612;150;4.5
2012-11-19;16:34:26.00;-17.9837;-70.793;38;5
2012-11-19;22:30:23.00;-10.0927;-78.5868;55;4.8
2012-11-20;05:20:28.00;-11.6903;-77.7246;61;4.6
2012-11-21;02:59:37.00;-6.7196;-74.4852;55;4.6
2012-11-21;05:07:22.00;-10.5531;-75.1941;142;4.8
2012-11-22;03:11:00.00;-5.4822;-79.5609;12;4.5
2012-11-22;04:37:41.00;-3.9304;-76.8727;57;4.5
2012-11-22;04:39:48.00;-9.4928;-78.5882;69;4.5
2012-11-22;11:56:23.00;-6.272;-76.719;119;4.7
2012-11-22;21:12:09.00;-14.6764;-76.1362;19;4.9
2012-11-22;23:20:56.00;-15.2271;-74.332;69;4.7
2012-11-24;01:20:56.00;-11.1817;-78.0831;64;4.8
2012-11-24;03:16:46.00;-12.0766;-72.5262;155;4.6
2012-11-24;03:58:42.00;-8.1305;-79.865;55;4.8
2012-11-26;05:06:09.00;-8.3309;-80.0214;10;4.5
2012-11-26;18:48:02.00;-5.5291;-80.8534;11;4.5
2012-11-26;22:27:39.00;-17.628;-69.809;131;4.5
2012-11-27;02:12:25.00;-14.548;-72.5719;55;4.5
2012-11-27;09:19:58.00;-10.9574;-77.9438;56;4.9
2012-11-28;03:09:46.00;-4.6849;-76.2691;143;6
2012-11-29;02:15:52.00;-9.2512;-75.9845;22;4.6
2012-11-29;06:38:09.00;-13.9154;-77.1131;41;4.5
2012-11-29;07:09:08.00;-6.6715;-81.4624;48;5.6
2012-11-29;15:29:39.00;-6.4049;-81.1021;25;4.5
2012-11-30;04:08:11.00;-9.5639;-78.9113;60;4.5
2012-11-30;09:02:47.00;-15.2375;-73.0723;139;5
2012-11-30;16:44:48.00;-8.69;-74.6607;39;4.6
2012-12-01;06:13:51.00;-15.7686;-72.1185;131;4.5
2012-12-03;07:13:52.00;-4.6835;-78.4243;38;4.7
2012-12-03;12:52:14.00;-15.6815;-70.5168;201;4.6
2012-12-04;04:21:55.00;-8.856;-74.2715;176;5
2012-12-04;17:12:51.00;-8.3432;-80.4029;22;4.6
2012-12-04;22:56:45.00;-5.0024;-81.6471;44;4.5
2012-12-05;00:23:35.00;-10.3491;-76.4979;118;4.9
2012-12-06;08:42:36.00;-9.6984;-79.6577;56;4.5
2012-12-06;18:58:54.00;-18.4388;-69.9294;143;5.3
2012-12-07;07:07:02.00;-16.0297;-74.1557;40;4.5
2012-12-09;11:00:15.00;-9.5237;-75.605;39;4.5
2012-12-10;11:25:23.00;-12.4229;-77.2423;42;4.8
2012-12-10;16:09:41.00;-15.0899;-72.5214;105;4.8
2012-12-11;01:34:20.00;-3.4395;-80.5615;28;4.5
2012-12-11;02:13:28.00;-17.8367;-69.7286;151;4.9
2012-12-11;19:01:58.00;-6.9702;-80.6724;16;4.6
2012-12-11;22:33:12.00;-8.2302;-76.114;174;4.6
2012-12-13;02:42:07.00;-7.4897;-79.9422;37;4.5
2012-12-13;19:51:06.00;-9.007;-75.1872;180;4.8
2012-12-14;05:57:15.00;-5.7658;-81.3963;19;4.5
2012-12-14;20:56:33.00;-13.6644;-76.433;23;4.5
2012-12-15;07:29:44.00;-8.3561;-74.9599;133;4.9
2012-12-15;08:10:32.00;-9.4535;-79.3681;16;4.5
2012-12-16;04:11:28.00;-6.07;-74.8741;185;4.9
2012-12-16;14:23:17.00;-6.9688;-74.4505;157;4.8
2012-12-17;01:19:00.00;-6.9847;-80.8488;38;5
2012-12-17;01:25:21.00;-6.9651;-80.8921;34;4.9
2012-12-17;06:01:14.00;-9.5166;-79.391;24;4.6
2012-12-17;06:06:31.00;-3.4584;-81.8513;27;4.8
2012-12-17;06:38:46.00;-3.1738;-77.6122;60;4.6
2012-12-17;07:14:37.00;-14.4016;-74.2084;103;4.5
2012-12-17;07:43:43.00;-5.8999;-80.6326;48;4.5
2012-12-17;12:00:52.00;-8.9417;-76.5328;152;4.6
2012-12-17;13:22:13.00;-8.2873;-76.4789;36;4.8
2012-12-18;00:00:51.00;-9.2346;-75.7679;160;4.7
2012-12-18;17:48:19.00;-14.6567;-76.1668;34;4.7
2012-12-18;19:31:46.00;-11.3516;-74.9008;217;4.7
2012-12-19;00:40:57.00;-15.6977;-70.9813;51;4.6
2012-12-19;11:20:31.00;-9.4364;-79.1855;54;4.5
2012-12-20;19:55:41.00;-5.6472;-77.6107;166;4.5
2012-12-21;02:28:33.00;-5.836;-81.7046;8;4.6
2012-12-21;04:26:25.00;-4.3092;-81.0003;58;4.6
2012-12-21;05:00:31.00;-9.0418;-78.792;73;4.5
2012-12-21;06:01:26.00;-5.8217;-75.1501;34;4.6
2012-12-22;06:43:40.00;-12.56;-76.8181;51;4.7
2012-12-22;13:40:24.00;-3.0253;-80.4891;15;4.8
2012-12-22;16:02:42.00;-6.0081;-76.7905;55;5.3
2012-12-22;17:52:38.00;-3.5453;-80.239;82;4.5
2012-12-22;18:18:38.00;-4.3435;-80.539;38;4.5
2012-12-22;19:01:54.00;-5.9299;-76.9713;8;4.5
2012-12-22;21:23:34.00;-6.1145;-76.8995;21;4.5
2012-12-22;21:28:06.00;-5.9513;-76.5044;152;4.5
2012-12-23;14:42:29.00;-7.4135;-75.5671;100;4.6
2012-12-24;05:31:34.00;-18.1716;-70.3164;99;5.2
2012-12-24;13:53:55.00;-4.5827;-82.2253;6;4.5
2012-12-25;03:30:12.00;-8.8421;-79.8634;52;4.7
2012-12-25;04:05:51.00;-7.5649;-74.432;190;4.9
2012-12-25;04:48:09.00;-5.6424;-76.5992;102;4.5
2012-12-26;03:35:55.00;-8.3424;-74.3151;67;4.7
2012-12-26;06:45:14.00;-5.3736;-76.9187;99;4.5
2012-12-26;07:58:38.00;-7.8069;-76.4256;156;4.5
2012-12-28;00:05:58.00;-10.7492;-78.2813;63;4.9
2012-12-28;08:34:01.00;-10.8411;-78.0667;45;4.8
2012-12-28;13:54:31.00;-6.7433;-76.8321;145;4.5
2012-12-29;01:57:40.00;-11.4436;-77.0409;97;5
2012-12-30;08:47:05.00;-6.3054;-76.9887;130;4.5
2012-12-30;11:37:21.00;-15.9814;-74.3288;46;4.6
2012-12-30;11:57:43.00;-9.7954;-72.8748;171;4.9
2012-12-30;13:32:50.00;-10.8924;-77.9887;82;4.9
2012-12-30;13:39:40.00;-17.3778;-72.3744;47;4.6
2012-12-30;20:49:25.00;-13.002;-71.2131;11;5.5
2012-12-31;04:40:22.00;-12.7127;-75.2464;72;4.5
2012-12-31;08:46:18.00;-11.444;-77.8492;51;5.3
2012-12-31;09:30:46.00;-7.1908;-80.9342;22;4.8
2012-12-31;09:34:00.00;-7.4855;-80.258;24;4.5
2012-12-31;10:10:32.00;-7.3099;-80.5454;39;4.7
2012-12-31;11:36:53.00;-8.7896;-78.7943;42;4.5
2012-12-31;23:11:12.00;-18.1489;-70.2891;140;4.8
2013-01-01;14:25:19.00;-12.6182;-76.7686;62;4.5
2013-01-02;06:09:04.00;-7.6207;-74.2491;172;4.6
2013-01-02;12:15:36.00;-5.3829;-78.6587;22;4.5
2013-01-02;15:52:36.00;-3.6134;-82.125;32;4.5
2013-01-03;14:31:35.00;-15.0332;-74.0146;116;4.5
2013-01-04;02:14:35.00;-5.7676;-75.8358;40;4.7
2013-01-04;23:44:35.00;-8.963;-75.0118;152;4.9
2013-01-05;03:46:25.00;-15.4023;-71.9071;55;4.8
2013-01-05;15:02:09.00;-9.4476;-79.5261;32;4.7
2013-01-06;00:19:18.00;-8.9734;-80.2998;50;4.6
2013-01-06;12:07:32.00;-14.4141;-75.4086;82;4.7
2013-01-06;14:34:51.00;-17.4368;-72.3711;39;5.1
2013-01-07;04:50:16.00;-18.2471;-71.7211;36;4.5
2013-01-07;11:39:29.00;-15.1328;-74.7563;77;4.5
2013-01-07;18:20:32.00;-8.4252;-76.3747;38;4.5
2013-01-08;01:04:27.00;-14.5674;-72.4857;25;4.5
2013-01-08;17:25:53.00;-8.2819;-74.4042;164;4.7
2013-01-09;18:38:41.00;-18.5068;-70.0242;124;5.3
2013-01-09;20:47:39.00;-8.3608;-79.7162;51;4.5
2013-01-09;22:29:39.00;-15.2592;-75.9205;54;4.7
2013-01-10;05:14:22.00;-11.6275;-77.6985;43;4.8
2013-01-10;10:56:01.00;-14.4718;-73.797;108;4.5
2013-01-10;13:57:26.00;-14.6944;-76.163;29;4.8
2013-01-10;19:58:20.00;-5.9842;-81.1222;12;4.7
2013-01-10;22:44:22.00;-7.1081;-80.9785;8;4.5
2013-01-12;14:24:29.00;-7.4159;-75.8224;38;4.6
2013-01-12;15:57:16.00;-18.5755;-71.0818;12;4.5
2013-01-13;02:07:37.00;-8.0503;-76.0021;105;4.6
2013-01-13;19:29:09.00;-9.9267;-74.1968;151;4.7
2013-01-14;19:52:57.00;-14.8599;-71.9604;20;4.8
2013-01-15;02:08:04.00;-14.7098;-71.6469;122;4.6
2013-01-15;05:55:53.00;-5.513;-79.6877;91;4.7
2013-01-15;19:23:46.00;-4.4971;-78.4121;100;4.5
2013-01-15;22:34:50.00;-5.7443;-80.6656;35;5.2
2013-01-15;22:44:11.00;-5.9237;-81.183;40;4.5
2013-01-16;00:07:32.00;-15.194;-70.5331;166;5.1
2013-01-16;01:29:16.00;-15.85;-71.9112;12;4.7
2013-01-16;03:18:52.00;-15.8082;-71.8981;12;4.6
2013-01-16;07:04:13.00;-5.7904;-77.0303;34;5
2013-01-17;02:04:42.00;-15.302;-70.798;73;4.3
2013-01-17;06:43:41.00;-10.8963;-73.6678;14;4.6
2013-01-17;17:11:14.00;-14.8457;-71.9888;129;4.5
2013-01-18;07:52:57.00;-14.2316;-71.8137;216;4.6
2013-01-18;14:28:20.00;-14.8056;-71.8054;124;4.9
2013-01-18;19:51:42.00;-12.959;-71.253;47;4.5
2013-01-19;05:14:05.00;-13.3905;-76.171;60;4.8
2013-01-19;07:44:37.00;-8.767;-80.1078;25;4.6
2013-01-19;12:19:02.00;-15.7173;-70.7384;174;4.5
2013-01-20;05:39:55.00;-14.7407;-76.1595;43;4.9
2013-01-20;12:23:13.00;-5.9223;-76.7106;122;4.5
2013-01-20;23:03:11.00;-5.1332;-81.108;25;4.5
2013-01-21;12:25:49.00;-9.1676;-79.1836;36;4.7
2013-01-22;03:32:12.00;-5.7995;-77.6914;34;4.5
2013-01-22;04:24:18.00;-17.4166;-72.3917;43;4.5
2013-01-22;07:55:37.00;-16.0175;-74.5599;41;4.6
2013-01-22;12:06:35.00;-9.9657;-73.9905;163;5
2013-01-22;17:02:26.00;-9.3023;-79.3993;55;4.6
2013-01-23;01:27:57.00;-17.5036;-72.9432;16;4.8
2013-01-23;11:18:01.00;-14.8705;-71.7382;134;4.5
2013-01-23;14:53:31.00;-18.0178;-70.4409;93;4.9
2013-01-24;03:28:54.00;-10.4231;-78.3303;64;4.6
2013-01-25;00:56:22.00;-13.5581;-76.1934;48;4.5
2013-01-25;02:49:09.00;-4.8749;-76.6528;190;4.6
2013-01-25;18:33:58.00;-9.6516;-79.7526;14;4.7
2013-01-26;10:07:21.00;-8.3217;-75.9812;44;4.6
2013-01-26;16:33:22.00;-5.1957;-77.1366;56;4.5
2013-01-27;22:42:58.00;-3.5945;-80.8562;28;4.5
2013-01-28;22:04:33.00;-16.1625;-73.6494;47;4.9
2013-01-29;03:31:24.00;-15.5006;-72.0564;134;4.8
2013-01-29;04:51:02.00;-5.8252;-75.9572;25;4.5
2013-01-29;10:47:55.00;-15.6204;-70.5932;221;4.7
2013-01-29;12:19:16.00;-8.8214;-80.2199;42;4.6
2013-01-29;16:53:47.00;-16.7267;-72.8432;71;4.5
2013-01-29;17:12:34.00;-15.8557;-71.7874;25;4.8
2013-01-30;05:59:49.00;-14.4441;-72.5659;11;4.6
2013-01-30;23:34:23.00;-16.2089;-75.2047;16;5.1
2013-01-31;02:40:16.00;-16.1041;-75.1262;14;4.9
2013-01-31;15:29:57.00;-8.0855;-76.0697;146;4.7
2013-01-31;18:22:56.00;-15.8807;-75.2658;24;5
2013-02-02;03:09:08.00;-15.1737;-74.7094;68;4.9
2013-02-02;09:53:24.00;-15.6395;-75.134;15;4.6
2013-02-02;12:07:09.00;-4.5335;-77.9011;53;4.5
2013-02-02;14:04:30.00;-9.0191;-79.1941;55;4.5
2013-02-02;19:37:12.00;-4.9499;-77.736;254;4.5
2013-02-03;12:49:24.00;-14.4026;-73.5236;112;4.9
2013-02-04;04:35:04.00;-3.158;-80.9521;19;4.5
2013-02-04;06:28:37.00;-3.6956;-80.7209;42;4.5
2013-02-04;07:59:41.00;-16.1309;-71.825;123;4.7
2013-02-04;09:09:06.00;-15.5409;-74.4734;79;4.7
2013-02-05;14:44:33.00;-3.6822;-78.336;266;4.5
2013-02-06;02:22:29.00;-3.9098;-80.6088;31;4.5
2013-02-06;12:40:16.00;-7.3775;-80.2946;42;4.5
2013-02-06;14:40:06.00;-9.1361;-77.5433;10;4.7
2013-02-07;01:43:53.00;-15.0599;-76.4505;41;4.5
2013-02-07;09:36:54.00;-6.5338;-74.6429;167;5
2013-02-07;10:05:37.00;-15.8332;-71.7719;12;4.7
2013-02-07;15:37:16.00;-5.7459;-77.3379;121;4.5
2013-02-07;20:25:16.00;-9.7887;-75.0389;122;4.7
2013-02-08;03:36:01.00;-9.5983;-75.8614;35;4.5
2013-02-08;20:22:49.00;-13.664;-76.4599;55;4.6
2013-02-09;01:37:28.00;-14.6625;-74.0706;108;4.6
2013-02-09;10:32:36.00;-9.843;-79.4651;48;4.6
2013-02-09;15:18:11.00;-13.4931;-76.039;69;4.5
2013-02-10;00:31:10.00;-13.0432;-76.6215;68;4.5
2013-02-10;15:10:52.00;-14.9464;-73.5749;116;4.7
2013-02-11;13:59:12.00;-10.4233;-74.4679;110;5
2013-02-12;05:50:01.00;-15.1125;-72.5749;130;5.2
2013-02-13;00:16:57.00;-10.8514;-73.2594;148;4.6
2013-02-15;11:29:04.00;-12.7627;-76.9552;39;4.5
2013-02-16;12:58:26.00;-16.1157;-74.7532;25;4.5
2013-02-16;23:29:12.00;-11.5506;-78.7911;56;4.6
2013-02-17;08:47:01.00;-4.8188;-80.2515;57;4.5
2013-02-18;02:15:51.00;-10.8184;-74.6851;56;4.9
2013-02-18;03:10:24.00;-6.2507;-75.3042;37;4.5
2013-02-18;04:51:51.00;-3.6914;-77.0985;143;5.2
2013-02-18;16:19:48.00;-15.7198;-72.3002;134;5
2013-02-18;22:27:51.00;-16.7645;-70.2248;195;4.6
2013-02-20;13:26:01.00;-15.5339;-72.5929;116;5.1
2013-02-22;08:58:59.00;-3.706;-80.4313;59;4.5
2013-02-22;11:17:09.00;-4.6441;-77.8488;43;4.5
2013-02-22;20:09:53.00;-14.3243;-75.6646;54;4.8
2013-02-22;20:15:22.00;-15.8397;-71.8128;5;5.3
2013-02-22;21:01:46.00;-15.8669;-71.8119;8;5.6
2013-02-22;21:50:47.00;-15.8951;-71.8046;7;5.5
2013-02-22;22:22:05.00;-8.9326;-78.7615;58;4.6
2013-02-23;10:49:27.00;-15.6405;-71.8884;9;4.6
2013-02-23;18:27:29.00;-17.7957;-69.8587;192;4.8
2013-02-23;20:00:41.00;-15.9766;-74.338;91;4.6
2013-02-23;20:08:18.00;-15.8399;-71.7993;9;5
2013-02-24;00:37:32.00;-15.5259;-71.6368;134;4.5
2013-02-24;04:16:59.00;-15.8367;-71.8532;11;4.6
2013-02-24;07:27:04.00;-4.4239;-80.9026;31;4.5
2013-02-24;08:27:36.00;-3.9479;-80.5092;32;4.5
2013-02-24;11:37:24.00;-18.2981;-70.0046;139;4.5
2013-02-25;05:02:28.00;-18.1719;-71.4709;26;4.9
2013-02-25;14:25:33.00;-2.6763;-80.3587;41;4.5
2013-02-25;17:54:19.00;-15.7181;-72.8449;103;4.9
2013-02-25;23:38:56.00;-6.1555;-76.015;73;4.5
2013-02-26;08:37:41.00;-4.0836;-80.9551;30;4.5
2013-02-26;15:35:35.00;-8.1698;-74.3019;205;4.7
2013-02-26;17:27:06.00;-16.89;-71.3196;104;4.5
2013-02-27;15:56:09.00;-3.8239;-78.5828;167;4.9
2013-02-27;21:43:00.00;-10.198;-74.8707;30;4.6
2013-02-28;03:53:54.00;-16.2881;-72.2754;98;4.6
2013-02-28;10:29:52.00;-4.9998;-78.7205;18;4.5
2013-02-28;17:27:48.00;-2.7089;-78.0955;273;4.5
2013-03-02;02:25:14.00;-8.5929;-79.4186;43;4.6
2013-03-02;02:51:26.00;-12.7123;-76.9345;35;4.6
2013-03-03;06:22:51.00;-17.858;-71.0658;23;4.6
2013-03-03;10:10:33.00;-7.4412;-76.5155;32;4.5
2013-03-03;10:24:57.00;-14.8855;-72.1666;149;4.5
2013-03-03;17:40:20.00;-16.0992;-72.5673;28;4.5
2013-03-04;13:15:46.00;-16.0813;-73.2464;94;4.5
2013-03-04;15:33:57.00;-15.85;-71.9228;111;4.6
2013-03-04;17:22:59.00;-8.2066;-75.6719;118;5.2
2013-03-04;22:10:14.00;-14.739;-71.8533;118;4.5
2013-03-04;23:38:20.00;-2.2319;-76.9591;56;4.6
2013-03-05;07:03:36.00;-14.743;-75.8155;38;4.8
2013-03-05;09:21:07.00;-3.7985;-77.2428;106;4.5
2013-03-05;09:48:41.00;-4.4521;-77.0202;54;4.5
2013-03-05;14:24:09.00;-9.1782;-79.2364;25;4.6
2013-03-05;16:03:15.00;-15.9466;-71.6086;156;4.6
2013-03-06;00:30:59.00;-6.148;-76.6649;98;4.5
2013-03-06;01:30:57.00;-17.5885;-69.6215;145;4.8
2013-03-09;00:55:17.00;-2.502;-81.7618;23;4.5
2013-03-09;01:32:02.00;-15.831;-71.8281;10;4.8
2013-03-09;04:40:26.00;-10.3809;-78.6871;56;4.9
2013-03-10;05:06:29.00;-15.5889;-72.6368;108;4.6
2013-03-10;19:53:35.00;-3.7683;-79.8341;50;4.6
2013-03-10;23:59:54.00;-14.4625;-76.1339;38;4.6
2013-03-11;07:57:58.00;-15.3722;-71.9901;122;4.6
2013-03-11;11:22:36.00;-6.4396;-75.3807;36;4.5
2013-03-11;13:40:05.00;-4.0081;-74.9433;112;4.6
2013-03-11;14:33:11.00;-12.8327;-77.0364;44;4.6
2013-03-11;17:55:19.00;-6.5122;-78.875;117;4.5
2013-03-12;21:24:49.00;-2.952;-77.8709;37;4.6
2013-03-13;19:33:30.00;-3.6422;-77.1283;116;4.5
2013-03-14;08:55:04.00;-11.894;-72.03;27;4.5
2013-03-14;09:16:49.00;-12.073;-72.103;10;4.6
2013-03-14;15:50:45.00;-15.8019;-71.8542;6;5
2013-03-15;05:34:15.00;-3.164;-75.9173;220;4.9
2013-03-15;18:23:54.00;-4.0703;-80.0432;83;4.9
2013-03-15;21:05:35.00;-14.3718;-76.4912;25;4.6
2013-03-15;23:07:28.00;-5.9905;-75.1146;58;4.5
2013-03-16;00:54:20.00;-3.3649;-81.1397;52;4.7
2013-03-17;11:48:25.00;-9.1308;-80.3807;56;4.5
2013-03-17;17:35:51.00;-8.906;-80.8546;57;5.3
2013-03-18;09:49:18.00;-16.6704;-72.443;65;4.6
2013-03-18;16:16:35.00;-16.5768;-72.507;87;5.1
2013-03-19;04:31:16.00;-3.045;-77.4944;110;4.5
2013-03-19;05:53:44.00;-9.839;-75.3233;146;4.9
2013-03-19;08:26:18.00;-15.8974;-73.3894;57;4.5
2013-03-19;08:57:52.00;-14.1822;-72.9941;132;4.5
2013-03-19;17:41:02.00;-13.2737;-76.6458;48;4.5
2013-03-19;23:06:29.00;-13.164;-76.3914;69;5
2013-03-20;06:19:43.00;-3.3359;-81.1267;56;4.5
2013-03-20;06:39:14.00;-8.4288;-75.4985;105;4.7
2013-03-20;08:10:49.00;-16.7712;-69.9797;204;4.7
2013-03-20;12:18:19.00;-4.7727;-75.6176;173;4.5
2013-03-20;15:41:24.00;-16.0454;-72.22;116;4.5
2013-03-21;02:21:25.00;-16.0428;-73.4757;68;4.6
2013-03-21;07:20:34.00;-9.3841;-80.5643;51;4.9
2013-03-21;08:08:34.00;-14.7741;-75.992;38;4.6
2013-03-22;08:28:18.00;-11.0539;-78.2033;81;4.8
2013-03-22;16:00:27.00;-7.2252;-78.5435;26;4.5
2013-03-22;17:15:36.00;-8.2892;-78.3706;96;4.5
2013-03-23;08:00:12.00;-15.9993;-74.0168;76;4.7
2013-03-23;22:37:32.00;-15.8548;-71.7576;10;5.1
2013-03-24;02:17:54.00;-7.4997;-76.4562;106;4.7
2013-03-24;07:30:18.00;-13.4251;-74.125;9;4.9
2013-03-25;04:22:27.00;-4.2589;-72.949;5;4.7
2013-03-25;09:23:36.00;-5.9565;-74.7055;57;4.7
2013-03-26;09:57:00.00;-6.3671;-76.4759;141;4.8
2013-03-26;10:38:02.00;-5.4635;-78.3163;139;4.5
2013-03-26;17:28:54.00;-5.2681;-77.6968;263;4.5
2013-03-26;18:53:49.00;-14.5082;-74.9007;140;4.5
2013-03-26;20:34:15.00;-16.7991;-74.334;22;4.7
2013-03-27;00:06:21.00;-4.8013;-80.1086;93;4.5
2013-03-27;16:19:26.00;-16.4961;-74.0778;51;4.5
2013-03-27;20:25:39.00;-9.081;-75.25;173;4.5
2013-03-27;20:59:27.00;-10.9614;-74.1737;168;5.2
2013-03-28;10:58:11.00;-5.8243;-75.4532;76;4.5
2013-03-28;20:17:52.00;-16.7565;-72.9511;35;5.1
2013-03-29;21:15:17.00;-5.4171;-76.9024;166;4.5
2013-03-30;09:51:51.00;-7.0749;-80.1227;46;4.5
2013-03-30;17:30:47.00;-9.5249;-79.2377;48;5.7
2013-03-31;05:36:52.00;-15.0014;-74.4596;97;4.6
2013-03-31;12:47:04.00;-18.201;-70.0547;191;4.5
2013-04-02;00:43:53.00;-15.9788;-71.9338;126;4.7
2013-04-02;19:07:48.00;-8.722;-74.3438;185;4.9
2013-04-02;19:35:22.00;-3.2184;-78.4809;211;4.7
2013-04-03;00:48:33.00;-16.8355;-71.7379;51;4.5
2013-04-03;02:02:20.00;-4.4754;-76.8297;163;4.5
2013-04-03;02:04:59.00;-18.0065;-71.8249;38;4.7
2013-04-03;13:00:40.00;-4.2742;-77.9027;12;4.5
2013-04-03;21:09:26.00;-18.611;-70.1795;142;4.9
2013-04-04;07:30:41.00;-3.843;-80.3301;67;5.1
2013-04-04;07:52:16.00;-11.8942;-77.342;66;4.5
2013-04-06;08:49:26.00;-8.9131;-79.0594;65;5
2013-04-06;09:34:10.00;-9.9992;-75.5491;118;5
2013-04-06;10:31:07.00;-15.622;-74.9708;54;4.5
2013-04-06;13:04:15.00;-3.6758;-80.6012;10;4.5
2013-04-06;13:31:11.00;-5.8856;-79.2022;31;4.9
2013-04-06;23:20:14.00;-15.4102;-74.0566;64;4.7
2013-04-06;23:25:28.00;-7.8891;-74.8638;209;4.6
2013-04-07;01:55:37.00;-8.7669;-75.9102;159;4.7
2013-04-07;04:15:24.00;-16.582;-73.3574;40;4.5
2013-04-07;08:40:35.00;-7.9949;-79.825;63;5.2
2013-04-07;10:53:47.00;-11.6374;-74.8471;129;4.7
2013-04-07;20:40:48.00;-13.6796;-76.5096;46;5.1
2013-04-07;22:36:53.00;-17.2865;-72.0762;52;4.9
2013-04-08;10:26:33.00;-9.5438;-79.2077;50;4.5
2013-04-09;00:32:24.00;-5.9544;-80.5706;54;4.9
2013-04-09;04:40:45.00;-16.5927;-73.7359;10;4.5
2013-04-09;08:08:35.00;-15.8421;-71.923;9;4.6
2013-04-09;14:25:04.00;-9.0533;-79.5572;40;4.7
2013-04-10;07:11:16.00;-12.3289;-76.0316;106;4.5
2013-04-10;16:20:22.00;-10.7685;-75.4149;141;5.4
2013-04-11;02:15:50.00;-10.0396;-75.5075;35;4.8
2013-04-11;08:30:18.00;-9.9313;-75.6546;23;4.9
2013-04-12;01:36:06.00;-4.8523;-80.8626;29;4.5
2013-04-12;15:31:53.00;-14.656;-75.0657;97;4.5
2013-04-12;19:55:21.00;-2.8046;-77.9554;115;4.5
2013-04-13;02:43:37.00;-7.2562;-75.5057;132;4.6
2013-04-13;14:27:39.00;-5.8099;-76.2052;32;4.6
2013-04-15;01:47:19.00;-5.6134;-77.8924;36;4.5
2013-04-15;05:01:02.00;-8.7267;-79.7259;53;4.5
2013-04-16;06:45:45.00;-4.0155;-80.669;37;4.5
2013-04-16;07:57:43.00;-9.5353;-79.2558;56;4.8
2013-04-16;15:38:53.00;-16.2517;-74.2928;11;4.5
2013-04-16;20:50:35.00;-7.2102;-78.6246;21;4.5
2013-04-17;00:22:40.00;-15.4713;-75.4707;40;4.5
2013-04-17;06:11:43.00;-10.7837;-73.5138;30;4.6
2013-04-17;21:01:28.00;-3.7077;-77.3948;120;4.7
2013-04-19;19:38:36.00;-16.6828;-71.8415;43;4.9
2013-04-20;00:22:01.00;-5.4064;-81.688;40;4.7
2013-04-20;16:39:42.00;-9.8026;-79.5113;66;4.9
2013-04-20;17:18:03.00;-7.1924;-78.5171;20;4.7
2013-04-20;22:40:34.00;-3.8037;-81.6454;5;4.5
2013-04-21;03:03:37.00;-9.2154;-75.9999;15;4.5
2013-04-21;03:26:18.00;-5.3192;-77.0393;55;4.7
2013-04-21;05:35:40.00;-4.0315;-80.3373;39;4.6
2013-04-21;09:39:59.00;-13.6449;-75.6793;74;4.9
2013-04-22;00:56:33.00;-15.4651;-70.5732;243;5
2013-04-22;02:45:48.00;-5.1006;-77.8286;160;4.5
2013-04-22;12:51:21.00;-6.9754;-78.6719;145;4.5
2013-04-23;02:20:57.00;-9.0704;-79.2388;23;4.5
2013-04-23;05:35:31.00;-3.9017;-80.5858;48;4.5
2013-04-23;12:46:14.00;-3.6512;-76.2099;265;4.5
2013-04-23;16:01:09.00;-4.3805;-76.7872;16;4.5
2013-04-23;22:12:14.00;-3.4836;-81.8986;31;4.5
2013-04-24;18:59:34.00;-8.9888;-74.8612;75;4.9
2013-04-25;10:44:49.00;-9.2079;-78.9469;64;4.5
2013-04-25;17:54:28.00;-9.7023;-74.7189;135;4.8
2013-04-26;01:03:02.00;-10.2475;-74.519;23;4.5
2013-04-27;02:23:01.00;-4.7732;-77.4896;39;4.5
2013-04-27;12:25:43.00;-10.8122;-78.5959;68;4.5
2013-04-27;22:59:20.00;-3.1026;-81.4807;51;4.7
2013-04-29;02:32:46.00;-3.3613;-78.775;128;5.3
2013-04-29;02:50:31.00;-14.9175;-73.6642;105;4.5
2013-04-29;06:14:07.00;-15.3493;-71.9125;140;4.5
2013-04-29;11:22:46.00;-9.4811;-78.5611;52;4.5
2013-04-30;22:37:40.00;-9.772;-75.0361;34;4.5
2013-05-01;12:33:16.00;-14.9128;-73.6613;96;4.5
2013-05-01;18:46:56.00;-10.4301;-76.8039;106;4.5
2013-05-02;03:27:11.00;-8.7448;-79.1537;39;4.5
2013-05-02;05:07:44.00;-5.7105;-78.7972;28;4.5
2013-05-02;09:27:06.00;-7.8211;-75.7001;20;4.5
2013-05-02;09:37:25.00;-16.8032;-69.5537;220;4.6
2013-05-02;14:05:12.00;-17.5141;-69.8341;204;4.8
2013-05-02;19:49:52.00;-17.1641;-69.8208;201;4.7
2013-05-03;01:38:32.00;-9.4828;-80.024;33;4.6
2013-05-03;15:59:49.00;-12.6859;-76.1543;98;4.5
2013-05-04;04:06:12.00;-12.8648;-77.9217;30;5.1
2013-05-05;01:26:07.00;-10.8713;-78.527;12;4.5
2013-05-05;01:55:52.00;-4.361;-76.9451;41;4.8
2013-05-05;04:04:22.00;-6.2154;-76.3374;74;4.8
2013-05-05;06:19:47.00;-15.2177;-75.695;27;4.6
2013-05-05;13:18:56.00;-9.541;-79.23;52;5.5
2013-05-05;14:33:11.00;-15.2872;-72.4437;43;4.7
2013-05-05;15:59:15.00;-5.6941;-76.5642;34;4.5
2013-05-05;16:28:31.00;-13.406;-74.963;108;4.5
2013-05-05;21:45:04.00;-15.9569;-73.1429;34;4.5
2013-05-05;22:55:40.00;-9.4374;-79.1889;56;4.6
2013-05-06;01:41:11.00;-8.8682;-74.6148;147;4.9
2013-05-06;21:36:25.00;-8.6459;-74.776;147;4.7
2013-05-06;22:34:39.00;-16.135;-72.011;123;4.5
2013-05-07;02:48:01.00;-6.4119;-81.1834;44;4.5
2013-05-07;21:32:30.00;-5.5171;-76.8657;56;4.5
2013-05-08;06:33:20.00;-15.465;-70.5624;272;4.6
2013-05-08;11:52:52.00;-17.0764;-70.0057;198;4.7
2013-05-09;05:36:56.00;-3.9869;-81.2156;13;4.5
2013-05-09;07:41:19.00;-15.6269;-71.5344;148;4.5
2013-05-09;17:12:48.00;-16.6559;-73.0193;33;4.5
2013-05-10;03:35:19.00;-12.5304;-77.0864;35;4.7
2013-05-10;12:31:51.00;-15.8095;-71.9897;13;4.6
2013-05-11;02:19:13.00;-15.9914;-72.382;118;5.1
2013-05-11;19:38:26.00;-15.728;-71.6234;165;4.8
2013-05-12;05:41:10.00;-6.3837;-81.0425;28;4.5
2013-05-12;13:14:26.00;-3.0609;-78.0197;139;5
2013-05-12;19:06:36.00;-3.2273;-77.7478;57;4.5
2013-05-13;11:05:27.00;-15.1063;-75.7456;22;4.8
2013-05-13;13:54:02.00;-8.2448;-80.4017;40;5.3
2013-05-14;09:00:51.00;-17.1673;-69.7277;187;4.9
2013-05-14;23:39:15.00;-15.6948;-73.3223;104;5.8
2013-05-15;00:16:35.00;-8.7356;-80.2579;58;4.7
2013-05-15;07:59:30.00;-7.8094;-73.9246;193;4.8
2013-05-15;11:39:53.00;-7.1814;-76.3144;172;4.6
2013-05-15;16:31:21.00;-18.5359;-71.1613;56;4.8
2013-05-15;20:52:25.00;-9.0263;-74.3875;152;4.9
2013-05-15;21:31:24.00;-3.2328;-77.4473;58;4.7
2013-05-15;22:54:20.00;-3.3399;-80.3629;66;4.5
2013-05-16;02:03:13.00;-8.3249;-74.8067;25;4.5
2013-05-16;05:58:55.00;-3.4601;-79.9203;79;4.5
2013-05-16;07:12:30.00;-14.6556;-72.0788;113;4.7
2013-05-16;08:32:47.00;-15.8449;-71.7153;10;4.5
2013-05-16;09:11:06.00;-9.3566;-74.1505;110;4.8
2013-05-16;14:45:10.00;-8.632;-77.678;103;4.6
2013-05-16;22:26:15.00;-3.2435;-79.8661;13;4.5
2013-05-17;03:29:45.00;-6.5785;-78.8448;107;4.5
2013-05-17;05:06:54.00;-7.0111;-80.7191;21;4.5
2013-05-17;09:23:17.00;-18.6098;-69.7265;147;4.6
2013-05-17;16:29:49.00;-10.569;-75.0932;33;5
2013-05-17;18:57:04.00;-4.1045;-80.9892;24;4.5
2013-05-18;00:38:50.00;-9.5412;-74.8714;175;4.7
2013-05-18;13:52:51.00;-16.1771;-74.023;69;4.5
2013-05-19;05:04:28.00;-5.1114;-78.5993;16;4.6
2013-05-19;05:37:50.00;-17.3462;-70.9272;104;5.1
2013-05-19;08:30:19.00;-13.683;-76.0341;64;4.7
2013-05-19;14:53:01.00;-8.5674;-74.4457;144;4.5
2013-05-20;00:50:28.00;-16.1558;-74.3535;52;4.7
2013-05-20;06:15:12.00;-5.6621;-78.6616;21;4.7
2013-05-20;11:28:44.00;-17.3929;-70.984;22;4.5
2013-05-20;17:42:33.00;-16.5496;-69.9559;194;4.8
2013-05-21;13:27:51.00;-15.3062;-71.7171;158;5.5
2013-05-21;19:25:15.00;-10.0355;-75.0522;48;4.7
2013-05-21;23:02:41.00;-13.8344;-72.6296;127;6
2013-05-22;06:04:34.00;-6.2131;-76.5411;112;4.6
2013-05-23;00:14:10.00;-18.4804;-69.7409;167;5.2
2013-05-23;06:41:07.00;-10.83;-78.0682;62;4.5
2013-05-23;08:05:39.00;-14.9812;-71.1026;185;4.6
2013-05-23;12:03:56.00;-8.07;-81.3737;39;4.6
2013-05-23;23:46:54.00;-9.1177;-79.2042;23;4.5
2013-05-24;02:07:34.00;-17.1563;-72.2874;24;4.5
2013-05-24;04:12:28.00;-15.1729;-73.0549;127;4.5
2013-05-25;01:04:28.00;-17.0466;-69.9169;188;5.6
2013-05-25;02:26:37.00;-3.9517;-80.6759;30;4.5
2013-05-25;05:00:42.00;-14.8863;-74.0184;110;4.5
2013-05-25;15:55:15.00;-7.1723;-80.5468;26;4.6
2013-05-25;20:23:22.00;-8.1811;-76.5039;56;4.5
2013-05-26;03:58:58.00;-3.0745;-80.6114;39;4.5
2013-05-26;09:01:31.00;-6.6576;-81.3787;30;4.5
2013-05-26;09:47:53.00;-8.3206;-75.3106;200;4.7
2013-05-27;02:35:46.00;-12.8732;-74.8856;100;4.5
2013-05-27;06:27:37.00;-14.5458;-74.4312;107;4.6
2013-05-27;13:22:35.00;-7.6123;-76.1931;23;4.5
2013-05-29;05:05:49.00;-7.2548;-79.7213;18;4.5
2013-05-29;10:27:23.00;-7.0611;-78.551;29;4.6
2013-05-30;05:34:54.00;-9.4881;-79.9978;49;4.5
2013-05-30;13:12:14.00;-3.1034;-76.2945;180;4.6
2013-05-30;20:53:41.00;-9.7793;-78.6703;56;4.9
2013-05-31;09:36:59.00;-11.0699;-78.5398;57;4.5
2013-06-01;05:44:12.00;-16.5495;-73.9905;56;4.5
2013-06-01;06:13:23.00;-5.4619;-77.1087;255;4.5
2013-06-01;06:39:27.00;-8.7935;-74.6308;153;4.5
2013-06-01;09:00:21.00;-10.9943;-73.6445;137;4.6
2013-06-01;14:24:08.00;-7.8762;-74.3583;181;4.7
2013-06-02;00:57:19.00;-16.104;-75.2689;44;4.7
2013-06-02;10:46:25.00;-14.4309;-75.5198;76;5
2013-06-02;20:58:55.00;-12.8088;-76.5587;74;4.6
2013-06-03;03:22:26.00;-13.1216;-75.4338;110;4.6
2013-06-03;08:40:21.00;-7.3888;-74.4875;43;4.7
2013-06-03;09:10:22.00;-7.2186;-80.7956;33;4.5
2013-06-03;17:45:31.00;-9.0754;-80.1535;57;4.5
2013-06-04;05:31:32.00;-18.3704;-70.2114;111;4.9
2013-06-04;08:29:05.00;-15.0106;-71.9574;149;5.1
2013-06-04;10:33:01.00;-17.7684;-69.9645;178;5
2013-06-04;20:29:23.00;-14.3065;-75.2985;74;4.5
2013-06-05;01:15:30.00;-15.9284;-71.7283;8;4.6
2013-06-05;09:14:49.00;-8.1053;-74.5102;216;5.5
2013-06-05;11:20:19.00;-15.5614;-74.7383;28;4.5
2013-06-06;08:30:15.00;-8.1588;-76.1472;151;4.5
2013-06-06;11:21:24.00;-14.7697;-73.6067;110;4.6
2013-06-07;22:35:12.00;-17.9734;-69.9967;174;4.6
2013-06-08;09:56:04.00;-10.4545;-73.8292;125;4.5
2013-06-09;12:46:24.00;-9.6043;-78.4318;56;4.5
2013-06-09;12:56:34.00;-15.2025;-75.4597;47;4.6
2013-06-09;18:42:56.00;-15.5823;-70.8453;193;4.7
2013-06-10;14:21:12.00;-5.5505;-81.7494;37;5.3
2013-06-11;02:55:34.00;-9.0655;-80.4416;24;4.9
2013-06-12;18:22:03.00;-18.5172;-69.9895;156;4.8
2013-06-13;02:37:58.00;-8.1124;-74.301;163;4.5
2013-06-13;04:30:40.00;-17.4761;-70.4432;144;4.6
2013-06-13;07:46:05.00;-13.0095;-71.2895;9;4.6
2013-06-13;18:08:32.00;-2.6848;-78.0978;219;4.5
2013-06-13;23:14:34.00;-4.5413;-79.997;39;4.6
2013-06-14;03:48:11.00;-4.156;-80.9905;30;4.5
2013-06-14;08:46:38.00;-15.2105;-71.9183;135;4.5
2013-06-14;09:59:27.00;-4.0938;-81.1453;28;4.9
2013-06-14;17:12:50.00;-9.8621;-78.9884;34;4.5
2013-06-15;23:20:34.00;-9.5397;-75.819;56;4.8
2013-06-16;03:56:46.00;-9.4096;-75.9597;76;4.7
2013-06-16;15:32:34.00;-7.92;-74.4761;170;4.6
2013-06-16;16:26:13.00;-15.721;-71.871;10;5
2013-06-17;04:18:14.00;-17.3717;-70.6809;122;4.6
2013-06-17;10:03:57.00;-15.7488;-74.4625;76;4.5
2013-06-17;19:17:38.00;-15.9254;-74.3293;75;4.8
2013-06-17;21:10:20.00;-12.4744;-77.1975;50;4.5
2013-06-17;22:22:20.00;-14.9443;-74.6393;20;4.5
2013-06-17;22:48:15.00;-15.2356;-72.0839;126;4.5
2013-06-17;23:18:13.00;-15.002;-70.6748;229;4.5
2013-06-18;15:57:53.00;-8.7086;-79.2605;43;4.6
2013-06-18;18:40:01.00;-11.8014;-77.402;62;5
2013-06-18;22:15:40.00;-8.1781;-74.2945;148;4.6
2013-06-20;07:36:24.00;-3.0739;-77.9505;55;4.5
2013-06-21;00:42:40.00;-17.972;-69.5072;108;4.6
2013-06-21;10:38:48.00;-16.1991;-73.9882;28;4.6
2013-06-22;04:19:14.00;-17.0238;-69.5881;192;4.9
2013-06-22;05:48:58.00;-13.795;-77.2363;30;4.5
2013-06-22;21:47:06.00;-12.0623;-73.5888;214;4.6
2013-06-23;05:37:48.00;-8.5358;-74.517;157;4.6
2013-06-23;08:59:00.00;-7.331;-75.8444;37;4.5
2013-06-23;08:59:32.00;-14.754;-73.9721;98;4.5
2013-06-24;11:52:06.00;-3.7295;-80.1636;85;4.5
2013-06-25;08:53:49.00;-5.4869;-76.2392;56;4.8
2013-06-26;10:51:31.00;-3.2366;-80.8898;32;4.9
2013-06-26;22:18:33.00;-18.1384;-71.3283;35;4.6
2013-06-28;06:55:18.00;-8.8661;-78.2198;67;4.6
2013-06-28;18:46:38.00;-2.786;-76.331;126;4.2
2013-06-29;06:42:44.00;-14.4508;-73.3241;102;4.5
2013-06-29;19:05:10.00;-15.9449;-69.8064;210;4.9
2013-06-30;00:27:23.00;-8.8461;-77.6314;144;4.5
2013-06-30;02:32:55.00;-14.8243;-75.9662;46;5.2
2013-06-30;05:29:07.00;-8.6164;-78.9117;63;4.6
2013-06-30;16:39:11.00;-14.8526;-75.6228;41;5.3
2013-07-01;12:10:06.00;-17.3761;-70.7614;120;4.9
2013-07-02;08:02:30.00;-14.9905;-76.0382;33;4.9
2013-07-03;13:26:55.00;-4.9999;-80.6949;33;4.5
2013-07-03;17:38:11.00;-15.3835;-74.3577;117;4.5
2013-07-04;02:59:22.00;-6.4954;-80.8892;23;5.1
2013-07-05;08:51:08.00;-8.2238;-74.3801;172;5
2013-07-05;19:40:45.00;-4.462;-78.2399;55;4.5
2013-07-05;22:47:53.00;-14.912;-72.0058;6;4.8
2013-07-05;23:00:54.00;-12.4596;-77.8592;71;4.7
2013-07-06;00:27:02.00;-12.4304;-77.8561;35;4.5
2013-07-06;02:02:51.00;-14.8741;-72.0515;6;5
2013-07-06;02:15:00.00;-14.8346;-71.9135;52;4.5
2013-07-06;02:50:23.00;-3.9415;-77.9753;25;4.5
2013-07-06;04:55:57.00;-3.7379;-80.5517;43;4.5
2013-07-07;14:37:42.00;-7.8387;-74.5541;162;4.9
2013-07-08;18:21:33.00;-5.7035;-76.7637;169;4.5
2013-07-08;22:44:20.00;-14.6672;-72.7635;120;4.5
2013-07-09;05:54:15.00;-4.5201;-80.6044;24;4.6
2013-07-09;16:38:13.00;-11.2465;-74.1341;181;4.6
2013-07-10;04:49:45.00;-16.7167;-71.5454;46;4.7
2013-07-10;06:20:44.00;-16.5447;-74.2294;43;4.8
2013-07-10;20:42:35.00;-13.9579;-73.4262;15;4.6
2013-07-11;02:23:07.00;-16.8151;-72.4224;83;4.5
2013-07-11;11:18:02.00;-16.5931;-72.5817;101;4.5
2013-07-11;17:18:53.00;-8.8004;-80.4466;32;4.5
2013-07-11;17:19:04.00;-8.2148;-80.0853;55;4.5
2013-07-12;10:29:41.00;-6.0128;-75.4164;37;5
2013-07-12;14:30:09.00;-4.1996;-77.8478;44;4.5
2013-07-12;19:27:34.00;-12.6314;-77.1857;38;5
2013-07-12;20:32:38.00;-17.001;-70.8766;133;5.3
2013-07-12;23:30:56.00;-15.7245;-71.9309;142;4.5
2013-07-13;06:08:34.00;-18.6103;-69.7268;145;4.9
2013-07-13;08:03:33.00;-7.1454;-80.3454;33;4.5
2013-07-13;10:07:18.00;-4.9208;-75.1551;33;4.6
2013-07-13;13:27:36.00;-14.2546;-75.8703;52;4.8
2013-07-15;05:22:32.00;-16.0853;-74.8279;43;4.5
2013-07-15;05:55:27.00;-14.8742;-75.6843;38;4.5
2013-07-15;22:35:46.00;-9.7844;-74.7262;135;5.7
2013-07-16;09:27:35.00;-15.7416;-72.0245;8;5.3
2013-07-16;15:52:55.00;-15.7553;-71.9875;13;4.7
2013-07-17;02:37:43.00;-15.7023;-72.0368;7;6.2
2013-07-17;02:49:47.00;-15.762;-72.0093;8;4.5
2013-07-17;03:44:54.00;-15.7564;-72.0069;9;4.5
2013-07-17;12:59:16.00;-5.9535;-76.1699;74;5
2013-07-19;04:34:00.00;-15.193;-72.1177;123;4.8
2013-07-19;06:46:21.00;-4.9272;-81.4255;43;4.5
2013-07-19;13:27:45.00;-15.7496;-72.0829;9;4.5
2013-07-20;08:38:00.00;-18.324;-71.401;22;4.5
2013-07-21;07:19:05.00;-5.258;-76.6245;66;4.5
2013-07-21;12:36:29.00;-18.5542;-69.9897;148;4.5
2013-07-22;05:05:44.00;-16.931;-72.372;45;4.9
2013-07-22;07:57:11.00;-4.6554;-80.7948;44;4.5
2013-07-22;23:28:57.00;-15.3442;-75.9504;18;4.5
2013-07-23;07:46:00.00;-3.9653;-78.2103;60;4.5
2013-07-23;09:46:05.00;-15.758;-72.0328;20;4.5
2013-07-23;09:48:50.00;-9.0893;-78.9367;73;5.1
2013-07-25;02:07:21.00;-15.7544;-72.0075;7;5.1
2013-07-25;04:10:31.00;-11.2115;-76.0944;138;4.5
2013-07-26;07:57:52.00;-6.6273;-76.8682;16;4.5
2013-07-26;13:19:48.00;-15.758;-71.8589;153;4.7
2013-07-27;14:08:03.00;-15.8669;-71.6419;119;4.5
2013-07-27;22:43:26.00;-16.7327;-71.5394;26;4.5
2013-07-28;12:55:37.00;-14.1021;-72.911;115;4.5
2013-07-28;16:57:32.00;-5.8743;-80.8775;31;5
2013-07-29;00:47:10.00;-17.9664;-73.2199;55;4.6
2013-07-29;01:42:29.00;-15.2666;-75.9345;14;5
2013-07-29;03:47:57.00;-5.5999;-80.9255;38;4.6
2013-07-29;12:32:54.00;-18.0059;-69.5558;170;4.8
2013-07-30;15:12:19.00;-15.2512;-71.7798;148;4.8
2013-07-31;10:25:19.00;-8.6198;-79.9493;44;5
2013-07-31;10:28:07.00;-5.1184;-80.7434;44;5.1
2013-07-31;15:09:35.00;-5.2634;-77.847;27;4.5
2013-07-31;22:16:28.00;-4.2599;-80.4777;49;4.5
2013-08-01;05:53:11.00;-7.4239;-80.7368;31;4.5
2013-08-01;08:54:24.00;-17.8739;-69.6762;151;4.5
2013-08-02;03:21:04.00;-17.8911;-69.977;149;5
2013-08-03;00:21:54.00;-2.6136;-81.3715;58;4.5
2013-08-03;18:39:39.00;-9.9799;-74.5139;155;4.9
2013-08-04;05:30:32.00;-3.456;-81.165;40;4.5
2013-08-05;11:24:02.00;-15.8366;-75.2249;13;4.9
2013-08-06;11:13:06.00;-16.0604;-72.6364;121;4.5
2013-08-07;18:25:15.00;-15.789;-72.0925;14;4.5
2013-08-08;00:43:59.00;-2.964;-80.5175;86;4.5
2013-08-08;15:21:41.00;-17.6777;-71.0763;16;5.1
2013-08-10;05:42:24.00;-8.2713;-74.1517;180;4.7
2013-08-11;00:31:13.00;-15.9642;-71.8085;26;4.6
2013-08-11;20:31:33.00;-15.9319;-72.6098;141;4.7
2013-08-12;02:27:55.00;-6.3219;-80.1476;58;4.9
2013-08-12;09:49:32.00;-5.2373;-81.6665;13;6.2
2013-08-12;13:22:59.00;-5.2982;-81.95;56;4.5
2013-08-12;13:33:39.00;-5.528;-81.9111;33;4.5
2013-08-12;13:45:20.00;-5.4294;-81.9791;53;4.5
2013-08-12;14:33:28.00;-5.215;-81.8787;10;4.2
2013-08-12;15:17:59.00;-5.5074;-82.1231;57;4.5
2013-08-12;16:24:36.00;-5.2086;-81.8773;44;4.5
2013-08-12;20:10:44.00;-5.3721;-82.2424;25;4.5
2013-08-12;21:04:21.00;-5.3245;-82.1649;55;4.5
2013-08-12;21:09:27.00;-5.5009;-82.1682;47;4.5
2013-08-12;21:46:08.00;-5.5966;-82.0768;41;4.6
2013-08-12;23:45:26.00;-16.2011;-73.9451;12;4.5
2013-08-13;00:41:14.00;-6.5532;-81.0549;52;5.1
2013-08-13;01:38:08.00;-2.8943;-80.8154;55;4.5
2013-08-13;08:18:12.00;-5.327;-81.9557;57;4.5
2013-08-13;17:23:53.00;-15.4178;-70.8311;214;4.9
2013-08-13;22:21:28.00;-13.0563;-75.1756;62;4.5
2013-08-13;23:05:36.00;-5.6815;-78.747;43;4.7
2013-08-14;07:07:54.00;-8.0014;-80.3742;45;4.5
2013-08-14;16:09:43.00;-5.3617;-82.1294;59;4.5
2013-08-15;05:48:52.00;-5.6374;-81.8584;50;4.5
2013-08-15;07:12:01.00;-3.7626;-80.969;26;4.5
2013-08-15;07:52:58.00;-5.3963;-82.0711;54;4.5
2013-08-15;21:24:05.00;-12.9301;-74.0021;35;4.6
2013-08-16;13:53:36.00;-5.5618;-81.9727;50;4.5
2013-08-16;20:52:59.00;-9.4035;-79.222;47;4.8
2013-08-17;13:29:31.00;-6.9155;-81.1833;30;4.8
2013-08-17;20:37:00.00;-14.3506;-76.6914;6;4.5
2013-08-18;02:06:04.00;-11.4507;-75.4843;9;4.7
2013-08-18;17:36:56.00;-7.501;-74.7905;42;4.5
2013-08-18;19:15:36.00;-9.1638;-76.9476;145;4.5
2013-08-19;06:11:15.00;-15.0256;-72.8429;55;4.5
2013-08-20;00:50:47.00;-8.5571;-74.729;156;4.7
2013-08-20;01:16:21.00;-8.5876;-79.719;35;5.1
2013-08-20;02:18:37.00;-5.5941;-81.9989;54;4.5
2013-08-20;19:15:08.00;-16.152;-73.3446;42;4.7
2013-08-20;21:29:04.00;-10.7755;-74.9066;24;4.8
2013-08-21;00:09:00.00;-16.0239;-73.1001;64;4.6
2013-08-21;02:43:34.00;-16.064;-72.3329;112;4.5
2013-08-21;14:48:01.00;-6.8889;-74.3965;36;4.6
2013-08-22;17:58:31.00;-2.6807;-77.1409;58;4.5
2013-08-24;15:04:01.00;-16.3302;-73.3007;39;4.8
2013-08-25;05:43:43.00;-17.4479;-70.8466;13;4.5
2013-08-25;09:59:12.00;-5.5736;-81.9031;43;4.5
2013-08-25;12:22:30.00;-5.5141;-81.0134;33;4.5
2013-08-25;21:06:22.00;-6.1763;-75.2705;112;4.5
2013-08-27;21:56:14.00;-8.494;-75.122;131;4.8
2013-08-29;12:18:24.00;-7.9194;-76.3027;171;4.5
2013-08-31;16:00:15.00;-8.337;-74.2576;188;4.6
2013-09-01;15:41:48.00;-18.366;-70.1985;134;4.5
2013-09-01;18:28:46.00;-13.2718;-74.7101;117;4.5
2013-09-01;19:51:17.00;-15.8854;-71.7493;21;4.5
2013-09-02;02:44:39.00;-9.7988;-78.6521;30;4.7
2013-09-02;03:03:48.00;-15.7088;-71.9195;152;4.9
2013-09-02;08:12:33.00;-12.0947;-75.5703;45;5
2013-09-02;14:15:13.00;-9.0903;-80.8835;10;4.6
2013-09-04;23:46:28.00;-15.7613;-70.7492;202;4.9
2013-09-05;00:51:54.00;-12.1266;-75.676;38;4.7
2013-09-05;01:32:10.00;-16.1211;-73.8333;79;4.7
2013-09-05;12:52:30.00;-14.9438;-72.0895;153;4.7
2013-09-06;05:43:59.00;-8.7147;-79.6779;45;4.8
2013-09-07;04:22:40.00;-5.5201;-81.5664;14;4.8
2013-09-07;19:17:42.00;-4.1286;-80.5117;38;4.5
2013-09-07;22:37:37.00;-15.4525;-72.5593;127;4.6
2013-09-07;23:53:55.00;-15.282;-71.9292;131;4.6
2013-09-08;19:00:12.00;-11.6772;-77.6143;54;4.5
2013-09-08;23:21:39.00;-7.1839;-78.853;85;4.5
2013-09-09;00:06:12.00;-10.3645;-79.3354;58;4.5
2013-09-09;05:51:56.00;-10.5492;-75.0949;131;4.6
2013-09-09;08:03:00.00;-15.5589;-72.4156;117;4.7
2013-09-09;09:53:29.00;-7.3038;-76.3956;137;4.6
2013-09-09;13:47:45.00;-14.1337;-72.9264;111;4.7
2013-09-12;05:36:26.00;-3.4754;-80.7937;41;4.7
2013-09-13;09:07:27.00;-14.4206;-76.5203;44;4.7
2013-09-14;02:20:17.00;-5.1763;-76.8773;112;4.6
2013-09-14;17:56:22.00;-15.7162;-70.4847;221;4.5
2013-09-15;09:58:56.00;-4.6754;-80.7129;51;4.9
2013-09-15;16:03:52.00;-17.4664;-69.0648;160;4.7
2013-09-16;03:53:26.00;-7.86;-74.5855;152;4.7
2013-09-16;05:31:20.00;-16.068;-69.5061;279;4.9
2013-09-16;11:31:30.00;-17.4721;-72.7475;32;4.7
2013-09-17;19:11:11.00;-7.0996;-81.4318;14;4.5
2013-09-17;23:03:51.00;-2.9416;-76.4863;136;4.9
2013-09-18;03:56:36.00;-15.7956;-72.0888;120;4.5
2013-09-18;04:41:41.00;-10.9678;-74.1223;100;4.5
2013-09-18;10:26:00.00;-6.0225;-81.2676;42;4.7
2013-09-20;17:32:28.00;-15.8583;-73.233;55;4.9
2013-09-20;23:00:05.00;-5.6954;-80.6091;41;4.5
2013-09-21;00:51:07.00;-11.5713;-75.4151;104;4.5
2013-09-21;10:53:01.00;-10.7476;-78.0941;55;4.5
2013-09-21;12:44:52.00;-4.7601;-75.6699;137;4.5
2013-09-22;08:41:30.00;-7.1065;-81.0025;28;5.2
2013-09-22;08:47:55.00;-7.1524;-80.9471;36;4.8
2013-09-22;19:04:40.00;-15.5738;-70.8559;237;4.8
2013-09-23;02:54:14.00;-16.1432;-73.0453;65;4.7
2013-09-24;00:18:40.00;-12.4558;-76.8477;59;4.5
2013-09-24;02:09:56.00;-8.5555;-79.4832;49;4.5
2013-09-25;06:03:52.00;-8.5262;-74.9191;143;4.9
2013-09-25;16:42:40.00;-16.1531;-74.8669;31;7.1
2013-09-26;03:42:12.00;-16.1332;-74.7061;20;4.9
2013-09-26;16:16:32.00;-14.6442;-75.4772;62;4.8
2013-09-26;17:45:18.00;-5.8242;-76.7023;38;5
2013-09-27;17:52:39.00;-16.0617;-74.8602;37;4.6
2013-09-28;07:28:12.00;-18.6458;-70.9662;25;4.7
2013-09-29;02:29:13.00;-15.6204;-71.5987;158;4.5
2013-09-29;05:24:20.00;-7.3014;-80.3806;41;4.5
2013-09-30;10:20:43.00;-16.5589;-69.9606;210;4.5
2013-09-30;12:45:08.00;-5.6926;-81.7793;10;4.5
2013-09-30;15:08:26.00;-15.0638;-72.6135;126;5
2013-10-01;04:12:21.00;-18.5164;-69.6007;145;5.2
2013-10-01;18:08:05.00;-5.6668;-81.6167;26;4.5
2013-10-02;01:50:13.00;-4.1237;-77.4972;58;4.5
2013-10-02;04:03:30.00;-12.7052;-70.63;139;5.1
2013-10-02;04:33:59.00;-12.9137;-70.6303;48;4.5
2013-10-02;09:42:34.00;-15.8284;-71.9003;135;4.5
2013-10-04;01:58:04.00;-9.2586;-79.0927;69;4.8
2013-10-04;18:05:22.00;-14.7555;-75.577;37;4.5
2013-10-05;09:19:37.00;-8.0929;-74.1197;166;4.5
2013-10-06;08:21:03.00;-15.5819;-74.273;51;4.6
2013-10-06;12:48:09.00;-16.2686;-70.1702;195;5
2013-10-07;11:04:58.00;-17.1726;-72.256;45;4.6
2013-10-07;11:49:34.00;-14.4647;-73.5333;45;4.9
2013-10-07;17:00:53.00;-17.1231;-72.2882;52;4.6
2013-10-08;11:27:28.00;-14.5775;-76.118;37;4.9
2013-10-08;14:33:15.00;-16.0901;-74.2937;51;4.8
2013-10-08;16:41:33.00;-9.6625;-79.0256;21;4.9
2013-10-08;22:39:09.00;-5.7502;-78.5944;31;4.5
2013-10-09;00:47:26.00;-14.3891;-76.3499;13;4.9
2013-10-09;04:41:31.00;-5.5817;-81.4445;44;4.5
2013-10-09;07:49:05.00;-16.1093;-72.788;84;4.6
2013-10-09;10:32:19.00;-4.3351;-80.4888;29;4.5
2013-10-09;18:51:33.00;-5.466;-81.8131;15;4.5
2013-10-10;02:15:41.00;-9.8848;-78.7531;45;4.9
2013-10-10;06:16:38.00;-3.0997;-80.3782;55;4.6
2013-10-10;06:26:07.00;-3.1169;-80.302;52;4.8
2013-10-10;07:36:24.00;-3.9728;-80.267;83;4.5
2013-10-10;08:11:07.00;-14.466;-76.8077;12;4.9
2013-10-10;21:08:19.00;-13.9855;-75.7677;34;4.3
2013-10-11;04:50:49.00;-9.0245;-80.7285;51;4.6
2013-10-11;05:09:10.00;-3.4432;-79.8531;62;4.5
2013-10-11;05:09:11.00;-3.4916;-79.9189;60;4.5
2013-10-11;12:17:46.00;-2.9667;-80.393;66;4.6
2013-10-12;00:13:06.00;-8.7262;-79.1471;40;4.5
2013-10-12;01:42:07.00;-3.8267;-80.6489;38;4.5
2013-10-12;12:15:14.00;-15.2136;-74.5725;26;4.6
2013-10-13;10:49:59.00;-9.7118;-72.4242;190;5.1
2013-10-13;12:14:35.00;-15.9719;-71.9683;103;4.6
2013-10-14;03:20:01.00;-15.7771;-72.0151;13;4.6
2013-10-14;09:14:32.00;-16.8977;-69.8296;225;4.7
2013-10-14;15:09:11.00;-9.3468;-72.2676;196;4.9
2013-10-15;02:53:27.00;-9.0885;-74.686;155;4.9
2013-10-15;07:11:01.00;-10.5455;-75.1705;35;4.9
2013-10-15;14:52:07.00;-8.7675;-75.6064;127;4.6
2013-10-15;16:26:56.00;-15.8001;-74.6036;58;4.7
2013-10-15;23:00:59.00;-4.7119;-77.8039;122;4.5
2013-10-15;23:28:12.00;-9.019;-80.617;59;4.6
2013-10-16;16:47:13.00;-17.0695;-71.7034;46;4.6
2013-10-16;18:04:34.00;-16.6054;-72.4224;87;4.8
2013-10-16;18:58:37.00;-14.7622;-76.0255;42;4.8
2013-10-17;06:53:21.00;-10.8303;-73.9921;145;4.8
2013-10-17;10:19:13.00;-5.1565;-76.6929;120;4.5
2013-10-17;23:48:34.00;-4.7583;-79.3013;32;4.5
2013-10-18;07:32:31.00;-12.4989;-77.0327;43;4.8
2013-10-18;22:47:48.00;-8.6884;-74.3216;180;5.3
2013-10-19;00:04:25.00;-8.5891;-75.0466;226;4.6
2013-10-19;00:04:31.00;-9.1386;-75.8189;15;4.6
2013-10-19;04:52:47.00;-4.6897;-80.2524;63;4.6
2013-10-19;11:43:52.00;-4.8944;-80.8456;32;4.6
2013-10-19;16:28:51.00;-14.9171;-76.0657;19;4.9
2013-10-19;20:11:15.00;-8.8454;-80.8811;59;4.5
2013-10-20;13:30:04.00;-14.7358;-75.7223;49;4.7
2013-10-20;15:05:16.00;-8.2777;-79.1213;55;4.5
2013-10-20;15:15:31.00;-4.9324;-78.18;116;4.6
2013-10-20;16:01:04.00;-3.8994;-80.6732;93;4.5
2013-10-20;17:20:48.00;-3.14;-82.002;51;4.5
2013-10-20;18:35:37.00;-16.3388;-74.5351;13;4.7
2013-10-20;21:13:27.00;-11.0861;-75.2008;142;4.5
2013-10-20;21:51:35.00;-18.4732;-70.8063;37;4.9
2013-10-21;00:14:09.00;-13.5557;-76.1177;89;4.9
2013-10-21;00:47:10.00;-18.175;-69.6644;151;4.9
2013-10-21;01:00:22.00;-7.7977;-74.2597;165;4.9
2013-10-21;04:13:43.00;-16.3204;-72.0581;17;4.5
2013-10-21;08:55:07.00;-8.3819;-76.1364;135;4.9
2013-10-21;16:26:55.00;-10.8539;-73.978;207;4.9
2013-10-22;01:53:27.00;-4.7743;-80.47;37;4.5
2013-10-22;04:39:22.00;-8.6024;-76.3223;58;4.7
2013-10-22;07:11:22.00;-6.776;-78.0897;125;4.5
2013-10-22;12:29:51.00;-3.9103;-79.9969;84;4.5
2013-10-23;04:03:08.00;-16.3694;-72.0312;109;4.7
2013-10-23;04:21:29.00;-5.1198;-77.2897;14;4.7
2013-10-23;17:27:40.00;-16.5419;-74.1603;28;4.6
2013-10-24;18:53:31.00;-15.0407;-72.1458;111;4.6
2013-10-25;07:02:30.00;-15.0586;-72.2533;120;4.9
2013-10-25;09:50:31.00;-4.6688;-81.8831;30;4.5
2013-10-25;19:12:22.00;-7.1119;-80.8595;39;4.9
2013-10-27;00:13:29.00;-7.8628;-79.4306;56;4.5
2013-10-27;05:28:24.00;-15.912;-71.7771;21;4.7
2013-10-27;18:46:25.00;-4.382;-81.3871;32;4.5
2013-10-27;19:37:01.00;-12.778;-77.3211;31;4.5
2013-10-27;20:28:09.00;-14.3338;-72.9433;57;4.5
2013-10-27;21:55:46.00;-8.1575;-74.2182;178;4.8
2013-10-28;05:36:08.00;-17.0736;-69.648;176;4.6
2013-10-28;17:26:32.00;-14.7736;-72.628;88;4
2013-10-29;09:50:45.00;-9.2992;-71.1485;636;4.5
2013-10-29;12:51:04.00;-15.5535;-71.9986;142;5.4
2013-10-30;05:43:37.00;-14.2877;-76.5531;21;4.8
2013-10-31;01:19:10.00;-15.6021;-70.6458;205;4.7
2013-10-31;10:05:56.00;-14.9622;-71.8836;138;4.7
2013-10-31;22:16:02.00;-10.4888;-75.4117;55;4.7
2013-11-01;01:25:29.00;-15.3789;-72.0304;134;4.5
2013-11-01;02:50:00.00;-9.8724;-78.8932;62;4.6
2013-11-01;16:36:31.00;-11.4469;-73.3063;26;4.6
2013-11-01;23:24:08.00;-16.7103;-72.3256;69;4.6
2013-11-02;06:32:44.00;-17.2898;-69.6938;138;4.9
2013-11-02;11:48:54.00;-14.8205;-74.0178;107;4.5
2013-11-02;12:45:43.00;-8.2517;-75.7247;131;4.7
2013-11-02;13:33:30.00;-8.2423;-75.5935;162;4.9
2013-11-03;04:40:07.00;-14.2706;-76.5486;30;4.5
2013-11-03;13:18:01.00;-14.8034;-73.9457;44;4.7
2013-11-03;13:38:51.00;-15.0338;-73.9169;111;4.7
2013-11-03;18:29:17.00;-17.2316;-70.1599;184;4.5
2013-11-03;21:27:19.00;-17.3046;-71.2492;25;4.5
2013-11-04;09:19:14.00;-7.1698;-75.7437;111;4.6
2013-11-04;10:36:36.00;-4.8536;-80.8234;29;4.5
2013-11-05;02:11:54.00;-15.1467;-74.1873;103;4.5
2013-11-05;06:54:28.00;-9.0473;-75.5331;113;4.7
2013-11-05;10:06:34.00;-18.2999;-69.4212;194;5.1
2013-11-05;23:45:47.00;-8.7947;-75.6401;16;4.5
2013-11-06;20:34:07.00;-5.1186;-82.8937;20;4.8
2013-11-07;00:01:36.00;-15.8152;-71.9281;128;4.6
2013-11-07;01:18:48.00;-8.8291;-74.4542;156;4.5
2013-11-07;02:00:18.00;-6.6829;-75.6649;131;4.6
2013-11-07;02:39:26.00;-6.3158;-75.9802;37;4.6
2013-11-07;02:39:42.00;-15.9717;-72.1863;101;4.5
2013-11-07;16:47:24.00;-9.1626;-80.179;28;4.5
2013-11-08;07:25:05.00;-17.6074;-69.7077;181;4.6
2013-11-08;09:26:20.00;-11.1354;-74.5821;126;4.5
2013-11-08;15:16:21.00;-18.6957;-72.4379;14;4.5
2013-11-08;15:32:38.00;-3.1157;-80.4343;149;4.6
2013-11-09;02:03:39.00;-7.5117;-80.7603;34;4.5
2013-11-09;02:22:28.00;-13.084;-70.6455;26;4.7
2013-11-10;06:16:10.00;-17.7364;-69.7881;171;4.5
2013-11-11;02:57:09.00;-15.068;-75.7378;41;4.5
2013-11-11;03:23:26.00;-15.0681;-75.7084;41;4.1
2013-11-11;05:15:40.00;-15.2209;-76.1892;12;5.1
2013-11-11;11:36:46.00;-4.1242;-80.4734;25;4.5
2013-11-11;16:41:28.00;-9.8845;-75.0163;209;4.7
2013-11-11;17:25:08.00;-4.5954;-80.8345;64;4.5
2013-11-12;02:34:27.00;-9.3467;-78.7441;71;4.5
2013-11-12;03:51:09.00;-8.3161;-76.1736;18;4.9
2013-11-14;06:22:09.00;-5.7696;-78.9312;110;4.8
2013-11-14;07:50:32.00;-7.9612;-74.534;157;4.9
2013-11-14;08:17:10.00;-5.3245;-80.3543;51;4.6
2013-11-14;15:02:47.00;-5.7926;-80.2229;60;5.5
2013-11-15;00:13:57.00;-14.8526;-71.9001;128;5.3
2013-11-15;00:17:48.00;-4.1093;-77.032;57;4.9
2013-11-15;04:49:00.00;-9.451;-76.7936;19;4.5
2013-11-15;08:40:37.00;-8.2392;-75.9199;168;4.8
2013-11-15;12:52:18.00;-15.5258;-69.8928;244;4.1
2013-11-15;14:47:13.00;-3.6349;-79.9588;34;4.6
2013-11-15;17:08:45.00;-3.1251;-80.0817;199;4.6
2013-11-16;01:28:15.00;-16.3753;-75.9713;23;5.4
2013-11-16;13:05:18.00;-7.5931;-79.0189;40;4.5
2013-11-16;18:38:10.00;-3.6529;-79.9678;97;4.5
2013-11-16;19:25:34.00;-6.1988;-81.108;27;4.5
2013-11-16;20:23:06.00;-8.2752;-74.2547;47;4.9
2013-11-17;08:26:18.00;-15.1113;-72.0146;22;4.5
2013-11-17;12:27:41.00;-15.92;-75.4844;23;5.3
2013-11-17;20:16:30.00;-14.6259;-75.9642;43;5.1
2013-11-18;10:11:07.00;-5.442;-75.5427;34;4.6
2013-11-18;18:36:57.00;-3.7761;-76.2772;190;4.6
2013-11-18;23:48:51.00;-15.3422;-71.8005;131;4.6
2013-11-19;01:31:56.00;-4.0596;-80.0759;76;4.5
2013-11-19;14:30:53.00;-5.9901;-80.2034;53;4.9
2013-11-19;19:13:19.00;-14.5671;-75.9624;47;4.5
2013-11-20;04:47:43.00;-10.6852;-77.9791;56;4.7
2013-11-20;12:47:42.00;-8.4899;-76.2128;15;4.7
2013-11-20;18:40:48.00;-5.6198;-81.861;14;4.5
2013-11-21;01:18:24.00;-3.5459;-79.892;64;4.5
2013-11-21;02:08:20.00;-9.0215;-79.6224;75;4.5
2013-11-21;04:36:25.00;-12.1147;-75.2607;120;4.9
2013-11-21;04:54:04.00;-8.9266;-75.0083;122;5.3
2013-11-21;06:48:15.00;-16.5486;-71.9854;34;4.9
2013-11-21;08:40:52.00;-8.1756;-74.4613;172;4.9
2013-11-21;09:10:33.00;-12.402;-75.2404;132;4.6
2013-11-21;20:47:14.00;-8.2391;-80.1339;35;4.5
2013-11-22;02:14:00.00;-8.9267;-79.837;57;4.5
2013-11-22;02:35:43.00;-4.7827;-80.2504;73;4.5
2013-11-22;04:59:09.00;-11.8457;-77.2955;46;4.5
2013-11-22;06:46:02.00;-7.9842;-79.0905;50;4.5
2013-11-22;08:27:22.00;-4.8951;-77.1861;46;4.5
2013-11-22;17:57:00.00;-5.5594;-81.9293;17;4.5
2013-11-23;05:59:22.00;-3.3594;-80.8678;32;4.5
2013-11-23;06:02:54.00;-8.2257;-76.4268;57;4.6
2013-11-24;08:10:31.00;-3.7721;-77.7855;26;4.6
2013-11-24;12:15:11.00;-7.3014;-76.3401;106;4.6
2013-11-24;12:51:31.00;-16.478;-71.9012;41;4.5
2013-11-25;04:03:54.00;-3.5912;-80.4483;26;4.5
2013-11-25;08:12:18.00;-3.6775;-80.4361;20;4.5
2013-11-25;11:01:15.00;-13.7848;-76.3513;32;4.5
2013-11-25;14:45:11.00;-8.296;-76.0723;149;4.9
2013-11-25;19:42:58.00;-3.4309;-80.3918;56;5.2
2013-11-25;20:06:55.00;-12.7775;-76.4871;62;5.8
2013-11-26;08:41:24.00;-12.532;-76.8849;57;4.5
2013-11-26;09:47:16.00;-3.9589;-79.9689;92;4.6
2013-11-27;08:51:45.00;-15.6747;-71.5795;21;4.5
2013-11-27;12:59:59.00;-8.1194;-79.8617;44;4.6
2013-11-27;16:21:51.00;-16.7842;-69.3407;194;4.6
2013-11-27;20:30:50.00;-18.532;-69.706;81;4.8
2013-11-28;06:21:00.00;-3.395;-77.6883;57;4.7
2013-11-28;07:53:18.00;-5.6075;-77.2742;81;4.6
2013-11-28;14:23:16.00;-15.8985;-75.3764;5;4.5
2013-11-28;18:39:27.00;-4.1869;-80.5683;35;4.5
2013-11-29;17:16:32.00;-7.8316;-73.778;56;4.5
2013-11-29;19:19:20.00;-15.7101;-70.5512;233;4.8
2013-11-30;01:07:56.00;-5.4455;-77.0486;23;4.6
2013-11-30;03:23:50.00;-5.8911;-77.429;119;4.6
2013-11-30;06:39:32.00;-4.8422;-75.7147;145;4.5
2013-11-30;16:38:51.00;-2.57;-77.6096;158;5.3
2013-11-30;21:29:16.00;-10.7585;-74.7754;151;4.5
2013-12-01;03:08:04.00;-9.342;-75.4585;140;4.5
2013-12-01;04:28:47.00;-10.4475;-75.9768;146;4.6
2013-12-01;10:34:50.00;-10.3857;-78.0664;51;4.7
2013-12-01;16:33:42.00;-3.8425;-79.6991;173;4.5
2013-12-02;14:45:51.00;-10.145;-74.9091;164;4.7
2013-12-02;20:42:34.00;-8.3936;-76.2667;139;4.6
2013-12-02;23:15:10.00;-4.4823;-79.129;25;4.5
2013-12-03;07:04:04.00;-3.7556;-80.8987;33;4.5
2013-12-03;08:27:19.00;-5.63;-81.8157;16;4.5
2013-12-03;09:33:39.00;-15.2547;-72.3531;99;4.5
2013-12-03;10:21:25.00;-6.1337;-81.7561;22;4.5
2013-12-03;11:25:19.00;-3.7341;-77.8396;285;4.5
2013-12-03;17:17:20.00;-8.6012;-79.0724;51;4.6
2013-12-03;19:20:52.00;-8.185;-74.1882;201;4.9
2013-12-03;21:13:28.00;-14.129;-74.502;85;4.5
2013-12-04;03:55:38.00;-3.87;-81.0074;35;4.5
2013-12-04;08:38:06.00;-9.9155;-75.6158;42;4.9
2013-12-04;16:49:20.00;-2.9729;-80.3581;44;4.6
2013-12-04;17:13:11.00;-6.0748;-78.8332;19;4.5
2013-12-05;04:11:54.00;-15.088;-72.4795;37;4.9
2013-12-05;23:55:58.00;-2.9993;-80.877;45;4.5
2013-12-06;02:24:00.00;-4.0984;-80.9937;28;4.5
2013-12-06;08:02:45.00;-15.1598;-72.386;55;4.6
2013-12-06;10:13:02.00;-5.2369;-76.3958;31;4.5
2013-12-06;17:33:56.00;-4.1222;-77.0502;56;4.5
2013-12-06;22:30:53.00;-16.3551;-70.1355;185;5
2013-12-06;23:10:41.00;-10.1855;-80.2367;40;4.8
2013-12-06;23:22:47.00;-9.9787;-80.3202;27;4.5
2013-12-07;05:51:47.00;-3.1836;-78.6544;253;4.5
2013-12-07;16:45:22.00;-4.3387;-81.796;22;4.5
2013-12-07;19:24:52.00;-4.718;-79.4462;116;4.5
2013-12-08;06:42:17.00;-4.6906;-81.0801;31;4.5
2013-12-08;12:13:37.00;-16.082;-74.6505;29;4.7
2013-12-08;12:45:26.00;-5.0014;-77.085;52;4.5
2013-12-09;08:34:24.00;-5.3392;-79.4033;121;4.5
2013-12-09;10:18:25.00;-9.382;-79.0722;49;4.5
2013-12-09;16:28:52.00;-18.2987;-69.5542;139;4.8
2013-12-10;01:50:08.00;-10.0037;-74.5197;68;4.6
2013-12-10;02:42:22.00;-9.0863;-80.3992;22;4.5
2013-12-11;16:31:26.00;-5.1092;-78.6833;39;4.5
2013-12-11;17:48:27.00;-8.962;-80.2413;58;4.5
2013-12-12;12:43:22.00;-8.3502;-76.3962;30;5
2013-12-12;20:46:05.00;-14.369;-72.4618;30;4.5
2013-12-13;02:55:30.00;-6.0169;-78.9045;29;4.5
2013-12-13;04:58:32.00;-8.647;-76.2605;103;4.8
2013-12-13;09:47:55.00;-18.1792;-69.5477;156;4.9
2013-12-13;20:32:18.00;-4.2902;-80.5263;47;4.5
2013-12-13;23:45:35.00;-9.3492;-75.7369;30;4.7
2013-12-14;00:07:15.00;-16.2464;-74.7454;23;4.6
2013-12-14;01:41:12.00;-3.1434;-81.0785;28;5.3
2013-12-14;06:05:29.00;-9.6219;-75.6296;182;4.8
2013-12-15;00:40:41.00;-3.0031;-81.231;24;4.5
2013-12-15;11:20:05.00;-14.5832;-74.0315;88;4.7
2013-12-15;12:55:14.00;-7.2494;-76.9061;122;5.5
2013-12-15;15:17:39.00;-9.0082;-74.8176;161;4.9
2013-12-16;02:14:10.00;-5.1677;-77.6749;76;4.5
2013-12-16;19:29:56.00;-17.6115;-69.3356;147;4.8
2013-12-17;02:45:58.00;-8.0745;-73.6976;202;4.6
2013-12-17;17:14:17.00;-5.2217;-78.7195;18;4.5
2013-12-17;20:11:34.00;-9.7703;-79.3332;63;4.8
2013-12-18;01:09:37.00;-5.6203;-76.5163;98;4.7
2013-12-18;04:09:53.00;-7.868;-75.2423;127;4.6
2013-12-18;16:57:06.00;-6.7833;-77.6733;158;4.5
2013-12-19;03:53:26.00;-9.8045;-74.4904;144;4.8
2013-12-19;17:35:25.00;-15.6289;-71.9635;129;4.9
2013-12-19;18:58:38.00;-9.3247;-80.1288;29;4.8
2013-12-19;20:56:21.00;-13.2238;-75.0465;84;4.9
2013-12-20;09:11:45.00;-17.5894;-73.4893;24;4.8
2013-12-20;12:14:44.00;-9.604;-78.9829;44;4.7
2013-12-20;13:29:04.00;-6.3239;-81.4309;26;4.6
2013-12-21;04:18:23.00;-3.2262;-81.014;30;4.5
2013-12-21;04:36:32.00;-5.8372;-80.964;15;4.5
2013-12-21;16:48:18.00;-4.9556;-76.008;57;4.6
2013-12-22;10:05:45.00;-10.5703;-75.1007;143;4.7
2013-12-22;14:56:33.00;-15.6299;-75.6637;12;4.8
2013-12-22;16:38:06.00;-5.4069;-81.8316;26;4.5
2013-12-22;18:20:57.00;-4.0219;-80.9721;40;4.5
2013-12-22;23:09:01.00;-18.0915;-69.5866;160;4.7
2013-12-23;05:22:35.00;-5.7271;-77.1599;112;4.6
2013-12-23;06:03:08.00;-15.3953;-72.9167;44;5
2013-12-23;14:40:20.00;-14.2701;-73.8424;97;4.5
2013-12-23;14:53:47.00;-8.9042;-79.5135;37;4.7
2013-12-23;22:25:55.00;-14.478;-73.7844;48;4.5
2013-12-24;01:35:30.00;-3.8232;-76.4355;42;4.7
2013-12-24;11:20:05.00;-9.5021;-79.0752;42;4.5
2013-12-24;20:52:20.00;-8.6888;-74.9246;155;4.8
2013-12-25;06:52:07.00;-5.5555;-76.897;144;4.5
2013-12-25;08:11:48.00;-5.3041;-76.1247;102;4.7
2013-12-25;17:28:34.00;-2.7533;-81.9784;37;4.5
2013-12-26;09:49:41.00;-5.5349;-81.7311;41;4.5
2013-12-26;15:53:09.00;-4.4731;-80.0995;90;4.5
2013-12-26;23:05:12.00;-4.5632;-76.647;164;4.5
2013-12-27;04:48:55.00;-16.8782;-72.3574;68;4.8
2013-12-27;08:04:24.00;-14.8812;-74.4696;106;4.6
2013-12-27;21:14:26.00;-4.1639;-77.0478;65;4.5
2013-12-28;02:16:07.00;-7.1365;-75.9786;196;4.5
2013-12-28;10:17:31.00;-5.5723;-77.5969;125;4.5
2013-12-29;06:56:19.00;-14.166;-73.0564;139;4.6
2013-12-29;07:04:53.00;-15.867;-71.7273;16;4.5
2013-12-29;08:03:46.00;-13.6838;-72.6224;76;4.8
2013-12-29;15:43:42.00;-8.434;-75.8283;75;4.6
2013-12-30;07:13:19.00;-13.4053;-72.3521;34;4.6
2013-12-30;12:19:22.00;-16.2079;-73.9527;39;4.6
2013-12-30;22:22:52.00;-3.5951;-80.6746;51;4.5
2013-12-30;23:48:06.00;-10.5465;-75.0323;233;5
2013-12-31;04:52:26.00;-8.5539;-77.6048;101;4.5
2013-12-31;08:31:02.00;-11.5069;-73.0025;145;4.8
2013-12-31;08:42:31.00;-3.6657;-81.2984;25;4.5
2014-01-02;08:42:43.00;-3.2547;-81.3001;6;4.5
2014-01-02;22:27:45.00;-11.1958;-78.4315;28;5
2014-01-03;10:09:38.00;-10.1713;-75.6403;20;5
2014-01-03;11:58:52.00;-15.7503;-74.9519;59;4.5
2014-01-05;20:00:52.00;-16.4699;-72.1121;115;4.5
2014-01-06;02:20:10.00;-8.0615;-80.7547;6;4.8
2014-01-06;02:52:35.00;-10.1069;-77.8579;90;4.9
2014-01-06;03:53:37.00;-9.6022;-74.7834;19;4.5
2014-01-06;13:34:13.00;-11.3257;-76.5491;131;4.9
2014-01-06;19:25:56.00;-2.9279;-80.6011;81;4.5
2014-01-06;20:05:42.00;-4.8901;-80.8541;38;5.2
2014-01-08;15:39:18.00;-5.0569;-80.0342;89;5.3
2014-01-09;22:35:06.00;-4.0766;-79.8045;52;4.5
2014-01-13;02:21:11.00;-15.0093;-74.4843;119;4.5
2014-01-13;09:17:41.00;-5.3216;-78.6665;28;4.9
2014-01-13;13:43:24.00;-3.2128;-80.6821;44;4.6
2014-01-13;17:09:37.00;-10.1066;-78.8894;48;4.8
2014-01-13;20:45:29.00;-5.3984;-80.7194;38;4.9
2014-01-15;02:09:14.00;-5.7537;-78.7135;21;4.5
2014-01-15;17:54:43.00;-5.3644;-80.2813;55;4.7
2014-01-16;14:22:32.00;-4.2489;-80.8043;37;4.6
2014-01-16;23:32:06.00;-16.4535;-70.5151;187;4.6
2014-01-17;06:11:15.00;-8.8607;-74.5336;230;4.9
2014-01-17;17:11:05.00;-13.7363;-76.4264;36;4.7
2014-01-18;05:54:21.00;-15.6264;-72.1193;141;5
2014-01-18;16:01:26.00;-16.1434;-71.5692;137;4.5
2014-01-19;03:20:07.00;-4.0931;-77.9778;46;4.8
2014-01-19;03:30:37.00;-3.6772;-80.8252;21;4.5
2014-01-19;09:40:05.00;-15.5648;-75.3068;19;4.6
2014-01-20;04:59:53.00;-15.192;-71.9702;39;4.6
2014-01-20;05:27:00.00;-12.2535;-76.6344;91;4.6
2014-01-21;10:52:05.00;-9.373;-75.8537;167;4.6
2014-01-21;14:32:35.00;-4.5133;-82.0657;23;4.9
2014-01-22;00:48:20.00;-6.5565;-80.7202;34;4.8
2014-01-22;03:10:18.00;-9.8771;-76.3505;135;4.7
2014-01-22;04:46:43.00;-18.0967;-70.1908;135;4.9
2014-01-22;08:39:10.00;-10.4033;-79.0933;28;4.8
2014-01-22;18:36:40.00;-16.9948;-72.6093;38;4.5
2014-01-23;05:43:35.00;-9.5609;-74.476;201;4.9
2014-01-23;12:26:17.00;-5.7842;-76.4784;100;4.5
2014-01-23;15:41:21.00;-14.2186;-73.582;120;5
2014-01-23;16:13:12.00;-17.5801;-69.1898;33;4.9
2014-01-24;05:12:32.00;-14.7306;-73.5484;96;4.6
2014-01-24;08:53:56.00;-6.8822;-76.8122;59;4.5
2014-01-24;19:58:26.00;-18.0127;-70.5222;54;4.5
2014-01-25;06:28:22.00;-9.9356;-80.3917;55;4.8
2014-01-25;14:04:25.00;-5.1946;-77.3977;42;4.8
2014-01-26;05:10:27.00;-3.8637;-81.178;45;5.6
2014-01-26;05:28:54.00;-4.0958;-80.9462;16;4.5
2014-01-26;14:43:51.00;-3.992;-80.9963;42;4.6
2014-01-27;02:02:27.00;-4.4597;-80.3761;55;4.7
2014-01-27;06:00:37.00;-11.3319;-74.8146;124;4.6
2014-01-27;07:26:01.00;-14.5564;-73.6375;46;4.5
2014-01-27;11:09:55.00;-4.1014;-77.5798;56;4.6
2014-01-28;07:49:12.00;-10.8835;-76.5441;144;4.7
2014-01-28;14:54:08.00;-2.9392;-80.4188;135;4.5
2014-01-28;15:19:26.00;-4.6577;-81.738;29;4.8
2014-01-28;17:12:05.00;-16.6632;-72.2937;90;4.6
2014-01-29;10:01:53.00;-18.6585;-69.9325;120;5.8
2014-01-30;06:12:52.00;-9.7532;-75.0737;122;4.5
2014-01-30;18:34:56.00;-10.6891;-75.575;146;4.6
2014-01-31;06:31:47.00;-8.4329;-74.3725;77;4.6
2014-01-31;09:12:22.00;-13.8955;-69.6834;15;4.6
2014-01-31;13:34:11.00;-8.4202;-80.4393;57;4.5
2014-01-31;13:48:21.00;-18.271;-69.9669;150;4.8
2014-01-31;14:18:19.00;-3.5643;-77.542;167;4.5
2014-01-31;16:16:10.00;-10.1701;-78.7662;26;4.6
2014-02-01;02:56:09.00;-3.4772;-81.3037;27;4.5
2014-02-01;04:12:32.00;-15.5809;-72.785;53;4.6
2014-02-02;01:24:52.00;-13.7926;-76.3907;48;4.6
2014-02-02;08:57:07.00;-16.1427;-74.3905;53;5.4
2014-02-02;09:31:47.00;-4.6204;-77.8636;159;4.7
2014-02-03;00:08:43.00;-6.5055;-75.5519;151;4.9
2014-02-04;00:39:48.00;-15.9071;-74.2673;67;4.5
2014-02-04;01:33:46.00;-4.1252;-80.912;37;4.6
2014-02-04;03:00:06.00;-4.9754;-77.3636;138;4.6
2014-02-04;10:32:35.00;-7.9009;-75.7326;185;4.9
2014-02-04;12:17:47.00;-14.1472;-74.7852;86;4.8
2014-02-04;13:47:33.00;-16.2012;-71.8782;116;4.6
2014-02-05;01:59:50.00;-16.1518;-74.7544;29;4.6
2014-02-05;05:45:09.00;-15.5664;-75.5528;37;4.5
2014-02-05;07:56:00.00;-10.8808;-75.1218;13;4.6
2014-02-05;20:23:51.00;-15.4175;-76.0888;35;4.7
2014-02-06;06:11:39.00;-3.0096;-80.1909;40;4.5
2014-02-06;18:25:43.00;-5.2636;-76.8803;135;4.7
2014-02-08;01:35:49.00;-6.5587;-79.5914;79;4.6
2014-02-08;03:51:58.00;-10.476;-73.6481;31;4.5
2014-02-08;04:27:07.00;-8.2349;-79.7805;39;4.6
2014-02-08;06:18:05.00;-4.8247;-77.8189;60;4.7
2014-02-08;09:52:48.00;-5.4901;-77.1097;29;4.6
2014-02-09;12:12:20.00;-17.6888;-70.0497;158;4.8
2014-02-09;17:53:02.00;-15.1065;-72.0929;106;5.3
2014-02-10;02:09:05.00;-4.2561;-77.9317;53;4.6
2014-02-10;04:22:16.00;-16.1294;-71.7301;133;4.5
2014-02-10;04:23:47.00;-9.8735;-79.6175;34;4.7
2014-02-10;05:03:02.00;-14.2029;-72.9596;104;4.7
2014-02-10;07:38:35.00;-16.1911;-73.3556;47;4.5
2014-02-11;23:51:19.00;-10.629;-75.064;33;4.9
2014-02-13;03:45:34.00;-11.4705;-77.8674;54;4.6
2014-02-13;04:13:31.00;-11.9514;-75.967;92;4.6
2014-02-13;06:36:36.00;-4.5168;-76.7952;116;4.7
2014-02-14;05:08:47.00;-14.8051;-73.0149;100;4.6
2014-02-14;15:31:19.00;-3.3528;-77.8809;184;4.6
2014-02-14;20:44:30.00;-4.1682;-76.4022;173;4.7
2014-02-15;04:22:14.00;-17.7872;-69.5407;186;4.6
2014-02-15;05:33:19.00;-14.5988;-73.6409;97;4.7
2014-02-15;14:14:03.00;-9.2062;-80.2631;56;4.6
2014-02-15;19:15:40.00;-10.633;-75.0737;28;4.6
2014-02-16;05:10:28.00;-3.042;-80.3565;66;4.8
2014-02-16;08:31:08.00;-16.8288;-69.8515;219;4.5
2014-02-16;09:04:34.00;-3.2106;-80.2509;66;4.5
2014-02-16;22:27:11.00;-7.8446;-74.2708;199;4.5
2014-02-17;19:13:48.00;-7.8439;-75.9279;156;4.9
2014-02-18;02:36:56.00;-4.4542;-75.0199;44;4.5
2014-02-18;23:35:55.00;-14.5449;-76.1373;43;6.1
2014-02-18;23:50:46.00;-14.4815;-75.9255;46;4.5
2014-02-18;23:54:07.00;-14.4679;-75.9424;45;4.5
2014-02-19;00:01:03.00;-14.295;-75.851;57;4.5
2014-02-19;00:14:29.00;-14.3432;-75.9543;61;4.5
2014-02-19;01:52:25.00;-14.261;-75.5651;49;4.5
2014-02-19;02:19:01.00;-14.4506;-75.9861;50;4.8
2014-02-19;02:28:58.00;-14.5027;-76.0028;49;4.5
2014-02-19;03:28:34.00;-14.4217;-76.018;51;4.6
2014-02-19;03:42:45.00;-14.4617;-76.1096;51;4.7
2014-02-19;04:00:06.00;-14.5374;-76.0484;41;4.7
2014-02-19;04:04:48.00;-14.4862;-75.9001;45;4.6
2014-02-19;04:44:19.00;-14.4495;-75.8684;47;4.5
2014-02-19;04:47:15.00;-14.3755;-75.9923;52;4.5
2014-02-19;05:03:42.00;-14.4826;-76.0601;52;4.7
2014-02-19;06:39:06.00;-14.4443;-75.9588;47;4.7
2014-02-19;07:26:53.00;-14.4536;-75.9119;52;4.5
2014-02-19;10:38:07.00;-14.4576;-75.9835;54;4.7
2014-02-19;12:19:52.00;-14.406;-75.9879;57;4.8
2014-02-19;20:50:35.00;-13.9557;-75.1537;119;4.5
2014-02-20;03:45:14.00;-14.3962;-75.9918;51;4.9
2014-02-20;11:02:59.00;-5.1659;-78.0816;22;4.9
2014-02-20;20:15:35.00;-12.8325;-76.9909;38;4.6
2014-02-20;20:36:48.00;-4.8859;-80.8553;33;4.6
2014-02-22;15:35:45.00;-3.5614;-77.5786;55;4.8
2014-02-24;02:46:58.00;-11.5541;-74.0489;25;4.6
2014-02-24;13:11:39.00;-9.7686;-78.8134;39;4.6
2014-02-24;13:15:39.00;-3.5968;-81.6272;5;4.5
2014-02-25;02:42:36.00;-4.4749;-80.7204;39;4.5
2014-02-25;03:05:28.00;-11.1892;-77.1088;72;4.9
2014-02-25;03:12:12.00;-8.5726;-80.2014;20;4.6
2014-02-25;03:31:14.00;-8.1519;-73.5401;43;4.5
2014-02-25;09:58:28.00;-14.9033;-72.5965;122;4.7
2014-02-25;19:54:46.00;-8.1369;-80.3702;50;4.6
2014-02-26;20:45:23.00;-5.0694;-78.2041;18;4.5
2014-02-27;01:48:48.00;-17.9303;-69.916;182;4.5
2014-02-27;06:01:36.00;-9.0579;-80.3021;50;4.9
2014-02-27;06:40:15.00;-17.724;-70.9405;63;4.5
2014-02-27;09:25:26.00;-9.2983;-78.789;82;4.8
2014-02-28;10:45:09.00;-8.4314;-74.8312;68;4.5
2014-03-01;05:11:34.00;-15.3231;-71.8171;126;4.5
2014-03-01;05:18:09.00;-14.3132;-75.5352;53;4.5
2014-03-01;10:52:29.00;-13.7232;-76.6336;43;5.1
2014-03-01;12:10:16.00;-12.9998;-75.2799;111;4.7
2014-03-01;12:46:35.00;-3.3277;-80.2636;69;4.7
2014-03-01;13:55:31.00;-8.4563;-74.137;193;4.9
2014-03-01;19:03:28.00;-8.9704;-80.0465;45;4.8
2014-03-01;19:45:34.00;-5.2011;-76.1889;64;4.9
2014-03-02;01:00:51.00;-3.7092;-79.8801;113;4.5
2014-03-02;04:57:42.00;-14.4113;-75.868;51;4.7
2014-03-02;05:12:26.00;-4.9994;-75.7459;69;4.9
2014-03-02;13:35:57.00;-7.3346;-75.8255;145;4.9
2014-03-02;17:36:46.00;-14.9887;-73.9299;97;4.6
2014-03-02;19:22:24.00;-14.4309;-75.9763;54;4.9
2014-03-03;21:24:10.00;-3.8511;-77.4866;139;4.5
2014-03-04;07:23:43.00;-2.9661;-76.923;29;4.8
2014-03-04;10:48:11.00;-4.1437;-79.7685;83;4.6
2014-03-04;11:34:38.00;-7.2201;-76.8134;151;4.7
2014-03-04;13:26:33.00;-7.6139;-80.3178;27;4.6
2014-03-05;04:25:41.00;-3.9318;-76.731;137;4.9
2014-03-05;04:33:07.00;-6.767;-75.5359;163;4.6
2014-03-05;14:42:51.00;-10.423;-78.4426;39;4.6
2014-03-06;02:31:22.00;-4.5047;-79.7668;95;4.8
2014-03-06;18:57:39.00;-3.5072;-80.0702;85;4.6
2014-03-06;21:18:59.00;-16.3237;-74.4067;16;4.8
2014-03-07;02:59:58.00;-12.0118;-73.1728;25;4.7
2014-03-07;05:29:02.00;-18.2876;-70.0609;134;4.5
2014-03-07;08:13:00.00;-7.5316;-74.4694;37;4.9
2014-03-07;12:59:55.00;-10.6889;-79.3052;49;4.5
2014-03-07;23:20:32.00;-8.8155;-79.5045;29;4.9
2014-03-08;12:50:25.00;-7.6951;-74.1153;181;4.8
2014-03-08;15:20:31.00;-8.4497;-77.4551;154;4.6
2014-03-09;01:12:55.00;-5.5311;-76.8761;106;4.9
2014-03-09;15:58:04.00;-17.098;-72.0952;43;4.7
2014-03-09;16:54:27.00;-16.1015;-72.1739;115;4.8
2014-03-09;18:26:19.00;-15.9743;-73.0869;37;4.7
2014-03-09;23:21:56.00;-4.1313;-78.2739;31;4.5
2014-03-11;00:58:06.00;-15.4668;-73.59;74;4.7
2014-03-11;08:07:50.00;-3.8182;-80.2758;32;4.5
2014-03-11;08:08:41.00;-16.2384;-74.5931;53;5.1
2014-03-11;09:21:09.00;-17.0474;-71.6494;26;4.5
2014-03-11;11:25:39.00;-7.1499;-75.1994;128;4.8
2014-03-11;23:37:56.00;-8.5068;-74.9907;132;4.9
2014-03-12;08:59:48.00;-4.5153;-75.3935;160;4.5
2014-03-12;09:47:03.00;-7.0116;-74.3674;181;4.9
2014-03-13;09:26:40.00;-5.4467;-78.7488;21;4.9
2014-03-13;09:42:03.00;-7.9326;-79.6421;21;4.9
2014-03-13;21:18:43.00;-14.4102;-75.9218;39;4.8
2014-03-14;06:56:03.00;-14.3363;-74.1737;127;5.1
2014-03-15;00:49:57.00;-9.0223;-79.7243;56;4.5
2014-03-15;05:53:18.00;-7.1818;-76.5668;56;4.6
2014-03-15;06:05:44.00;-14.1391;-76.2971;34;5.2
2014-03-15;08:59:16.00;-14.421;-76.9944;30;6.2
2014-03-15;09:09:05.00;-15.5237;-72.4398;106;5.1
2014-03-15;09:12:05.00;-14.2636;-76.6209;28;4.5
2014-03-15;11:03:10.00;-4.0825;-80.1195;33;4.7
2014-03-15;23:51:31.00;-5.6595;-81.127;39;6.4
2014-03-15;23:55:22.00;-5.6528;-81.0661;35;4.5
2014-03-16;00:22:20.00;-5.5723;-80.9967;38;4.8
2014-03-16;14:56:17.00;-5.6982;-80.9769;39;4.7
2014-03-16;15:25:13.00;-5.6666;-81.1222;41;5
2014-03-16;15:34:04.00;-5.6778;-81.0512;27;4.6
2014-03-17;04:14:51.00;-18.0233;-70.6272;65;5
2014-03-17;06:13:21.00;-4.186;-81.6205;14;4.5
2014-03-17;08:09:12.00;-5.1416;-80.83;57;4.7
2014-03-17;08:29:50.00;-6.4163;-76.769;46;4.6
2014-03-17;08:53:52.00;-5.6506;-81.0388;28;4.5
2014-03-17;15:39:16.00;-11.9598;-74.9741;103;4.9
2014-03-18;03:54:32.00;-17.1995;-74.4051;31;4.9
2014-03-18;15:42:41.00;-5.8407;-76.1948;54;4.5
2014-03-19;05:44:20.00;-10.5521;-79.7721;32;4.5
2014-03-20;03:12:08.00;-16.3695;-72.4943;89;4.5
2014-03-20;05:23:15.00;-5.6826;-76.6355;144;4.5
2014-03-20;07:07:52.00;-15.7409;-75.2377;14;5
2014-03-20;07:50:39.00;-16.2913;-74.3664;32;4.7
2014-03-20;09:05:58.00;-10.5128;-75.144;36;4.5
2014-03-20;11:10:07.00;-7.6919;-74.2117;173;5
2014-03-20;12:05:11.00;-11.8865;-76.128;83;4.9
2014-03-20;21:16:08.00;-8.6295;-78.9182;57;4.8
2014-03-20;22:26:17.00;-7.9576;-75.2464;10;4.8
2014-03-20;22:29:28.00;-14.1906;-76.7041;14;4.6
2014-03-20;22:33:41.00;-15.8647;-75.3349;13;4.9
2014-03-21;06:41:42.00;-3.3192;-80.9164;15;4.8
2014-03-22;00:38:46.00;-5.4135;-80.811;36;5.3
2014-03-22;02:47:23.00;-13.4691;-74.9741;97;4.5
2014-03-24;03:14:35.00;-8.8559;-81.0971;58;4.6
2014-03-24;21:15:50.00;-4.0151;-80.7593;59;4.5
2014-03-24;21:38:33.00;-14.0106;-76.3099;19;4.8
2014-03-25;06:52:19.00;-17.0901;-71.299;37;4.5
2014-03-25;07:21:30.00;-5.5769;-81.0062;36;4.8
2014-03-25;14:38:26.00;-17.7921;-70.8088;67;5.4
2014-03-26;09:16:08.00;-5.7765;-75.8943;148;4.8
2014-03-27;00:04:50.00;-14.2096;-76.7721;32;4.8
2014-03-27;05:11:14.00;-8.2824;-74.6638;210;4.8
2014-03-27;09:10:06.00;-2.6805;-81.9488;31;4.7
2014-03-27;17:59:12.00;-8.6313;-74.6317;158;5.3
2014-03-28;01:53:02.00;-8.589;-75.0403;145;4.8
2014-03-28;05:28:38.00;-15.7231;-72.1642;72;4.6
2014-03-28;06:33:57.00;-17.3405;-70.3808;134;4.7
2014-03-28;10:39:14.00;-13.1798;-74.2528;79;4.9
2014-03-29;02:11:52.00;-14.7725;-76.2694;36;4.6
2014-03-29;08:36:03.00;-8.6637;-79.8966;44;4.9
2014-03-29;23:26:10.00;-11.8501;-75.936;32;4.7
2014-03-29;23:38:30.00;-3.6548;-80.7123;35;4.8
2014-03-30;00:04:12.00;-5.8331;-81.0227;32;4.5
2014-03-30;01:11:15.00;-13.6561;-76.4765;30;5.3
2014-03-30;14:33:46.00;-7.6401;-78.2835;123;4.6
2014-03-30;16:43:31.00;-5.3293;-76.4618;25;4.5
2014-03-30;21:48:55.00;-15.2683;-74.5664;101;4.7
2014-03-30;23:45:54.00;-16.988;-70.9222;129;4.6
2014-03-30;23:48:45.00;-12.4551;-76.9845;45;4.6
2014-03-31;00:38:50.00;-2.4466;-77.1082;77;4.7
2014-03-31;23:22:53.00;-5.1442;-78.8277;17;4.7
2014-03-31;23:47:22.00;-7.5457;-76.4073;163;4.7
2014-04-01;09:14:39.00;-3.6464;-77.7779;156;4.5
2014-04-02;15:20:57.00;-4.3787;-80.2957;55;4.5
2014-04-03;02:11:57.00;-4.977;-78.2174;121;4.8
2014-04-03;06:16:20.00;-18.5363;-70.2021;75;5.3
2014-04-03;08:23:21.00;-2.6673;-77.8616;20;4.9
2014-04-03;13:23:16.00;-17.1348;-71.675;61;4.9
2014-04-04;11:48:23.00;-4.0359;-77.5555;38;4.5
2014-04-04;19:53:54.00;-17.4087;-71.8782;50;4.5
2014-04-04;20:32:45.00;-16.5102;-74.167;25;5
2014-04-04;21:00:05.00;-16.5341;-74.1393;26;4.7
2014-04-05;12:59:42.00;-11.2765;-78.03;40;4.5
2014-04-05;15:50:43.00;-16.9074;-71.2629;114;4.5
2014-04-06;21:24:20.00;-18.4439;-70.6126;28;4.5
2014-04-07;00:45:50.00;-16.734;-70.8108;150;4.6
2014-04-07;03:27:22.00;-10.3347;-79.9189;18;4.7
2014-04-07;13:09:11.00;-3.9323;-81.19;40;4.8
2014-04-07;15:27:33.00;-8.2424;-71.5809;561;5.2
2014-04-07;18:37:51.00;-16.1646;-73.4078;45;4.8
2014-04-08;18:28:11.00;-18.1955;-71.7463;20;4.9
2014-04-09;05:38:30.00;-17.6314;-72.8712;15;4.5
2014-04-09;19:01:07.00;-9.2724;-79.3399;20;4.5
2014-04-09;22:35:49.00;-10.0471;-78.6799;33;4.5
2014-04-10;02:43:56.00;-15.3375;-72.4135;110;4.9
2014-04-10;05:40:55.00;-15.6334;-71.9211;118;5
2014-04-10;08:56:18.00;-5.6178;-81.0549;21;4.8
2014-04-10;10:24:44.00;-13.0766;-69.0634;56;4.5
2014-04-10;15:56:50.00;-17.2051;-70.9649;110;4.8
2014-04-11;11:25:18.00;-9.8713;-75.5375;10;4.7
2014-04-11;14:07:25.00;-8.5751;-76.6857;41;4.5
2014-04-11;18:12:11.00;-4.0136;-81.1424;36;4.5
2014-04-13;05:12:00.00;-3.7361;-79.724;117;4.6
2014-04-13;10:01:00.00;-11.578;-75.1024;125;4.5
2014-04-14;04:34:22.00;-15.2181;-72.3389;151;4.8
2014-04-14;22:20:35.00;-18.4994;-70.8468;31;4.9
2014-04-14;22:23:26.00;-9.0472;-79.234;29;4.9
2014-04-14;23:40:34.00;-12.4924;-75.2195;79;5.3
2014-04-15;20:20:51.00;-3.8709;-79.8547;106;4.5
2014-04-16;15:24:49.00;-11.1258;-74.6168;20;4.6
2014-04-16;16:20:36.00;-7.7262;-74.2059;185;4.6
2014-04-16;19:21:43.00;-16.4998;-73.7191;31;4.8
2014-04-17;07:32:44.00;-7.5767;-78.7861;101;4.6
2014-04-17;07:51:11.00;-4.9295;-78.1406;37;4.5
2014-04-17;08:03:55.00;-5.5973;-80.9096;36;4.5
2014-04-18;13:12:35.00;-3.6146;-81.1002;28;4.5
2014-04-18;20:28:15.00;-11.1711;-76.0327;21;4.9
2014-04-18;21:33:15.00;-5.2092;-76.7419;170;4.5
2014-04-18;21:54:41.00;-18.7309;-70.1992;44;4.5
2014-04-19;10:40:32.00;-8.8763;-79.211;29;4.6
2014-04-20;08:29:28.00;-5.2979;-75.7246;23;4.6
2014-04-20;08:58:06.00;-8.252;-74.3439;191;5.1
2014-04-20;09:10:16.00;-12.7608;-75.1667;68;4.9
2014-04-20;20:42:05.00;-17.4379;-69.6264;195;4.9
2014-04-21;01:05:35.00;-12.9987;-76.1842;55;4.6
2014-04-21;01:58:15.00;-8.0302;-74.666;166;4.7
2014-04-21;02:36:05.00;-11.7583;-77.4871;46;4.5
2014-04-21;13:45:54.00;-8.9247;-79.337;57;4.5
2014-04-22;00:13:12.00;-3.4553;-80.9044;24;4.7
2014-04-22;18:23:32.00;-8.9284;-77.6843;125;4.9
2014-04-22;22:09:48.00;-3.9858;-80.9934;22;4.5
2014-04-23;01:42:43.00;-15.8487;-75.0209;21;4.6
2014-04-23;07:19:00.00;-15.4927;-73.1807;126;4.5
2014-04-23;09:14:17.00;-8.0606;-74.4645;178;4.6
2014-04-23;13:12:29.00;-7.2305;-80.9154;27;4.7
2014-04-24;09:13:21.00;-18.1099;-69.4268;134;4.5
2014-04-24;10:01:02.00;-18.1002;-70.2362;123;4.8
2014-04-24;14:20:31.00;-9.1143;-79.2224;23;4.8
2014-04-24;17:06:48.00;-9.4911;-79.2777;56;5
2014-04-25;03:37:10.00;-12.4702;-76.4483;80;4.5
2014-04-25;18:21:58.00;-16.94;-73.9022;14;4.5
2014-04-26;14:46:34.00;-16.7739;-71.6944;18;4.5
2014-04-27;01:09:49.00;-15.8234;-73.0972;101;4.9
2014-04-27;04:13:01.00;-12.4596;-77.383;32;4.6
2014-04-27;04:32:04.00;-8.6744;-76.9973;105;4.6
2014-04-27;16:28:23.00;-13.1842;-76.8362;35;4.8
2014-04-28;13:51:06.00;-15.2775;-70.9316;17;4.9
2014-04-29;03:32:48.00;-3.2853;-80.7493;40;4.5
2014-04-29;09:34:18.00;-14.5585;-76.206;7;4.7
2014-04-29;11:06:46.00;-11.5498;-73.0881;39;4.5
2014-04-29;19:23:04.00;-7.9271;-75.88;170;4.9
2014-05-02;06:21:02.00;-8.8976;-74.5262;150;4.9
2014-05-02;09:16:15.00;-13.2805;-76.5999;17;4.5
2014-05-03;04:54:54.00;-12.2473;-77.6573;23;4.5
2014-05-03;23:03:25.00;-5.2369;-77.2543;118;4.5
2014-05-04;14:11:59.00;-10.3656;-78.4744;32;4.5
2014-05-04;14:54:30.00;-16.0955;-74.113;48;4.5
2014-05-04;19:41:12.00;-9.8886;-77.613;100;4.9
2014-05-06;21:14:36.00;-6.3347;-76.2924;54;4.7
2014-05-07;05:43:08.00;-7.3237;-74.1015;212;4.9
2014-05-07;22:19:10.00;-9.6176;-75.4492;114;5
2014-05-08;02:03:23.00;-14.3841;-76.0453;51;4.5
2014-05-08;03:45:23.00;-8.4856;-75.9534;127;4.6
2014-05-08;07:15:01.00;-8.8606;-79.281;45;5
2014-05-08;07:53:36.00;-15.9821;-74.7335;22;4.6
2014-05-08;08:03:34.00;-8.7287;-79.215;37;4.6
2014-05-08;09:19:37.00;-8.9093;-79.2479;48;4.5
2014-05-08;13:07:54.00;-3.4029;-80.7504;33;4.5
2014-05-08;18:25:02.00;-14.0251;-76.3259;40;4.6
2014-05-09;05:38:12.00;-7.1673;-80.9363;32;4.5
2014-05-09;06:24:48.00;-8.8332;-79.2613;43;4.6
2014-05-09;09:05:52.00;-13.3418;-75.9615;42;4.8
2014-05-09;21:15:35.00;-3.1275;-81.043;28;4.6
2014-05-10;06:03:27.00;-3.2413;-81.794;38;4.5
2014-05-10;06:48:54.00;-14.9208;-73.7266;108;4.5
2014-05-10;09:46:33.00;-10.9938;-73.7461;40;4.8
2014-05-10;10:32:41.00;-18.1425;-71.1894;34;4.8
2014-05-10;14:37:51.00;-12.4596;-76.8971;49;4.6
2014-05-10;17:57:12.00;-12.6338;-77.0562;44;4.9
2014-05-10;18:43:18.00;-8.2932;-76.2471;138;4.9
2014-05-11;03:22:11.00;-7.7875;-75.5444;102;5
2014-05-11;13:37:26.00;-5.1527;-80.2806;61;4.5
2014-05-12;00:40:31.00;-9.8094;-75.4725;122;5
2014-05-12;04:15:27.00;-4.2133;-80.4555;34;5.3
2014-05-12;06:27:36.00;-3.2864;-80.9555;35;4.6
2014-05-12;07:08:25.00;-8.8577;-75.0452;34;4.7
2014-05-12;10:00:25.00;-5.4506;-80.6245;45;4.5
2014-05-12;10:48:03.00;-12.3269;-73.7142;20;4.6
2014-05-13;05:45:43.00;-16.5374;-73.1576;55;5.3
2014-05-13;06:21:59.00;-16.456;-69.9981;192;4.2
2014-05-13;06:36:06.00;-12.5959;-75.3174;140;4.5
2014-05-13;08:03:18.00;-8.3826;-79.7959;56;4.5
2014-05-13;16:26:04.00;-5.3606;-79.415;97;4.7
2014-05-13;18:50:07.00;-17.0321;-69.4718;181;4.9
2014-05-13;21:46:01.00;-14.5418;-73.4367;117;4.6
2014-05-14;11:54:55.00;-13.5732;-76.1503;73;4.8
2014-05-14;18:39:57.00;-3.8169;-74.9028;172;4.7
2014-05-14;19:14:18.00;-9.802;-75.1558;35;4.6
2014-05-14;21:12:48.00;-8.3692;-76.2543;28;5.1
2014-05-15;01:48:55.00;-5.6045;-81.0213;47;5.6
2014-05-15;02:08:08.00;-9.2103;-79.8781;23;4.6
2014-05-15;04:58:28.00;-4.7256;-81.014;33;4.6
2014-05-15;06:41:40.00;-14.172;-74.4917;71;4.8
2014-05-15;22:43:17.00;-7.5925;-79.6899;56;5.7
2014-05-16;01:05:10.00;-17.576;-71.4581;35;5.3
2014-05-16;06:40:17.00;-16.0442;-74.4018;54;4.6
2014-05-16;08:01:23.00;-9.9857;-74.1972;165;5.4
2014-05-16;17:55:42.00;-16.0268;-71.1117;151;4.5
2014-05-16;23:03:22.00;-8.9151;-79.0407;42;4.5
2014-05-17;02:26:51.00;-6.0085;-75.3565;48;4.6
2014-05-17;03:57:43.00;-16.4316;-73.6571;55;4.6
2014-05-17;12:29:19.00;-17.5791;-69.7812;214;4.5
2014-05-17;13:14:29.00;-17.6046;-72.0151;10;4.5
2014-05-17;13:43:45.00;-17.5604;-69.6129;177;4.5
2014-05-17;18:08:47.00;-7.0609;-76.7009;50;4.6
2014-05-17;19:33:58.00;-7.156;-74.8353;164;4.6
2014-05-18;14:58:57.00;-3.3603;-77.4659;58;4.5
2014-05-18;19:20:02.00;-4.0253;-80.8845;28;4.5
2014-05-19;08:57:55.00;-10.5651;-78.364;53;4.5
2014-05-19;14:01:00.00;-16.0939;-74.8692;23;5.1
2014-05-20;05:39:36.00;-6.2661;-79.097;136;4.8
2014-05-20;07:28:54.00;-18.4187;-71.1016;22;4.8
2014-05-20;21:11:18.00;-17.8442;-69.3754;149;4.9
2014-05-21;22:30:01.00;-8.9219;-74.5215;143;5.3
2014-05-22;05:50:20.00;-11.5014;-73.4325;186;4.8
2014-05-22;06:57:53.00;-17.9803;-71.8651;41;4.6
2014-05-22;09:59:55.00;-17.1488;-71.1692;38;4.7
2014-05-23;06:04:36.00;-9.2748;-75.0141;141;4.6
2014-05-23;16:40:41.00;-8.52;-76.4012;20;4.5
2014-05-24;03:16:18.00;-8.0993;-74.4129;155;4.9
2014-05-24;06:47:32.00;-15.3859;-73.9635;74;5.4
2014-05-24;07:50:16.00;-15.1287;-71.7429;147;4.9
2014-05-25;01:55:52.00;-6.733;-75.2434;112;4.5
2014-05-25;04:44:20.00;-14.3917;-75.7025;67;4.6
2014-05-25;15:52:48.00;-5.6101;-81.0166;17;4.9
2014-05-26;11:38:37.00;-5.8183;-81.098;29;4.6
2014-05-26;11:45:00.00;-5.8514;-81.1923;28;4.8
2014-05-28;01:11:48.00;-5.5385;-81.0005;25;4.5
2014-05-28;01:47:07.00;-4.0263;-81.1409;33;4.9
2014-05-28;02:07:51.00;-7.7033;-74.7419;80;4.9
2014-05-28;02:17:16.00;-18.5389;-69.6493;143;4.9
2014-05-28;03:40:01.00;-16.4865;-72.2646;70;4.8
2014-05-28;05:47:59.00;-5.3946;-80.9769;18;4.8
2014-05-28;06:04:47.00;-5.2891;-78.8045;19;4.9
2014-05-28;10:55:23.00;-5.2782;-78.834;18;4.9
2014-05-29;01:42:03.00;-9.2583;-79.0879;56;4.6
2014-05-29;19:38:34.00;-7.5138;-81.4328;27;4.5
2014-05-29;20:00:01.00;-13.3141;-74.8118;73;4.9
2014-05-29;20:24:57.00;-5.6277;-80.8929;22;4.6
2014-05-31;15:28:06.00;-3.3732;-81.6285;38;4.5
2014-06-01;01:07:37.00;-9.8863;-79.0242;55;4.8
2014-06-01;05:50:39.00;-8.6471;-79.9245;18;4.7
2014-06-01;06:32:52.00;-14.8996;-73.9272;96;4.5
2014-06-02;13:23:49.00;-16.7364;-69.596;254;5.1
2014-06-02;16:47:28.00;-8.2511;-75.5514;159;4.7
2014-06-03;10:31:03.00;-7.794;-74.8119;212;4.5
2014-06-03;11:25:35.00;-9.0724;-79.1937;35;4.5
2014-06-03;19:44:28.00;-4.9406;-80.8408;31;4.6
2014-06-03;21:34:13.00;-12.5196;-77.1373;33;5.5
2014-06-04;11:34:42.00;-7.2044;-75.9064;144;4.5
2014-06-05;03:10:44.00;-15.9536;-72.0424;143;4.7
2014-06-05;09:53:01.00;-8.4449;-76.3576;27;4.7
2014-06-05;12:49:47.00;-8.5441;-75.6438;121;4.8
2014-06-05;17:52:25.00;-9.7775;-74.2065;114;4.5
2014-06-06;04:23:07.00;-14.455;-76.0175;16;4.5
2014-06-06;15:50:56.00;-14.6065;-74.249;97;4.6
2014-06-06;21:02:16.00;-3.1809;-82.2118;31;4.7
2014-06-06;23:49:20.00;-6.9306;-75.6193;196;5.3
2014-06-07;00:19:39.00;-5.1534;-77.3507;37;4.9
2014-06-07;00:45:45.00;-7.1629;-75.7748;140;4.9
2014-06-07;03:21:46.00;-15.2219;-72.1302;61;4.9
2014-06-07;15:23:05.00;-6.5852;-80.7699;39;4.7
2014-06-08;00:54:49.00;-4.7665;-80.9956;31;4.7
2014-06-08;06:43:12.00;-13.2534;-75.0899;44;4.9
2014-06-08;12:47:38.00;-13.4044;-76.1853;84;4.8
2014-06-08;15:44:31.00;-14.3323;-75.9677;27;4.5
2014-06-09;06:15:17.00;-15.0591;-74.0613;101;4.5
2014-06-09;17:57:52.00;-11.3645;-74.8478;118;4.5
2014-06-10;02:50:06.00;-14.0642;-75.1509;101;4.7
2014-06-10;03:21:53.00;-15.3109;-74.3559;94;5
2014-06-10;04:03:26.00;-16.636;-73.1237;49;5.6
2014-06-10;08:12:37.00;-15.9542;-74.9566;20;4.7
2014-06-10;14:05:08.00;-8.4362;-74.9146;166;4.9
2014-06-10;17:11:11.00;-15.8069;-74.9065;28;5.1
2014-06-12;07:41:35.00;-6.5978;-75.6802;49;5.1
2014-06-13;00:48:38.00;-5.5223;-81.0483;51;4.8
2014-06-13;01:14:35.00;-5.1929;-80.9131;29;5.2
2014-06-13;09:05:26.00;-8.934;-74.2635;102;4.7
2014-06-14;00:13:34.00;-15.0125;-72.6121;57;5
2014-06-14;13:34:58.00;-13.9451;-76.4326;47;4.9
2014-06-14;13:47:07.00;-15.1212;-72.1616;49;4.8
2014-06-14;20:38:19.00;-14.1243;-74.5452;76;4.6
2014-06-14;22:02:06.00;-18.3442;-69.7869;111;4.8
2014-06-15;07:36:31.00;-9.1647;-79.1637;51;4.9
2014-06-15;16:11:12.00;-3.956;-80.2741;60;4.8
2014-06-16;19:40:13.00;-16.75;-71.6063;40;4.6
2014-06-17;03:34:26.00;-8.0687;-76.3189;85;4.6
2014-06-17;05:10:03.00;-11.6225;-73.1646;48;4.8
2014-06-17;10:37:26.00;-6.941;-76.5575;147;4.7
2014-06-17;20:14:28.00;-11.2659;-77.2219;49;5.1
2014-06-17;20:14:58.00;-16.094;-74.8522;63;4.6
2014-06-18;09:04:48.00;-13.117;-74.7125;90;4.9
2014-06-18;11:08:55.00;-7.0659;-75.4941;156;4.5
2014-06-19;03:48:16.00;-10.1546;-75.9922;141;4.8
2014-06-19;04:49:30.00;-7.6316;-76.4201;130;4.6
2014-06-20;06:26:34.00;-3.3896;-80.919;22;4.5
2014-06-20;23:03:17.00;-16.0925;-72.1438;133;4.7
2014-06-21;01:34:46.00;-8.7724;-75.7594;130;4.5
2014-06-21;09:47:14.00;-15.2622;-72.1765;107;4.6
2014-06-22;13:59:06.00;-15.2139;-72.5274;27;4.5
2014-06-22;18:05:51.00;-13.932;-75.9778;86;5.8
2014-06-22;19:05:34.00;-16.513;-73.1806;67;4.7
2014-06-22;19:20:14.00;-13.8907;-75.9236;80;4.7
2014-06-23;06:04:57.00;-9.8745;-79.0935;24;4.5
2014-06-23;06:35:22.00;-5.8337;-81.0103;50;4.6
2014-06-24;15:32:02.00;-16.5047;-69.8361;193;4.4
2014-06-24;20:31:02.00;-6.1307;-79.2984;103;4.7
2014-06-24;22:34:43.00;-3.4935;-80.8568;21;4.5
2014-06-25;01:18:40.00;-9.5198;-75.4592;126;5.4
2014-06-25;03:41:58.00;-11.4024;-74.3232;98;4.5
2014-06-25;21:29:40.00;-2.4555;-76.7009;129;4.9
2014-06-27;03:26:22.00;-15.8259;-74.3591;58;4.9
2014-06-27;06:59:04.00;-8.36;-74.0549;175;4.8
2014-06-27;07:34:56.00;-8.3514;-74.2881;167;5
2014-06-28;03:56:32.00;-15.3556;-72.1486;137;4.5
2014-06-28;04:22:18.00;-10.0619;-74.2168;39;4.6
2014-06-28;04:45:36.00;-11.2868;-73.2722;19;4.8
2014-06-28;09:26:01.00;-8.7618;-79.8747;15;4.9
2014-06-28;09:58:32.00;-8.4857;-75.9826;150;4.9
2014-06-30;09:39:08.00;-5.1733;-76.7039;128;4.5
2014-06-30;10:54:28.00;-17.7899;-69.8579;182;4.5
2014-07-02;05:51:21.00;-18.488;-71.3969;28;4.7
2014-07-03;13:56:44.00;-16.9999;-71.4998;99;5.1
2014-07-04;06:16:22.00;-17.8805;-69.9246;108;4.9
2014-07-04;10:38:30.00;-17.9313;-69.7837;146;4.5
2014-07-04;17:56:09.00;-15.9772;-74.9646;20;4.6
2014-07-04;20:00:10.00;-8.9113;-75.7648;138;5.2
2014-07-06;00:10:50.00;-11.963;-77.5479;51;4.5
2014-07-06;01:27:32.00;-6.483;-75.3874;53;4.9
2014-07-06;03:08:40.00;-14.4995;-71.3775;186;5.3
2014-07-06;05:28:05.00;-14.2909;-70.9592;30;4.6
2014-07-06;07:01:30.00;-15.9571;-73.2068;86;4.8
2014-07-06;08:19:48.00;-3.9072;-81.4563;26;4.7
2014-07-06;12:22:35.00;-18.4361;-69.7094;120;4.9
2014-07-06;21:04:47.00;-5.6918;-77.3066;41;4.7
2014-07-07;01:37:11.00;-15.5897;-71.4533;157;5
2014-07-07;17:44:12.00;-5.9706;-81.4346;36;4.5
2014-07-08;10:44:54.00;-10.3619;-76.8725;134;4.9
2014-07-08;17:46:40.00;-16.4273;-73.6021;37;4.9
2014-07-08;20:30:27.00;-9.3613;-80.5261;10;4.6
2014-07-08;20:54:28.00;-8.8403;-75.9161;155;4.5
2014-07-09;17:19:37.00;-16.8742;-71.8707;42;5.3
2014-07-10;02:05:30.00;-15.8284;-71.7593;129;4.5
2014-07-10;23:35:36.00;-14.35;-73.424;111;4.7
2014-07-12;14:25:43.00;-15.4421;-75.6524;42;5.7
2014-07-12;18:45:17.00;-17.3291;-70.6665;27;4.5
2014-07-12;22:26:19.00;-8.7405;-74.9517;194;4.5
2014-07-13;23:38:43.00;-15.7032;-71.1163;164;4.6
2014-07-14;07:05:51.00;-14.2327;-76.7486;12;4.5
2014-07-14;11:24:32.00;-17.9718;-73.6501;24;5.8
2014-07-14;17:23:13.00;-12.9127;-75.4073;105;4.8
2014-07-14;22:16:00.00;-6.6244;-76.7811;36;4.7
2014-07-15;01:19:16.00;-4.3623;-76.4074;120;4.6
2014-07-15;07:35:32.00;-10.4216;-78.7035;32;4.6
2014-07-15;09:01:42.00;-12.1709;-77.4531;36;4.6
2014-07-16;04:21:56.00;-7.1857;-75.8186;28;4.8
2014-07-16;23:19:42.00;-4.0156;-78.011;94;5.1
2014-07-16;23:21:00.00;-13.4228;-74.8464;133;4.6
2014-07-17;03:43:19.00;-10.6283;-74.6488;154;4.6
2014-07-17;11:43:19.00;-14.3597;-73.756;91;4.9
2014-07-17;12:13:06.00;-17.3993;-71.0001;25;4.5
2014-07-17;15:10:00.00;-18.0584;-71.5292;7;4.6
2014-07-17;21:10:40.00;-15.3101;-75.7781;25;4.5
2014-07-17;22:25:20.00;-7.4328;-79.9722;40;4.5
2014-07-19;08:50:34.00;-8.0681;-80.4365;55;4.8
2014-07-20;03:50:18.00;-3.7003;-80.2508;55;4.9
2014-07-20;21:21:10.00;-10.7928;-78.9542;41;4.8
2014-07-21;06:12:46.00;-11.822;-77.5643;48;4.6
2014-07-21;07:37:36.00;-8.6373;-79.7148;28;4.6
2014-07-22;00:53:02.00;-6.1185;-72.0276;565;4.2
2014-07-22;16:12:06.00;-15.7822;-70.4638;217;4.5
2014-07-23;04:09:40.00;-10.6646;-74.6515;109;4.5
2014-07-23;06:59:00.00;-15.9999;-72.8447;91;4.8
2014-07-23;09:57:45.00;-5.6528;-80.9655;30;5
2014-07-24;05:21:55.00;-18.2136;-71.4474;19;4.8
2014-07-25;10:43:51.00;-14.8119;-71.9174;143;5
2014-07-26;00:33:48.00;-9.3192;-79.136;28;4.6
2014-07-27;18:52:11.00;-15.7485;-74.8764;35;4.5
2014-07-27;23:05:09.00;-17.874;-71.8463;33;4.5
2014-07-28;03:15:35.00;-10.5477;-74.6951;117;4.9
2014-07-28;09:21:17.00;-13.3901;-75.0097;81;4.8
2014-07-28;12:35:37.00;-8.2795;-79.2904;20;4.5
2014-07-28;15:26:36.00;-4.9677;-79.5254;92;5.1
2014-07-28;18:38:16.00;-16.1582;-71.9693;133;4.7
2014-07-28;19:58:01.00;-8.3404;-74.4602;177;4.9
2014-07-29;00:41:35.00;-11.5462;-78.0289;51;4.9
2014-07-30;02:06:09.00;-13.9574;-74.6597;103;4.9
2014-07-30;02:56:45.00;-18.4752;-71.0636;25;4.5
2014-07-30;07:44:09.00;-15.9759;-71.5253;144;4.6
2014-07-31;04:29:49.00;-15.2016;-75.8915;9;4.8
2014-07-31;10:56:46.00;-5.2915;-77.3554;108;4.6
2014-07-31;18:09:18.00;-16.6872;-71.4288;115;5.3
2014-07-31;23:32:14.00;-6.3382;-77.0076;112;5.1
2014-08-01;00:10:53.00;-15.672;-70.2618;241;4.9
2014-08-01;15:45:15.00;-4.8856;-80.8827;37;4.5
2014-08-02;06:36:42.00;-10.8409;-75.4679;8;4.5
2014-08-02;08:15:52.00;-16.7153;-69.7909;196;4.7
2014-08-02;09:18:44.00;-7.2465;-74.8006;152;4.9
2014-08-02;09:54:56.00;-8.1374;-75.6612;31;4.5
2014-08-02;10:59:20.00;-14.7447;-74.2394;12;4.5
2014-08-03;09:58:24.00;-8.3048;-75.126;142;4.8
2014-08-03;13:06:32.00;-15.9957;-72.7639;115;4.5
2014-08-03;17:32:19.00;-17.2434;-72.0621;10;4.5
2014-08-03;21:02:42.00;-4.0792;-80.9618;34;5.8
2014-08-03;21:22:35.00;-4.0996;-80.8616;26;4.5
2014-08-03;21:34:32.00;-4.1186;-80.8843;26;4.5
2014-08-03;22:04:10.00;-4.1267;-80.879;34;5.1
2014-08-03;22:06:52.00;-4.1384;-80.8945;25;4.5
2014-08-03;22:09:38.00;-4.1364;-80.9209;29;5.1
2014-08-03;22:30:04.00;-4.1292;-80.9235;31;4.9
2014-08-03;22:57:36.00;-4.0944;-80.9368;33;4.5
2014-08-03;23:01:51.00;-4.0751;-80.8873;32;4.5
2014-08-03;23:11:16.00;-4.1106;-80.8857;26;4.6
2014-08-03;23:50:02.00;-4.1206;-80.9937;24;4.5
2014-08-04;00:20:40.00;-4.0934;-80.9254;29;4.8
2014-08-04;02:57:49.00;-4.0981;-80.9234;33;4.5
2014-08-04;03:20:07.00;-6.746;-81.6355;24;5.7
2014-08-04;08:24:19.00;-4.119;-80.9763;28;4.9
2014-08-04;10:32:27.00;-4.0657;-80.9223;28;4.6
2014-08-04;22:09:01.00;-15.355;-74.0306;99;4.9
2014-08-05;01:04:01.00;-4.0742;-81.0031;32;4.8
2014-08-05;01:52:29.00;-6.7128;-81.5085;20;4.5
2014-08-05;03:49:45.00;-6.7406;-81.6257;21;4.5
2014-08-05;04:52:32.00;-4.0643;-80.9786;33;4.6
2014-08-05;05:54:11.00;-6.6008;-81.5335;27;4.5
2014-08-05;09:07:08.00;-15.9436;-74.6633;26;4.7
2014-08-05;21:30:42.00;-6.5683;-81.3704;52;4.5
2014-08-06;00:19:43.00;-14.6489;-75.5553;43;4.6
2014-08-07;11:33:20.00;-6.2234;-75.8759;84;4.9
2014-08-07;19:36:41.00;-17.9018;-69.4517;150;4.9
2014-08-07;23:58:10.00;-6.7757;-81.5951;19;4.6
2014-08-09;23:24:07.00;-2.8886;-77.4495;121;4.7
2014-08-10;01:58:01.00;-15.7104;-73.5111;104;4.8
2014-08-10;02:43:51.00;-4.1636;-79.9137;97;4.6
2014-08-10;04:15:41.00;-10.0637;-78.4508;41;4.8
2014-08-11;03:24:36.00;-10.2875;-75.3837;126;4.8
2014-08-11;03:55:32.00;-7.9421;-74.4205;171;4.9
2014-08-11;14:56:22.00;-5.4745;-77.4213;28;4.5
2014-08-11;20:51:21.00;-4.6716;-77.8358;133;4.5
2014-08-11;23:02:15.00;-11.6594;-76.3549;104;4.6
2014-08-12;05:12:55.00;-11.8076;-77.6725;43;4.7
2014-08-12;08:32:58.00;-3.9944;-81.1837;38;4.5
2014-08-12;17:26:31.00;-16.1969;-73.1585;48;4.5
2014-08-12;18:23:12.00;-16.5011;-71.6223;21;4.5
2014-08-12;18:37:00.00;-5.2103;-81.1986;25;4.5
2014-08-12;18:43:35.00;-4.2134;-76.8075;112;4.7
2014-08-13;01:06:11.00;-13.5082;-74.8646;104;4.7
2014-08-13;02:06:57.00;-15.1374;-72.6013;102;4.5
2014-08-13;09:40:19.00;-6.0049;-79.7768;71;4.5
2014-08-13;10:00:53.00;-7.4913;-74.5373;172;4.7
2014-08-13;12:37:07.00;-9.0399;-78.8755;75;4.8
2014-08-13;17:54:14.00;-3.9239;-76.4992;119;4.9
2014-08-13;18:17:16.00;-13.6528;-76.4368;25;4.9
2014-08-14;14:16:15.00;-4.7667;-82.0364;27;4.7
2014-08-14;21:15:07.00;-7.1157;-76.2043;47;4.6
2014-08-15;02:12:22.00;-4.3962;-79.7511;117;4.6
2014-08-15;14:21:10.00;-10.7242;-73.6843;102;4.6
2014-08-15;20:16:01.00;-10.7769;-75.1577;13;4.5
2014-08-17;07:19:28.00;-15.9086;-73.4142;48;4.5
2014-08-18;04:32:38.00;-9.8844;-74.8731;47;4.5
2014-08-18;19:44:02.00;-9.6775;-75.733;16;4.5
2014-08-18;20:56:18.00;-6.1372;-75.8001;60;4.6
2014-08-19;20:35:48.00;-10.3376;-77.0229;121;4.6
2014-08-20;02:37:58.00;-16.206;-72.5494;32;4.5
2014-08-21;04:30:54.00;-17.3916;-69.5778;175;4.5
2014-08-21;07:08:01.00;-8.6234;-74.8455;155;4.7
2014-08-21;08:09:54.00;-2.7503;-77.9513;75;5
2014-08-21;16:29:28.00;-11.4294;-77.9651;35;4.5
2014-08-21;17:33:17.00;-16.7905;-71.4213;110;4.5
2014-08-22;02:02:46.00;-13.9846;-76.2243;58;4.8
2014-08-22;09:40:37.00;-14.2904;-73.6411;106;4.5
2014-08-22;17:04:59.00;-5.7993;-78.7747;15;4.6
2014-08-23;03:55:24.00;-8.3297;-74.9554;163;4.5
2014-08-23;08:02:44.00;-15.803;-74.7186;30;4.5
2014-08-23;18:15:42.00;-5.8143;-76.5367;51;4.6
2014-08-23;22:53:17.00;-8.2987;-80.5594;38;4.7
2014-08-23;23:06:04.00;-4.1734;-78.0366;28;4.5
2014-08-24;04:46:51.00;-8.7013;-80.1723;13;4.9
2014-08-24;11:16:01.00;-4.4222;-80.7914;29;4.9
2014-08-24;13:50:49.00;-6.9135;-74.9696;55;4.6
2014-08-24;19:35:02.00;-8.8665;-74.3715;170;4.7
2014-08-24;23:21:43.00;-14.6973;-73.7445;108;6.9
2014-08-25;01:08:22.00;-14.7009;-73.6165;102;4.5
2014-08-25;07:20:28.00;-10.8106;-73.8593;93;4.8
2014-08-25;08:17:05.00;-14.8231;-73.8007;98;4.5
2014-08-25;09:15:59.00;-16.3062;-73.8654;57;4.8
2014-08-25;14:31:36.00;-16.2831;-73.392;33;5.9
2014-08-26;05:57:23.00;-14.8977;-73.825;110;4.5
2014-08-26;21:31:59.00;-3.2956;-80.8695;53;4.8
2014-08-27;00:54:38.00;-6.1683;-75.9412;60;4.5
2014-08-27;02:41:53.00;-14.7809;-73.8579;113;4.9
2014-08-27;13:40:55.00;-17.9922;-69.4794;165;4.2
2014-08-28;14:31:40.00;-16.34;-72.3276;119;4.5
2014-08-29;04:05:06.00;-8.8842;-74.8893;52;4.7
2014-08-29;06:11:34.00;-5.5024;-81.9015;27;4.5
2014-08-29;06:36:23.00;-18.2386;-71.3357;28;4.6
2014-08-29;10:34:30.00;-8.8091;-80.1932;22;4.5
2014-08-30;03:07:57.00;-10.3834;-78.4202;35;4.9
2014-08-30;11:54:40.00;-8.6776;-80.2145;11;4.5
2014-08-31;20:02:50.00;-8.0079;-79.9543;19;4.5
2014-08-31;23:46:43.00;-14.703;-73.7386;105;4.8
2014-09-01;15:08:21.00;-11.0729;-76.4119;112;4.9
2014-09-01;21:05:37.00;-17.5587;-69.8196;148;4.8
2014-09-01;22:55:20.00;-15.2103;-75.2985;60;5.8
2014-09-02;17:31:34.00;-18.237;-70.5667;46;4.5
2014-09-02;18:31:40.00;-8.6245;-74.3928;159;4.8
2014-09-04;09:49:47.00;-14.6146;-73.7236;103;4.5
2014-09-04;23:17:29.00;-13.2532;-76.6529;25;4.7
2014-09-05;20:18:15.00;-9.3231;-76.9727;125;4.8
2014-09-07;00:00:34.00;-16.2318;-74.5645;27;4.8
2014-09-07;08:10:19.00;-15.72;-75.3251;24;4.5
2014-09-07;09:43:32.00;-17.3727;-72.3306;17;4.8
2014-09-07;15:11:45.00;-14.8199;-75.4153;53;5.2
2014-09-07;15:22:49.00;-14.9736;-74.5969;48;4.6
2014-09-07;21:57:48.00;-3.7291;-77.5272;53;4.6
2014-09-08;01:37:51.00;-3.6786;-77.6707;40;4.5
2014-09-08;02:28:02.00;-9.5127;-75.5834;153;4.7
2014-09-08;19:28:20.00;-10.4821;-75.4654;32;4.9
2014-09-09;02:24:25.00;-11.1075;-75.7901;107;4.8
2014-09-09;02:50:45.00;-18.3796;-71.4992;27;4.5
2014-09-09;05:21:11.00;-11.1417;-78.4287;41;4.5
2014-09-09;07:12:37.00;-4.2664;-80.3573;68;5.4
2014-09-09;11:55:01.00;-16.137;-74.3628;43;4.5
2014-09-09;17:25:13.00;-12.8584;-73.7847;85;4.6
2014-09-10;11:33:15.00;-8.9467;-79.1499;50;4.9
2014-09-11;05:22:48.00;-3.6293;-77.7642;33;4.5
2014-09-11;16:04:20.00;-4.1887;-77.4934;17;4.5
2014-09-11;18:02:45.00;-12.5199;-74.8921;103;4.5
2014-09-11;19:21:54.00;-5.6205;-81.943;10;4.8
2014-09-12;00:37:02.00;-16.8381;-71.4742;15;4.8
2014-09-12;02:32:33.00;-14.6721;-74.2945;98;4.6
2014-09-13;04:16:31.00;-4.7315;-77.613;54;4.6
2014-09-13;08:40:03.00;-17.9294;-69.6893;173;4.5
2014-09-13;09:28:33.00;-16.9566;-71.7439;25;4.9
2014-09-13;13:49:44.00;-18.2431;-71.5201;21;4.7
2014-09-15;03:48:01.00;-14.679;-73.6746;114;4.7
2014-09-15;12:01:00.00;-15.9855;-74.5716;25;4.5
2014-09-15;18:03:34.00;-13.3135;-74.3868;75;4.6
2014-09-17;19:41:55.00;-10.6654;-78.769;35;4.9
2014-09-17;23:29:23.00;-16.2249;-73.6041;33;4.5
2014-09-18;04:20:00.00;-6.1332;-76.372;122;5.1
2014-09-19;15:15:22.00;-8.4659;-75.6968;137;4.5
2014-09-19;15:32:25.00;-8.4603;-75.6615;151;4.9
2014-09-20;02:38:39.00;-10.9546;-74.4954;103;4.5
2014-09-20;02:44:36.00;-15.654;-74.0256;66;4.9
2014-09-20;03:40:02.00;-5.4559;-76.6191;44;4.5
2014-09-20;22:35:46.00;-4.6984;-77.5119;133;4.6
2014-09-23;09:28:35.00;-10.5235;-78.4238;41;4.5
2014-09-23;15:42:23.00;-7.4372;-74.6453;244;4.8
2014-09-24;03:31:29.00;-16.235;-72.9976;73;4.6
2014-09-24;04:17:47.00;-8.9795;-75.1039;23;4.6
2014-09-26;01:47:53.00;-8.7551;-79.0269;46;4.5
2014-09-26;02:19:34.00;-7.4307;-74.5624;195;4.6
2014-09-27;05:44:37.00;-3.9731;-76.8874;117;4.7
2014-09-27;08:54:47.00;-15.3786;-73.3339;132;4.8
2014-09-28;02:35:21.00;-13.7848;-71.8772;6;5.4
2014-09-28;04:16:15.00;-6.3657;-75.3891;45;4.5
2014-09-28;15:05:18.00;-15.8394;-75.1896;12;4.5
2014-09-30;08:37:47.00;-15.5207;-75.5534;43;4.5
2014-10-01;04:12:45.00;-14.4604;-75.9173;25;4.5
2014-10-01;15:55:19.00;-15.4977;-72.2495;10;4.6
2014-10-01;23:27:14.00;-16.8989;-69.279;191;4
2014-10-01;23:47:55.00;-13.6986;-76.4751;41;5
2014-10-02;21:33:57.00;-12.1377;-77.2765;57;4.5
2014-10-03;22:09:14.00;-14.7076;-76.2888;9;4.5
2014-10-04;02:27:24.00;-14.8876;-75.8051;15;4.6
2014-10-04;16:32:38.00;-9.4048;-79.1678;39;4.7
2014-10-04;21:28:32.00;-14.308;-72.2934;106;4.5
2014-10-05;01:35:06.00;-14.7366;-74.471;100;4.6
2014-10-05;11:05:28.00;-11.9498;-77.5852;36;4.5
2014-10-05;13:54:36.00;-4.0047;-76.2539;41;5.2
2014-10-05;13:54:42.00;-4.442;-76.4402;107;5.3
2014-10-06;01:04:11.00;-3.0645;-78.0752;154;4.8
2014-10-06;03:35:18.00;-3.6813;-77.9936;55;4.6
2014-10-06;23:30:31.00;-5.6673;-76.3392;168;4.6
2014-10-07;03:46:14.00;-14.8488;-73.8733;96;4.5
2014-10-08;07:32:32.00;-8.8604;-74.3308;180;4.6
2014-10-09;09:10:42.00;-4.5222;-80.2098;35;4.5
2014-10-09;15:11:50.00;-16.849;-71.2075;109;4.6
2014-10-10;09:55:46.00;-10.3;-74.8409;141;4.7
2014-10-10;10:13:51.00;-13.1301;-77.1408;17;4.8
2014-10-11;10:40:03.00;-14.2942;-76.7345;24;4.9
2014-10-12;10:27:39.00;-15.3117;-74.8181;47;4.9
2014-10-13;02:31:45.00;-15.5833;-71.4878;152;5.1
2014-10-13;07:47:10.00;-11.5573;-73.3509;14;4.5
2014-10-13;15:14:27.00;-15.2573;-73.5396;95;5.8
2014-10-14;10:16:46.00;-14.8179;-75.5168;29;4.6
2014-10-15;05:06:15.00;-13.6294;-76.9065;36;5.2
2014-10-15;08:49:15.00;-16.6903;-72.0904;109;4.5
2014-10-16;11:51:13.00;-16.1521;-73.8744;39;4.5
2014-10-17;09:22:02.00;-15.351;-75.8576;46;4.7
2014-10-17;09:49:29.00;-18.2864;-70.6302;59;4.6
2014-10-18;10:25:30.00;-3.279;-75.9303;108;4.9
2014-10-18;11:20:02.00;-9.1752;-74.6931;39;4.8
2014-10-18;17:23:56.00;-14.8999;-77.087;14;5.3
2014-10-18;23:05:07.00;-8.4246;-80.1172;44;4.8
2014-10-18;23:46:28.00;-8.6122;-80.5254;30;4.9
2014-10-19;04:40:57.00;-7.5404;-76.6787;134;4.8
2014-10-19;06:44:36.00;-14.7668;-76.3822;15;4.5
2014-10-19;07:23:50.00;-15.1225;-70.7791;236;4.6
2014-10-19;07:32:25.00;-14.8305;-76.7102;20;4.9
2014-10-19;09:32:50.00;-15.818;-71.9637;133;4.6
2014-10-19;10:53:13.00;-8.406;-76.1254;185;4.7
2014-10-20;07:34:21.00;-15.145;-75.7384;29;5.2
2014-10-20;09:02:43.00;-15.0551;-75.7118;44;4.5
2014-10-20;11:30:20.00;-7.9984;-75.2877;113;4.7
2014-10-21;22:56:23.00;-5.4456;-76.2666;185;4.8
2014-10-21;23:57:58.00;-14.6675;-76.9048;36;4.8
2014-10-22;00:09:15.00;-14.7683;-76.755;26;5.1
2014-10-22;11:23:24.00;-14.9469;-72.592;116;5.1
2014-10-23;03:04:24.00;-15.469;-75.1975;22;4.5
2014-10-23;03:18:51.00;-4.9261;-78.7142;122;4.6
2014-10-23;04:38:51.00;-3.3542;-80.8291;25;4.6
2014-10-23;07:11:02.00;-15.2318;-71.0485;23;4.6
2014-10-23;20:30:05.00;-8.7731;-75.9665;152;5
2014-10-24;01:56:24.00;-13.544;-76.9848;15;4.6
2014-10-24;07:12:24.00;-9.4895;-75.2607;21;4.7
2014-10-25;07:23:58.00;-7.8475;-74.5985;210;5
2014-10-25;18:41:22.00;-13.5183;-76.7953;26;5.4
2014-10-25;19:59:42.00;-8.3532;-78.9671;57;4.5
2014-10-25;23:18:39.00;-5.5755;-77.1938;123;4.5
2014-10-25;23:27:52.00;-8.1746;-76.1879;163;4.5
2014-10-26;02:07:38.00;-5.4443;-79.3189;115;4.9
2014-10-26;10:45:32.00;-10.5754;-74.2476;131;6.2
2014-10-27;06:14:38.00;-12.2567;-77.8691;15;4.6
2014-10-27;17:21:04.00;-14.6068;-73.748;104;4.8
2014-10-28;05:35:36.00;-17.2117;-69.7819;218;4.5
2014-10-28;07:46:40.00;-16.7443;-71.1375;15;4.5
2014-10-28;19:37:30.00;-14.9138;-72.0159;128;4.5
2014-10-28;23:30:03.00;-14.8456;-71.8541;140;4.5
2014-10-29;05:14:20.00;-16.8588;-70.5546;25;5
2014-10-30;07:28:48.00;-6.0621;-76.4345;126;4.5
2014-10-30;07:47:41.00;-7.6893;-80.8771;58;4.5
2014-10-30;08:55:55.00;-11.3734;-74.3021;112;4.5
2014-10-30;13:42:05.00;-6.8306;-80.5816;44;4.8
2014-10-30;22:37:14.00;-16.3439;-73.7419;57;5.6
2014-10-31;04:12:43.00;-8.6077;-76.2193;30;5.1
2014-10-31;04:42:23.00;-8.5996;-76.272;21;4.5
2014-10-31;05:49:29.00;-8.6296;-76.2565;36;4.7
2014-10-31;16:17:20.00;-15.45;-75.4384;18;4.8
2014-10-31;18:42:18.00;-7.6884;-76.488;147;5.7
2014-10-31;20:23:54.00;-7.7325;-76.5212;189;4.6
2014-10-31;21:29:08.00;-7.558;-75.627;55;4.7
2014-11-01;01:42:33.00;-16.8501;-70.4962;29;4.6
2014-11-01;04:06:39.00;-17.1756;-71.6694;22;4.5
2014-11-01;04:59:02.00;-14.1457;-73.5328;101;4.9
2014-11-01;10:06:52.00;-17.2489;-71.6797;26;4.5
2014-11-01;16:40:41.00;-14.6934;-73.61;96;4.5
2014-11-02;05:18:17.00;-16.8479;-70.5092;18;4.5
2014-11-02;12:08:29.00;-9.588;-74.6194;40;4.9
2014-11-02;16:53:11.00;-3.578;-80.8164;22;4.7
2014-11-02;18:00:44.00;-8.5919;-74.8869;138;4.6
2014-11-02;22:02:50.00;-14.4542;-73.484;90;4.7
2014-11-03;05:23:36.00;-7.0369;-80.4184;27;4.5
2014-11-04;04:35:26.00;-10.4244;-74.6091;121;4.7
2014-11-04;21:26:15.00;-12.3059;-75.1409;17;4.6
2014-11-05;11:32:46.00;-16.8606;-72.2576;48;4.6
2014-11-05;13:23:51.00;-15.3013;-72.2266;130;4.6
2014-11-06;01:44:29.00;-6.8024;-80.2244;42;4.7
2014-11-06;03:59:37.00;-17.0165;-71.3885;30;4.8
2014-11-06;04:20:06.00;-15.3967;-71.9444;139;4.7
2014-11-06;10:18:14.00;-14.2374;-76.1846;42;4.5
2014-11-06;17:49:17.00;-6.7008;-78.4573;38;4.5
2014-11-08;02:09:48.00;-7.9146;-76.3053;165;4.6
2014-11-08;14:46:04.00;-4.706;-78.1594;40;4.6
2014-11-08;19:02:31.00;-4.5624;-79.2074;133;4.5
2014-11-08;19:48:36.00;-4.1093;-80.9577;22;4.6
2014-11-08;20:58:49.00;-4.2719;-80.4161;38;4.5
2014-11-09;00:56:26.00;-4.9634;-80.8535;30;4.5
2014-11-09;13:26:41.00;-5.4771;-78.5746;16;5.3
2014-11-09;22:01:47.00;-4.1125;-80.3658;79;4.9
2014-11-10;04:23:56.00;-17.7465;-69.5898;146;4.4
2014-11-10;07:15:11.00;-6.9492;-78.6351;24;4.6
2014-11-10;08:12:40.00;-10.9431;-76.701;103;4.5
2014-11-11;11:30:14.00;-8.6312;-75.6725;191;4.7
2014-11-12;01:07:45.00;-12.2222;-73.7365;7;4.6
2014-11-12;11:10:26.00;-8.3685;-76.028;140;4.7
2014-11-13;09:14:24.00;-7.9699;-74.4542;164;5.2
2014-11-13;17:03:18.00;-5.0418;-78.5052;23;4.7
2014-11-13;20:24:52.00;-5.3064;-76.8575;143;4.6
2014-11-13;21:41:07.00;-8.3172;-76.1437;154;4.8
2014-11-14;04:27:41.00;-4.2261;-76.3327;139;4.8
2014-11-14;12:16:27.00;-16.6375;-73.2809;32;4.5
2014-11-14;21:52:27.00;-15.3963;-73.5511;118;4.6
2014-11-15;00:18:37.00;-12.764;-77.1434;23;6
2014-11-15;05:07:23.00;-8.5612;-75.995;144;4.6
2014-11-15;05:20:39.00;-17.3489;-69.9933;156;5.6
2014-11-15;11:05:29.00;-7.3388;-75.6513;39;4.5
2014-11-15;12:19:51.00;-4.9764;-78.0812;59;4.8
2014-11-15;23:48:03.00;-10.3872;-75.008;136;4.7
2014-11-16;03:23:45.00;-17.7314;-69.4257;199;4.5
2014-11-16;09:55:00.00;-8.6989;-80.0762;18;4.8
2014-11-16;13:39:24.00;-15.1742;-71.9958;161;4.2
2014-11-17;14:34:49.00;-14.9486;-75.6186;53;4.7
2014-11-18;11:38:37.00;-18.5636;-71.0342;21;4.5
2014-11-19;04:02:34.00;-11.0761;-74.5246;101;4.7
2014-11-19;06:47:21.00;-9.4101;-80.0852;21;4.5
2014-11-19;14:17:51.00;-16.0768;-74.0186;77;5.2
2014-11-21;06:23:15.00;-15.6767;-73.3194;65;4.7
2014-11-21;17:03:00.00;-9.6337;-78.944;36;4.5
2014-11-21;22:08:27.00;-14.8885;-76.0583;35;4.7
2014-11-22;07:09:29.00;-7.7307;-76.5517;35;4.9
2014-11-22;08:43:53.00;-8.7179;-74.6335;147;5.8
2014-11-22;13:37:09.00;-16.335;-73.5303;20;4.5
2014-11-22;17:49:06.00;-11.025;-77.443;78;4.8
2014-11-23;00:19:27.00;-12.8463;-78.1908;41;4.5
2014-11-23;14:49:12.00;-12.5867;-76.8362;51;4.5
2014-11-23;16:25:48.00;-14.4984;-75.913;41;4.7
2014-11-23;20:21:24.00;-12.5533;-76.7871;55;4.8
2014-11-24;11:30:40.00;-7.6408;-81.2427;24;4.6
2014-11-25;03:47:46.00;-4.6311;-79.5929;95;4.5
2014-11-25;04:05:56.00;-16.789;-72.3495;42;4.7
2014-11-25;07:16:47.00;-12.785;-76.9271;49;4.8
2014-11-25;09:59:24.00;-16.1099;-72.7409;94;4.5
2014-11-26;01:26:24.00;-6.2483;-71.9397;587;4.6
2014-11-26;02:21:06.00;-16.6628;-73.6342;37;4.8
2014-11-26;05:42:11.00;-7.6541;-78.9033;110;4.5
2014-11-26;08:41:37.00;-16.7258;-69.4275;210;4.9
2014-11-27;06:50:23.00;-9.3196;-75.9134;66;4.8
2014-11-27;07:44:34.00;-11.6629;-76.3297;121;4.8
2014-11-27;10:38:22.00;-3.0766;-81.1576;22;4.5
2014-11-28;00:50:53.00;-18.3177;-70.0823;113;4.5
2014-11-28;03:15:35.00;-9.6019;-74.8372;35;4.7
2014-11-28;04:06:15.00;-3.8774;-77.2341;107;5.3
2014-11-28;05:41:17.00;-13.159;-76.4866;47;4.6
2014-11-28;09:41:59.00;-17.0944;-69.6172;183;4.8
2014-11-29;15:48:26.00;-8.5356;-80.2236;18;5
2014-11-30;04:46:08.00;-16.225;-73.4526;49;4.5
2014-11-30;06:44:21.00;-7.6275;-74.5889;155;4.8
2014-11-30;08:04:28.00;-5.6183;-81.8172;16;4.5
2014-11-30;08:48:13.00;-11.9994;-77.1707;38;4.6
2014-11-30;11:14:15.00;-15.3236;-75.0633;39;5.2
2014-11-30;13:32:28.00;-17.2424;-69.9877;205;4.5
2014-11-30;15:28:07.00;-14.6422;-76.3248;29;5.2
2014-11-30;22:53:12.00;-4.0214;-80.7154;27;5.1
2014-12-01;03:01:50.00;-3.1318;-80.1663;87;4.6
2014-12-01;04:39:14.00;-9.1307;-80.3526;56;4.7
2014-12-01;20:56:29.00;-15.3604;-74.8959;38;4.6
2014-12-02;12:07:33.00;-7.2987;-75.5371;37;4.9
2014-12-02;14:56:10.00;-5.4748;-76.9772;141;4.7
2014-12-02;23:41:49.00;-12.0615;-76.5216;84;4.5
2014-12-03;00:45:55.00;-5.1505;-76.8645;101;4.5
2014-12-03;02:37:22.00;-15.7887;-74.4001;55;4.8
2014-12-03;04:10:44.00;-6.0286;-77.0438;121;4.6
2014-12-03;04:29:10.00;-3.0641;-80.3852;84;4.6
2014-12-03;05:49:49.00;-14.1578;-74.5617;99;4.7
2014-12-03;12:59:28.00;-2.6007;-76.8141;192;5.9
2014-12-03;14:16:04.00;-9.8249;-78.7315;44;4.6
2014-12-03;21:08:20.00;-17.8352;-69.2156;167;4
2014-12-03;22:21:05.00;-5.7099;-77.3825;96;4.5
2014-12-04;10:28:35.00;-8.9877;-75.7951;161;4.7
2014-12-04;13:59:57.00;-15.5939;-70.4755;247;4.5
2014-12-04;15:42:55.00;-15.838;-72.1527;129;4.8
2014-12-04;18:07:52.00;-8.9899;-79.1284;40;4.5
2014-12-04;21:04:23.00;-18.4489;-71.3404;26;4.8
2014-12-04;22:37:03.00;-15.924;-72.0544;133;4.5
2014-12-05;04:58:22.00;-9.4804;-75.1131;140;4.8
2014-12-05;07:08:21.00;-6.6131;-76.8855;121;4.7
2014-12-05;11:24:28.00;-16.5521;-72.4886;99;4.7
2014-12-06;04:49:58.00;-17.5361;-69.8132;155;4.8
2014-12-06;11:59:53.00;-7.6739;-81.2291;16;4.5
2014-12-06;12:00:35.00;-14.51;-76.4791;21;4.8
2014-12-06;14:39:21.00;-8.7408;-75.7657;155;4.6
2014-12-07;23:10:48.00;-16.0539;-71.5056;143;4.5
2014-12-08;00:18:43.00;-15.8691;-70.9089;175;4.7
2014-12-08;08:49:26.00;-15.8926;-72.5694;137;4.6
2014-12-09;04:18:21.00;-5.8827;-76.7184;140;4.5
2014-12-09;07:22:02.00;-18.2818;-69.6238;115;4.5
2014-12-10;14:09:24.00;-9.4708;-79.1483;35;4.6
2014-12-11;11:26:18.00;-6.8223;-78.5844;9;4.6
2014-12-11;12:23:16.00;-7.4718;-74.4061;186;4.9
2014-12-11;17:20:35.00;-16.1469;-73.4209;27;4.5
2014-12-12;11:31:19.00;-14.2919;-72.341;106;4.7
2014-12-12;19:19:24.00;-15.7062;-72.2656;131;4.5
2014-12-12;23:07:22.00;-8.7676;-79.413;34;4.8
2014-12-13;02:36:26.00;-14.3484;-76.3076;23;4.8
2014-12-13;04:05:20.00;-14.5754;-73.7109;107;4.6
2014-12-13;09:36:28.00;-6.9531;-77.3739;113;4.6
2014-12-13;10:47:42.00;-8.7689;-75.8363;169;4.7
2014-12-14;19:54:46.00;-2.1619;-75.9756;171;4.9
2014-12-15;05:54:01.00;-8.3725;-75.1734;133;5.1
2014-12-16;02:51:02.00;-17.0331;-71.0821;110;4.9
2014-12-16;04:46:50.00;-9.3236;-76.0023;138;4.9
2014-12-16;10:01:47.00;-7.3432;-75.1758;108;4.5
2014-12-16;11:43:18.00;-8.9908;-80.0632;28;4.8
2014-12-16;16:37:00.00;-10.2803;-79.2844;58;4.8
2014-12-17;09:14:25.00;-6.1378;-76.71;95;4.7
2014-12-17;14:24:27.00;-10.2419;-77.3843;123;5.3
2014-12-17;15:54:25.00;-4.9349;-77.1385;117;4.7
2014-12-17;18:12:41.00;-5.7254;-75.8391;39;4.5
2014-12-17;22:01:38.00;-9.3607;-77.0929;23;4.7
2014-12-18;16:34:37.00;-9.0259;-75.3448;151;4.5
2014-12-19;02:05:12.00;-9.6057;-75.0409;129;4.6
2014-12-19;08:12:36.00;-18.0806;-69.6146;155;4.8
2014-12-19;09:18:37.00;-15.4769;-74.6516;69;4.5
2014-12-19;12:50:48.00;-3.7461;-78.0692;166;4.6
2014-12-19;19:41:42.00;-15.0322;-76.2337;10;4.8
2014-12-20;17:10:10.00;-5.3825;-76.9681;162;4.5
2014-12-20;19:47:48.00;-9.1211;-75.1624;127;4.8
2014-12-20;22:10:11.00;-8.5294;-75.0597;141;4.6
2014-12-21;15:45:08.00;-16.3966;-73.4853;21;4.6
2014-12-21;16:37:46.00;-17.188;-72.5192;29;4.7
2014-12-22;00:45:05.00;-12.556;-76.7833;59;4.5
2014-12-22;01:15:53.00;-15.614;-71.5392;160;4.5
2014-12-22;07:16:22.00;-9.9814;-77.3872;135;4.5
2014-12-22;13:51:49.00;-16.0941;-71.6525;142;4.5
2014-12-24;07:45:30.00;-8.596;-75.9495;154;4.5
2014-12-25;00:26:39.00;-11.0221;-74.5709;129;4.7
2014-12-25;04:06:44.00;-4.0289;-81.1491;35;4.5
2014-12-25;14:55:29.00;-8.9005;-80.459;59;4.6
2014-12-25;15:26:33.00;-7.7487;-74.387;163;4.8
2014-12-27;18:35:56.00;-12.4766;-72.699;106;5.2
2014-12-28;19:27:47.00;-15.1148;-75.1959;31;4.5
2014-12-30;17:11:43.00;-9.2786;-75.2644;133;4.9
2014-12-31;00:39:00.00;-10.1109;-74.6633;12;4.9
2014-12-31;17:38:02.00;-7.1701;-74.4469;194;4.8
2014-12-31;17:54:52.00;-3.0504;-80.1315;82;4.9
2015-01-01;09:02:24.00;-12.9673;-76.6688;66;4.7
2015-01-01;14:50:16.00;-7.7815;-73.8739;195;5.1
2015-01-02;11:19:46.00;-8.9147;-74.9445;26;4.5
2015-01-03;01:14:24.00;-11.1708;-78.0957;52;4.7
2015-01-03;01:22:02.00;-15.3491;-75.0143;43;4.7
2015-01-03;03:55:40.00;-4.3977;-80.453;74;4.5
2015-01-03;04:48:59.00;-17.4179;-72.3743;33;4.8
2015-01-03;14:08:39.00;-8.4996;-80.177;15;4.6
2015-01-04;01:48:15.00;-7.143;-76.5237;126;4.9
2015-01-04;06:04:34.00;-8.6684;-79.4228;40;4.5
2015-01-04;06:11:18.00;-5.2816;-77.1117;115;4.5
2015-01-04;12:09:24.00;-3.255;-80.5142;51;4.6
2015-01-04;15:27:54.00;-6.9545;-75.5824;176;4.7
2015-01-04;15:30:38.00;-14.6756;-73.7568;96;4.6
2015-01-04;22:09:34.00;-6.6595;-76.4228;162;4.9
2015-01-05;21:41:58.00;-14.6595;-75.6037;40;4.5
2015-01-06;06:08:48.00;-18.637;-69.754;88;4.7
2015-01-06;16:34:24.00;-14.8604;-72.8406;99;4.8
2015-01-07;01:46:26.00;-9.5251;-75.6683;139;4.5
2015-01-08;09:58:50.00;-10.4339;-80.308;58;4.7
2015-01-09;06:39:01.00;-12.4752;-75.1817;83;4.6
2015-01-09;08:15:47.00;-5.4191;-78.8228;25;4.8
2015-01-09;08:32:57.00;-14.1916;-74.4939;83;4.8
2015-01-09;11:39:55.00;-9.4742;-76.1238;122;4.5
2015-01-09;12:53:13.00;-10.4184;-74.3593;21;4.5
2015-01-10;02:13:37.00;-16.1174;-73.7083;28;4.5
2015-01-10;03:05:53.00;-3.1383;-77.1202;156;4.9
2015-01-10;05:19:09.00;-13.2353;-75.0235;103;4.5
2015-01-10;08:14:10.00;-10.8219;-78.6022;43;4.8
2015-01-10;12:29:25.00;-11.6484;-76.3885;34;4.6
2015-01-11;05:08:22.00;-15.8173;-75.2153;26;4.7
2015-01-11;21:39:37.00;-16.0313;-74.1497;41;5.4
2015-01-12;05:16:59.00;-9.0416;-78.7146;58;4.8
2015-01-12;06:09:23.00;-12.8312;-73.9916;65;4.5
2015-01-12;19:30:19.00;-2.5793;-77.9049;136;4.5
2015-01-13;03:32:58.00;-8.7206;-74.8445;153;4.5
2015-01-13;15:37:00.00;-8.7244;-74.6071;183;5
2015-01-14;09:26:50.00;-3.6457;-80.2346;84;5
2015-01-14;21:56:05.00;-15.6756;-71.8475;15;4.6
2015-01-15;15:43:01.00;-8.5005;-81.2374;39;4.9
2015-01-16;00:52:45.00;-8.1298;-79.7269;41;4.5
2015-01-16;06:35:53.00;-18.1071;-69.9119;152;4.5
2015-01-16;11:39:19.00;-3.4281;-80.3611;73;5.5
2015-01-17;20:18:28.00;-12.1704;-76.0863;127;4.8
2015-01-18;16:48:14.00;-12.7717;-74.9589;135;4.6
2015-01-20;12:32:14.00;-5.1182;-76.2897;18;4.6
2015-01-21;04:39:18.00;-18.3868;-71.3492;33;4.5
2015-01-21;18:25:19.00;-3.1004;-80.1571;256;4.5
2015-01-22;12:29:57.00;-9.8426;-78.7703;35;4.5
2015-01-22;19:15:03.00;-10.7098;-77.9077;72;4.6
2015-01-22;21:54:24.00;-13.3724;-75.1327;124;4.5
2015-01-23;04:47:36.00;-3.7321;-78.5773;21;4.5
2015-01-23;06:52:38.00;-10.3116;-78.5742;36;4.8
2015-01-23;06:57:53.00;-16.9124;-73.7454;20;4.5
2015-01-23;14:12:28.00;-18.3619;-69.6753;125;5.4
2015-01-23;22:24:57.00;-15.442;-74.0191;114;4.9
2015-01-24;03:20:26.00;-5.6767;-81.6865;23;4.6
2015-01-24;04:58:02.00;-14.1501;-75.5984;72;4.7
2015-01-24;22:27:06.00;-14.5225;-75.7808;42;4.8
2015-01-25;01:40:06.00;-10.2405;-75.3345;55;5.1
2015-01-25;03:10:09.00;-14.0694;-74.5603;95;5.2
2015-01-25;13:49:43.00;-5.0382;-76.0192;39;4.8
2015-01-25;15:17:36.00;-10.3386;-74.6449;38;5
2015-01-25;16:50:11.00;-16.7727;-72.2596;69;4.6
2015-01-25;16:56:39.00;-3.8811;-81.0622;64;4.7
2015-01-25;19:05:20.00;-15.6468;-73.3738;88;4.5
2015-01-25;21:16:07.00;-12.2833;-77.4504;29;4.5
2015-01-26;05:35:15.00;-15.6939;-70.3361;234;4.9
2015-01-26;18:00:58.00;-16.2713;-72.5591;106;4.6
2015-01-27;02:47:15.00;-13.784;-74.738;106;4.6
2015-01-27;05:23:02.00;-10.9971;-73.7257;17;4.5
2015-01-27;07:25:43.00;-16.3491;-69.723;229;4.6
2015-01-27;21:11:18.00;-7.2693;-80.7874;20;4.5
2015-01-28;02:51:43.00;-4.1891;-80.326;31;4.5
2015-01-28;07:33:25.00;-16.4214;-72.5915;83;4.5
2015-01-29;14:31:55.00;-9.0106;-80.8933;58;4.5
2015-01-30;06:29:21.00;-15.4262;-75.7021;9;4.5
2015-01-31;01:02:47.00;-17.9667;-71.5444;27;4.5
2015-01-31;18:43:33.00;-10.1431;-77.9946;94;4.6
2015-01-31;22:47:34.00;-14.5224;-73.5539;86;4.5
2015-02-01;04:06:58.00;-17.2335;-70.0032;200;4.5
2015-02-01;05:12:17.00;-14.4163;-76.7887;14;4.9
2015-02-01;09:35:41.00;-14.8888;-74.0837;99;4.6
2015-02-01;09:50:51.00;-9.9154;-77.2312;108;4.6
2015-02-01;16:16:34.00;-9.1783;-75.223;126;4.8
2015-02-01;16:20:39.00;-14.1595;-76.5522;32;5
2015-02-01;23:32:56.00;-3.9868;-76.7753;167;5.4
2015-02-02;06:09:42.00;-5.4856;-75.4731;32;4.7
2015-02-03;00:03:06.00;-18.5789;-69.7788;124;4.8
2015-02-03;02:33:10.00;-15.1084;-74.4106;118;4.6
2015-02-03;08:41:19.00;-14.2216;-76.1154;22;4.7
2015-02-03;10:37:21.00;-7.8985;-76.317;132;4.5
2015-02-04;05:49:45.00;-16.1096;-74.1166;45;4.7
2015-02-04;10:32:15.00;-4.5215;-77.0819;116;4.8
2015-02-05;08:03:39.00;-9.788;-78.1315;73;4.5
2015-02-05;20:26:54.00;-5.777;-77.2034;43;4.5
2015-02-05;23:42:44.00;-15.8566;-74.3163;24;4.5
2015-02-06;00:32:03.00;-4.5934;-82.1508;34;4.7
2015-02-06;00:43:59.00;-3.5344;-77.3503;98;4.5
2015-02-06;07:06:31.00;-16.019;-74.93;41;4.8
2015-02-06;07:14:57.00;-15.4037;-73.5727;117;4.5
2015-02-06;17:22:00.00;-6.826;-78.6863;12;4.6
2015-02-07;06:14:43.00;-9.8429;-77.2663;138;4.5
2015-02-07;14:31:06.00;-6.8556;-78.8021;53;4.7
2015-02-07;14:57:05.00;-12.8648;-74.0191;90;4.8
2015-02-07;17:23:53.00;-16.9129;-72.0722;65;4.5
2015-02-07;17:54:28.00;-12.8925;-74.794;111;4.6
2015-02-07;20:05:52.00;-4.1055;-77.1378;52;4.7
2015-02-07;22:12:16.00;-9.9898;-74.5838;142;4.6
2015-02-08;02:37:47.00;-9.1341;-75.009;142;4.9
2015-02-08;03:19:35.00;-14.8396;-73.8082;107;4.5
2015-02-08;13:01:55.00;-11.7343;-77.6678;25;4.5
2015-02-08;20:07:56.00;-8.3988;-74.4979;176;4.8
2015-02-08;23:01:15.00;-8.3673;-80.1224;20;4.5
2015-02-08;23:30:19.00;-8.3326;-80.0505;16;4.8
2015-02-09;12:32:31.00;-3.3868;-80.7407;35;4.5
2015-02-09;23:53:26.00;-8.3732;-74.4084;151;4.9
2015-02-10;01:32:18.00;-6.0779;-76.3472;135;4.6
2015-02-10;03:47:42.00;-4.1471;-77.0237;31;4.5
2015-02-10;05:47:35.00;-5.341;-77.8714;130;4.5
2015-02-10;06:53:19.00;-8.772;-80.009;24;4.5
2015-02-11;07:46:41.00;-14.8393;-75.7954;43;4.6
2015-02-11;07:51:38.00;-7.5591;-74.6003;158;4.7
2015-02-11;14:48:17.00;-10.3297;-76.7288;128;4.7
2015-02-11;16:38:21.00;-6.4981;-81.098;36;4.7
2015-02-11;17:21:52.00;-16.0854;-74.308;24;4.5
2015-02-11;23:33:16.00;-5.5053;-76.3701;124;4.5
2015-02-12;01:59:37.00;-9.3043;-79.3816;32;5.3
2015-02-12;06:24:11.00;-15.1919;-70.7216;208;4.9
2015-02-12;07:33:59.00;-3.0606;-77.6617;56;4.6
2015-02-12;14:07:14.00;-15.7119;-75.3128;15;4.5
2015-02-13;04:30:16.00;-8.2499;-74.1075;172;5.1
2015-02-13;21:32:51.00;-16.0935;-74.2467;26;4.5
2015-02-14;03:00:03.00;-4.2867;-76.8527;107;4.6
2015-02-14;12:24:24.00;-14.3858;-76.4056;9;4.5
2015-02-14;15:04:20.00;-14.8095;-73.8211;109;4.6
2015-02-15;04:52:52.00;-13.3978;-74.7246;72;4.7
2015-02-15;12:40:36.00;-5.2126;-75.365;88;4.7
2015-02-15;18:13:12.00;-5.3821;-78.6589;20;4.5
2015-02-16;17:48:24.00;-15.5112;-73.9306;94;4.6
2015-02-17;01:15:33.00;-11.6343;-77.9774;38;4.5
2015-02-17;07:54:11.00;-9.6291;-74.8246;142;4.8
2015-02-17;22:55:39.00;-15.4632;-72.0685;163;4.5
2015-02-18;05:39:03.00;-5.9543;-80.6385;28;4.6
2015-02-18;17:27:32.00;-5.8706;-81.4067;15;4.5
2015-02-18;19:25:40.00;-5.9161;-81.5771;29;4.6
2015-02-18;20:13:23.00;-5.8128;-81.6174;27;4.5
2015-02-19;11:45:39.00;-16.5151;-71.5785;121;4.2
2015-02-19;15:39:46.00;-5.1963;-78.0854;14;4.5
2015-02-20;00:18:08.00;-6.901;-78.4412;31;4.6
2015-02-20;08:54:45.00;-4.9048;-78.4916;12;4.5
2015-02-20;20:53:38.00;-15.0536;-75.6505;27;5.1
2015-02-21;06:46:49.00;-4.4401;-80.3036;91;4.9
2015-02-21;09:07:00.00;-4.288;-80.5082;63;4.5
2015-02-21;16:38:37.00;-6.4943;-80.8797;16;4.7
2015-02-22;02:14:30.00;-3.3533;-80.7282;34;4.5
2015-02-22;23:00:53.00;-9.3985;-76.1185;152;4.7
2015-02-24;03:33:33.00;-16.4324;-72.9487;54;4.7
2015-02-26;21:28:21.00;-15.8651;-74.6893;43;4.5
2015-02-27;07:47:30.00;-16.8229;-71.8698;39;4.5
2015-02-28;04:42:54.00;-12.5068;-77.3472;34;4.9
2015-02-28;04:53:07.00;-4.9505;-78.5189;40;5
2015-02-28;07:01:46.00;-7.9023;-74.3628;174;4.7
2015-02-28;20:10:25.00;-15.6674;-72.0114;5;5.2
2015-03-01;05:15:35.00;-16.7225;-72.5128;23;4.5
2015-03-01;10:38:12.00;-14.8202;-71.7512;141;4.5
2015-03-01;11:50:24.00;-15.6959;-72.0061;14;4.5
2015-03-01;15:08:29.00;-17.2436;-71.8416;42;5.3
2015-03-02;02:49:18.00;-16.0155;-73.7886;42;4.8
2015-03-03;01:37:19.00;-17.9609;-69.5476;173;4.9
2015-03-03;03:20:48.00;-9.7184;-75.5848;18;4.6
2015-03-03;13:41:19.00;-16.8994;-69.9274;177;4.9
2015-03-03;15:24:01.00;-5.0264;-81.2259;24;4.7
2015-03-04;07:14:30.00;-3.1369;-80.6215;43;4.6
2015-03-04;10:32:49.00;-15.6645;-71.8306;14;4.5
2015-03-04;11:48:24.00;-3.8265;-78.9701;112;4.5
2015-03-05;11:11:41.00;-15.0256;-73.6043;111;4.5
2015-03-05;16:02:02.00;-10.4684;-76.2324;126;4.5
2015-03-06;16:38:14.00;-14.5784;-72.3722;111;4.6
2015-03-06;17:22:05.00;-16.0729;-74.3527;22;4.6
2015-03-06;18:04:45.00;-3.3252;-80.8754;21;4.6
2015-03-06;18:09:49.00;-8.5421;-75.8634;33;5.2
2015-03-07;05:50:20.00;-13.4543;-76.7705;49;4.6
2015-03-07;14:54:42.00;-8.7233;-74.9552;167;5.4
2015-03-08;04:16:03.00;-16.8149;-70.5235;13;4.7
2015-03-08;07:52:05.00;-4.2162;-82.7249;19;4.9
2015-03-08;09:25:07.00;-8.878;-76.4858;133;4.7
2015-03-09;02:23:03.00;-12.8858;-73.8877;86;4.9
2015-03-09;04:34:19.00;-10.644;-74.1605;135;4.8
2015-03-09;17:23:50.00;-3.6952;-80.6413;28;4.5
2015-03-10;00:46:41.00;-5.3556;-78.5419;32;4.5
2015-03-10;13:53:37.00;-18.53;-70.5026;39;4.5
2015-03-10;20:46:45.00;-4.4207;-81.7244;25;4.6
2015-03-10;22:43:00.00;-15.6389;-72.0153;12;4.7
2015-03-11;02:38:46.00;-5.0031;-81.1502;23;4.7
2015-03-11;13:03:08.00;-7.2517;-74.1717;217;4.8
2015-03-12;01:47:16.00;-3.2801;-80.8629;41;4.5
2015-03-13;02:39:55.00;-16.0416;-74.3543;47;4.6
2015-03-13;04:17:08.00;-3.6027;-77.399;117;4.6
2015-03-13;12:28:01.00;-6.5223;-75.9833;12;4.6
2015-03-13;17:35:12.00;-15.9691;-69.6922;265;5.1
2015-03-14;13:22:12.00;-9.438;-80.0545;31;4.9
2015-03-14;13:32:44.00;-9.6066;-80.1309;20;4.9
2015-03-14;13:46:27.00;-9.2791;-79.9925;21;4.9
2015-03-14;19:30:27.00;-9.1988;-80.0209;13;4.8
2015-03-15;00:21:48.00;-14.6353;-73.7155;109;5
2015-03-15;17:20:26.00;-7.118;-80.9333;21;4.7
2015-03-15;22:51:46.00;-7.274;-74.9066;215;4.9
2015-03-16;00:59:43.00;-14.2572;-73.6711;100;4.6
2015-03-16;08:49:18.00;-16.2599;-74.1209;51;4.5
2015-03-16;22:50:42.00;-6.1627;-77.9105;129;4.5
2015-03-17;01:31:24.00;-11.9449;-76.7717;93;4.5
2015-03-17;16:02:44.00;-9.2594;-79.9514;8;4.5
2015-03-17;20:56:03.00;-14.9395;-72.1058;151;4.7
2015-03-18;05:39:17.00;-18.4655;-71.2745;25;5.2
2015-03-18;05:56:13.00;-18.433;-71.3039;27;4.6
2015-03-18;06:44:30.00;-9.5295;-79.8717;18;4.5
2015-03-18;07:01:02.00;-18.4573;-71.3538;28;4.6
2015-03-18;16:34:36.00;-17.8253;-69.6699;193;4.9
2015-03-18;19:56:12.00;-16.7643;-72.8993;45;5.2
2015-03-19;11:51:56.00;-3.4723;-80.8638;36;5.3
2015-03-19;13:11:50.00;-18.5825;-71.3316;25;5
2015-03-20;00:44:51.00;-15.8189;-75.4954;32;4.9
2015-03-20;00:54:47.00;-4.2703;-79.9081;43;4.9
2015-03-20;01:38:37.00;-15.5872;-75.3639;11;4.5
2015-03-20;02:06:59.00;-4.9868;-78.3997;13;4.5
2015-03-20;03:53:54.00;-9.8016;-79.5002;13;4.6
2015-03-20;04:57:20.00;-9.6925;-75.6086;22;4.8
2015-03-20;06:13:56.00;-8.4933;-75.5602;171;4.8
2015-03-20;07:59:44.00;-2.8128;-78.0286;52;4.5
2015-03-20;08:49:23.00;-17.781;-71.6122;28;4.8
2015-03-20;11:14:33.00;-15.6694;-71.3447;187;4.9
2015-03-20;12:33:45.00;-15.428;-74.4405;47;4.5
2015-03-20;17:40:05.00;-10.8254;-74.8999;126;4.5
2015-03-21;09:18:17.00;-10.756;-74.4229;135;4.9
2015-03-21;16:58:13.00;-9.39;-79.102;36;5.4
2015-03-21;23:05:33.00;-9.8103;-78.8143;35;4.5
2015-03-22;09:22:39.00;-3.0087;-80.3732;96;4.6
2015-03-22;18:55:48.00;-17.9068;-71.9058;33;4.9
2015-03-22;20:46:07.00;-10.5466;-78.3069;35;4.5
2015-03-23;02:41:57.00;-15.2015;-75.8283;20;4.7
2015-03-23;03:42:22.00;-7.9451;-74.5961;191;4.7
2015-03-23;09:37:07.00;-11.573;-74.5704;36;4.5
2015-03-23;12:03:18.00;-4.0728;-81.9304;29;4.8
2015-03-24;02:48:46.00;-10.4038;-78.8796;45;4.6
2015-03-24;15:58:30.00;-15.067;-71.9542;150;4.9
2015-03-24;16:02:46.00;-8.3846;-74.3351;147;4.5
2015-03-24;19:56:20.00;-8.9718;-75.3477;115;4.6
2015-03-25;04:30:31.00;-14.3912;-76.1184;49;4.7
2015-03-25;10:02:48.00;-15.6468;-71.7571;16;4.9
2015-03-25;11:40:05.00;-5.2208;-75.3549;81;4.5
2015-03-25;19:08:31.00;-16.8419;-73.0574;38;4.5
2015-03-26;07:25:57.00;-9.9525;-75.4868;10;4.8
2015-03-26;16:05:15.00;-2.9152;-81.1294;33;4.6
2015-03-26;23:41:19.00;-6.0292;-76.2174;125;4.6
2015-03-27;04:59:55.00;-4.9599;-75.3743;38;4.9
2015-03-27;16:03:03.00;-15.0871;-71.9825;140;4.6
2015-03-28;20:13:40.00;-6.1709;-81.8197;25;4.6
2015-03-28;21:48:14.00;-9.1191;-71.2868;610;4.4
2015-03-28;22:19:32.00;-9.9914;-78.8013;39;5.3
2015-03-29;04:17:23.00;-15.6381;-70.5718;208;4.6
2015-03-29;17:40:21.00;-3.786;-76.5246;51;4.6
2015-03-30;00:03:44.00;-15.3099;-72.5698;124;4.6
2015-03-30;00:40:46.00;-18.6842;-70.7309;40;4.5
2015-03-31;17:57:40.00;-4.078;-80.3135;42;4.6
2015-04-01;16:45:18.00;-10.7075;-78.4624;27;5.7
2015-04-02;04:39:54.00;-11.2958;-76.9566;115;4.7
2015-04-03;10:58:04.00;-7.8161;-76.3762;134;4.5
2015-04-04;12:52:45.00;-15.8092;-74.2459;52;4.8
2015-04-05;05:57:24.00;-11.6731;-78.0546;39;5
2015-04-08;00:53:53.00;-15.6882;-71.7951;27;4.5
2015-04-08;03:26:51.00;-15.9599;-73.6629;83;4.6
2015-04-08;15:23:24.00;-7.1969;-80.9009;24;4.5
2015-04-08;22:39:40.00;-15.017;-72.3572;111;4.8
2015-04-09;10:57:48.00;-18.6147;-69.9792;131;4.7
2015-04-10;03:35:25.00;-16.4286;-73.327;36;4.8
2015-04-10;03:56:25.00;-8.5531;-76.2233;12;4.7
2015-04-10;05:59:31.00;-8.4674;-76.1834;15;4.9
2015-04-10;17:06:13.00;-10.6468;-78.4032;34;4.6
2015-04-11;13:45:09.00;-10.4947;-78.6596;24;4.5
2015-04-11;19:49:36.00;-16.3055;-69.6827;215;4.8
2015-04-13;14:32:34.00;-8.1969;-80.0253;21;5.3
2015-04-14;07:09:14.00;-3.4789;-80.3193;65;4.5
2015-04-14;09:22:46.00;-9.3577;-79.5005;30;4.6
2015-04-14;10:40:25.00;-3.6471;-76.8086;119;4.7
2015-04-15;04:47:35.00;-8.764;-78.7935;89;4.7
2015-04-15;06:59:13.00;-14.6712;-76.6182;21;5.5
2015-04-15;08:27:19.00;-15.2449;-72.2548;138;4.6
2015-04-15;10:18:35.00;-9.531;-74.5886;101;4.7
2015-04-15;19:13:15.00;-14.8893;-72.4165;112;4.8
2015-04-15;20:21:31.00;-10.5455;-76.0406;136;4.5
2015-04-16;23:03:54.00;-5.2545;-77.1466;13;4.5
2015-04-17;03:41:44.00;-8.3591;-79.6344;47;4.5
2015-04-17;04:27:30.00;-5.7602;-76.9784;135;4.7
2015-04-17;15:36:45.00;-8.8735;-74.5062;152;5.2
2015-04-17;19:28:59.00;-8.4193;-75.1819;136;4.9
2015-04-18;01:47:16.00;-8.85;-79.8139;13;4.8
2015-04-18;03:33:59.00;-15.7394;-72.2859;133;4.9
2015-04-18;07:43:08.00;-2.4917;-77.0776;57;4.5
2015-04-18;10:39:06.00;-8.3351;-80.0535;26;4.6
2015-04-19;09:55:13.00;-7.4652;-79.9407;30;4.6
2015-04-20;08:04:34.00;-8.588;-79.9534;21;4.5
2015-04-20;18:41:58.00;-4.3115;-77.2309;28;4.7
2015-04-20;20:34:02.00;-14.0819;-76.2217;49;4.6
2015-04-21;19:00:19.00;-14.7762;-71.4707;169;5.6
2015-04-22;21:13:00.00;-16.7287;-69.783;218;4.9
2015-04-23;00:22:04.00;-4.8904;-80.8797;37;4.9
2015-04-23;04:49:13.00;-17.751;-69.6364;183;5.1
2015-04-23;11:17:41.00;-7.7894;-74.7034;191;4.9
2015-04-23;17:10:48.00;-8.5733;-76.2443;11;5.1
2015-04-24;19:32:42.00;-7.703;-76.7252;11;4.9
2015-04-25;15:50:51.00;-8.7536;-79.963;12;4.6
2015-04-26;21:10:32.00;-14.2484;-73.7011;101;5
2015-04-26;23:35:26.00;-8.4632;-80.2242;21;5.9
2015-04-27;04:12:23.00;-8.4308;-80.1347;21;4.8
2015-04-27;06:28:58.00;-8.8996;-74.0335;163;4.5
2015-04-27;08:33:36.00;-16.2713;-72.7526;36;5.1
2015-04-28;06:09:49.00;-9.0614;-75.3327;144;4.8
2015-04-28;21:09:09.00;-9.4525;-79.4544;12;4.6
2015-04-28;21:14:53.00;-16.3149;-73.3472;49;4.8
2015-04-29;00:48:11.00;-11.7789;-74.457;7;4.5
2015-04-29;01:35:35.00;-9.9651;-75.2009;9;4.5
2015-04-30;14:07:55.00;-11.1903;-74.6453;13;4.5
2015-04-30;14:48:35.00;-5.9293;-80.2817;47;4.6
2015-04-30;16:39:54.00;-12.9403;-76.9089;19;4.5
2015-05-01;07:42:40.00;-2.9948;-80.4261;55;4.5
2015-05-02;02:17:36.00;-3.8214;-78.1816;118;4.9
2015-05-02;14:37:48.00;-17.4645;-72.5507;19;5
2015-05-04;00:40:59.00;-15.9893;-72.2818;119;4.6
2015-05-04;20:06:08.00;-8.7656;-76.0884;124;4.6
2015-05-05;00:35:27.00;-17.0907;-71.0135;107;4.5
2015-05-06;01:43:44.00;-11.2396;-72.5907;133;4.8
2015-05-06;19:36:43.00;-17.8877;-71.9166;10;4.5
2015-05-06;22:08:12.00;-6.8133;-76.5349;57;4.7
2015-05-07;03:19:35.00;-14.9051;-76.2654;18;4.8
2015-05-07;05:33:45.00;-18.4464;-69.5669;152;5.1
2015-05-07;14:46:18.00;-8.0732;-77.8908;9;5.1
2015-05-10;07:25:43.00;-12.577;-76.8631;49;4.6
2015-05-10;21:13:56.00;-11.3435;-76.84;105;4.9
2015-05-10;21:36:09.00;-3.8506;-80.4751;36;4.9
2015-05-10;23:33:19.00;-10.8462;-75.0515;15;4.5
2015-05-11;08:21:44.00;-9.15;-71.2315;617;4
2015-05-11;14:04:51.00;-7.7323;-74.6084;174;4.5
2015-05-11;16:29:08.00;-8.2057;-76.326;168;4.9
2015-05-12;04:10:03.00;-5.5628;-79.594;110;4.9
2015-05-13;05:22:20.00;-10.2568;-78.6678;13;4.6
2015-05-13;13:26:06.00;-11.3029;-74.5833;13;5
2015-05-14;15:12:29.00;-15.1978;-73.7808;97;4.6
2015-05-14;18:33:32.00;-14.3838;-75.8916;47;5.7
2015-05-15;19:52:29.00;-18.4339;-69.8103;148;4.8
2015-05-15;21:07:20.00;-15.777;-75.3913;17;5.3
2015-05-15;21:09:49.00;-15.7112;-75.3216;29;4.6
2015-05-15;22:39:16.00;-9.0094;-75.8089;30;4.6
2015-05-16;00:11:40.00;-8.1122;-74.3878;150;4.7
2015-05-16;01:19:50.00;-7.8172;-74.7276;177;5.4
2015-05-16;15:10:22.00;-15.8405;-75.4657;16;4.6
2015-05-17;02:33:29.00;-9.6911;-78.8563;34;4.5
2015-05-17;10:50:10.00;-13.4099;-74.9442;92;5
2015-05-17;11:01:29.00;-6.8392;-80.4869;34;4.8
2015-05-19;04:44:40.00;-15.535;-70.1136;253;4.8
2015-05-20;14:05:29.00;-8.6956;-74.3663;155;4.8
2015-05-20;22:34:25.00;-2.841;-77.4905;20;5.4
2015-05-21;02:10:52.00;-16.1442;-73.8482;41;4.5
2015-05-21;19:01:30.00;-7.997;-75.1518;190;4.8
2015-05-22;04:33:29.00;-14.8677;-74.0498;105;4.8
2015-05-22;07:54:18.00;-10.4791;-78.4632;16;4.7
2015-05-22;10:14:36.00;-17.573;-72.5805;14;4.6
2015-05-22;10:39:30.00;-17.4732;-72.7775;15;4.5
2015-05-24;02:01:46.00;-3.8904;-81.4455;7;4.8
2015-05-25;01:57:12.00;-5.4046;-77.1756;47;4.6
2015-05-25;02:50:15.00;-8.5057;-74.9312;139;4.8
2015-05-25;04:12:22.00;-3.2253;-80.751;36;4.8
2015-05-25;08:14:06.00;-8.5479;-79.6464;41;4.5
2015-05-26;07:38:32.00;-9.8196;-74.4135;111;4.7
2015-05-26;14:30:26.00;-4.4418;-80.2806;46;4.5
2015-05-28;15:17:06.00;-7.2893;-81.483;36;4.5
2015-05-29;11:46:47.00;-5.0274;-75.2113;134;4.5
2015-05-31;06:28:27.00;-5.0156;-77.4243;163;4.9
2015-05-31;07:06:18.00;-16.2389;-73.3064;65;4.5
2015-05-31;16:14:42.00;-11.9052;-75.672;110;4.5
2015-05-31;16:24:04.00;-10.8547;-78.3227;55;4.7
2015-05-31;17:58:29.00;-11.3003;-75.7163;126;4.5
2015-05-31;18:56:51.00;-8.3546;-76.5424;10;4.5
2015-06-01;04:27:00.00;-7.9671;-74.5014;158;4.7
2015-06-01;04:30:23.00;-9.7008;-77.5898;18;4.5
2015-06-01;11:57:19.00;-18.238;-71.1224;34;5.1
2015-06-02;04:30:41.00;-5.275;-79.5339;112;4.8
2015-06-02;08:22:35.00;-4.0332;-76.3316;130;5.3
2015-06-02;12:07:35.00;-7.9071;-73.7276;55;4.8
2015-06-02;21:08:17.00;-8.4712;-75.1508;137;4.6
2015-06-03;02:08:51.00;-4.7139;-79.5435;110;4.5
2015-06-03;23:04:49.00;-17.0614;-69.7668;216;4.8
2015-06-04;16:43:03.00;-16.1521;-73.8169;32;4.9
2015-06-04;21:34:54.00;-12.464;-77.6825;15;5.1
2015-06-05;09:27:25.00;-17.6721;-69.7875;159;5.1
2015-06-05;23:01:28.00;-11.4701;-76.3996;102;4.9
2015-06-06;05:11:25.00;-10.0158;-79.8328;11;5
2015-06-06;08:09:28.00;-5.3323;-76.8523;141;4.5
2015-06-06;17:37:57.00;-6.7191;-81.2046;24;4.6
2015-06-06;20:07:35.00;-6.6809;-81.5936;23;4.5
2015-06-06;20:21:51.00;-6.6181;-81.4752;45;4.5
2015-06-07;04:44:14.00;-16.0235;-71.7394;144;4.5
2015-06-07;06:39:25.00;-6.6599;-81.3401;24;5.3
2015-06-07;08:15:30.00;-15.1663;-72.3104;127;4.6
2015-06-08;12:31:38.00;-8.6446;-79.3384;51;4.5
2015-06-09;12:33:00.00;-7.7915;-79.7355;49;4.5
2015-06-09;23:43:56.00;-13.2879;-76.5856;37;4.9
2015-06-10;09:32:40.00;-15.5877;-73.3283;104;4.5
2015-06-10;22:58:39.00;-16.286;-73.4191;38;4.5
2015-06-11;15:23:39.00;-16.0531;-74.9872;21;4.9
2015-06-11;16:25:41.00;-15.7085;-71.8329;10;4.8
2015-06-13;07:18:08.00;-5.1689;-80.845;50;4.6
2015-06-13;10:45:58.00;-10.8971;-78.3499;22;4.5
2015-06-13;21:48:52.00;-18.6045;-70.9591;13;4.6
2015-06-13;23:01:39.00;-6.4013;-75.7773;48;4.7
2015-06-14;15:00:40.00;-9.5354;-79.5553;13;4.5
2015-06-16;21:52:39.00;-17.0031;-70.0206;169;4.8
2015-06-18;02:58:17.00;-15.5807;-73.3609;97;4.5
2015-06-18;05:05:51.00;-5.7034;-76.6985;35;4.5
2015-06-18;08:54:09.00;-9.8057;-78.8743;28;4.8
2015-06-19;02:05:12.00;-14.7137;-75.3747;42;4.9
2015-06-20;10:08:06.00;-8.2209;-74.4345;161;4.8
2015-06-20;16:58:50.00;-9.5123;-79.8217;18;4.7
2015-06-20;17:46:45.00;-2.4692;-77.4394;138;4.6
2015-06-20;23:31:04.00;-9.298;-75.8808;28;4.5
2015-06-21;04:14:12.00;-16.0055;-71.5542;153;4.6
2015-06-21;10:56:04.00;-15.8037;-73.9494;79;5.1
2015-06-23;01:12:27.00;-18.4382;-71.193;11;4.6
2015-06-23;05:33:04.00;-6.4566;-77.6536;25;4.7
2015-06-23;07:58:34.00;-17.7369;-69.4038;177;4.7
2015-06-24;04:55:58.00;-14.315;-76.5083;12;4.8
2015-06-24;13:08:34.00;-5.6534;-77.1417;109;4.8
2015-06-24;19:42:12.00;-18.3078;-70.0632;112;4.5
2015-06-25;03:07:14.00;-6.6527;-80.5639;24;4.8
2015-06-26;08:47:13.00;-5.4598;-76.2916;38;4.6
2015-06-28;03:55:49.00;-14.5994;-76.3184;11;4.5
2015-06-28;08:58:16.00;-14.5242;-76.3971;12;4.9
2015-06-28;10:16:53.00;-15.9278;-74.6924;27;5.3
2015-06-29;09:09:12.00;-16.257;-74.4205;23;6
2015-06-30;23:07:52.00;-14.9479;-73.4624;113;4.5
2015-07-01;14:46:54.00;-12.3499;-75.1025;6;4.5
2015-07-03;14:14:41.00;-17.6534;-69.7953;168;4.5
2015-07-03;23:06:46.00;-16.494;-73.1026;29;4.6
2015-07-04;13:32:19.00;-9.9404;-80.1677;29;4.8
2015-07-06;08:23:23.00;-13.9033;-71.7521;9;5.3
2015-07-06;08:29:53.00;-5.3952;-77.3297;30;4.7
2015-07-06;09:19:43.00;-17.4458;-69.7246;191;4.9
2015-07-06;11:17:44.00;-7.2273;-80.7055;20;5.4
2015-07-06;17:34:29.00;-16.069;-74.3075;22;4.9
2015-07-07;04:27:53.00;-16.2847;-73.8266;27;4.9
2015-07-07;07:56:25.00;-14.8311;-71.8566;120;4.6
2015-07-07;19:04:39.00;-8.5903;-79.471;32;4.7
2015-07-07;21:24:59.00;-18.545;-71.022;27;4.8
2015-07-09;12:38:27.00;-10.5693;-74.6348;127;4.8
2015-07-09;18:08:36.00;-9.1092;-75.834;27;5.7
2015-07-09;18:31:08.00;-9.1943;-75.8041;33;4.9
2015-07-11;12:42:45.00;-4.0097;-80.4826;33;4.8
2015-07-11;15:07:20.00;-10.4501;-75.525;13;4.5
2015-07-11;22:55:49.00;-3.9831;-80.8749;33;5
2015-07-12;06:53:18.00;-6.0865;-81.6125;29;4.7
2015-07-12;07:31:32.00;-3.8321;-76.5966;120;4.7
2015-07-12;09:08:59.00;-8.2228;-76.7546;140;4.5
2015-07-12;09:47:01.00;-3.1633;-75.8041;156;4.8
2015-07-13;07:10:32.00;-14.5133;-74.0675;113;4.5
2015-07-14;02:26:53.00;-6.1588;-75.5118;97;4.8
2015-07-14;20:01:27.00;-4.5885;-78.5254;52;4.5
2015-07-15;16:31:42.00;-15.0001;-76.5129;18;5.3
2015-07-16;01:24:36.00;-9.1288;-79.2741;46;4.7
2015-07-16;16:41:02.00;-6.5927;-80.798;30;4.8
2015-07-16;23:11:41.00;-10.9499;-78.3307;28;4.8
2015-07-17;08:43:10.00;-16.9493;-69.5653;213;4.5
2015-07-17;11:56:20.00;-14.9547;-71.8571;145;4.8
2015-07-18;05:07:22.00;-16.0543;-72.9019;108;4.7
2015-07-19;11:49:13.00;-13.6658;-75.3844;98;4.5
2015-07-19;15:17:14.00;-8.6267;-78.8259;64;4.5
2015-07-20;09:27:16.00;-18.2768;-71.3843;25;4.9
2015-07-20;09:32:08.00;-18.3102;-71.3897;11;4.5
2015-07-20;16:38:36.00;-8.2235;-79.9095;36;4.6
2015-07-22;20:06:01.00;-14.9901;-72.4637;113;4.5
2015-07-23;15:39:48.00;-16.1054;-73.414;69;4.9
2015-07-24;18:11:28.00;-17.3695;-70.785;125;4.5
2015-07-25;07:34:09.00;-8.3674;-75.7099;126;5.5
2015-07-26;13:17:36.00;-7.5986;-74.8881;185;4.6
2015-07-27;10:33:31.00;-5.508;-77.2471;129;4.9
2015-07-27;11:05:06.00;-10.7667;-74.247;27;4.5
2015-07-28;02:42:17.00;-5.9241;-75.0591;34;5.1
2015-07-28;02:46:50.00;-12.5764;-76.9595;47;4.8
2015-07-28;03:51:37.00;-9.8627;-75.7775;129;5.2
2015-07-28;16:04:20.00;-15.1489;-74.0525;129;4.7
2015-07-29;18:29:25.00;-16.395;-73.0361;52;4.5
2015-07-30;07:40:54.00;-9.5262;-79.933;11;4.6
2015-07-31;17:17:54.00;-8.5052;-72.6738;5;4.4
2015-07-31;19:36:24.00;-9.1109;-79.2043;50;4.6
2015-08-01;08:50:51.00;-8.5085;-81.0462;7;4.7
2015-08-01;09:09:04.00;-15.9894;-72.7521;107;4.5
2015-08-01;17:31:23.00;-3.7818;-81.14;69;4.6
2015-08-02;03:19:12.00;-18.0602;-71.8799;21;4.8
2015-08-02;21:39:49.00;-10.252;-75.9046;153;4.5
2015-08-03;00:24:08.00;-15.1196;-72.5409;119;4.5
2015-08-03;16:11:49.00;-16.6147;-73.4196;24;4.5
2015-08-04;01:30:19.00;-6.0131;-80.774;35;4.8
2015-08-04;11:11:01.00;-16.6684;-71.8781;22;4.8
2015-08-05;20:20:24.00;-8.8591;-80.5631;22;5.1
2015-08-07;14:48:56.00;-6.5525;-78.7647;110;4.5
2015-08-08;10:05:33.00;-14.3093;-76.4356;12;4.5
2015-08-09;03:51:18.00;-7.7972;-75.7071;32;4.5
2015-08-10;00:30:44.00;-17.7031;-71.7232;21;4.5
2015-08-11;04:12:13.00;-14.3275;-74.936;56;4.9
2015-08-11;05:48:14.00;-17.7924;-69.7351;150;4.7
2015-08-11;06:15:03.00;-4.6963;-78.1664;53;4.5
2015-08-11;20:23:41.00;-17.9725;-70.6514;15;4.5
2015-08-14;10:25:11.00;-8.8382;-78.9368;48;4.6
2015-08-14;18:59:15.00;-8.3155;-79.6574;30;4.6
2015-08-15;12:41:55.00;-9.2394;-79.8888;47;5
2015-08-19;00:04:18.00;-16.8957;-69.7024;217;4.8
2015-08-19;17:08:18.00;-16.4186;-70.0098;196;4.7
2015-08-23;03:13:23.00;-14.4342;-76.2108;7;4.9
2015-08-23;03:18:38.00;-14.7301;-76.1809;33;4.2
2015-08-23;14:22:55.00;-5.0301;-81.2948;29;4.5
2015-08-23;14:27:34.00;-7.9509;-74.4443;136;4.5
2015-08-23;22:36:38.00;-6.311;-80.8472;33;4.7
2015-08-24;10:01:03.00;-18.077;-70.8679;66;5.2
2015-08-24;22:16:34.00;-1.8687;-76.2968;150;4.9
2015-08-25;19:33:02.00;-14.9269;-75.7792;6;4.6
2015-08-26;03:45:43.00;-4.0898;-80.0865;25;4.6
2015-08-27;18:14:58.00;-18.4995;-71.2761;18;4.5
2015-08-28;00:32:09.00;-3.3436;-80.1365;77;4.5
2015-08-28;04:11:49.00;-15.828;-71.8493;10;5.4
2015-08-28;11:32:05.00;-6.8717;-76.5223;120;4.5
2015-08-28;16:27:03.00;-17.0204;-69.6779;189;5.2
2015-08-28;18:39:12.00;-12.3537;-76.2814;88;5.4
2015-08-29;06:00:20.00;-8.6323;-79.0159;70;4.7
2015-08-29;06:43:41.00;-15.6002;-71.8209;8;4.9
2015-08-29;06:53:08.00;-10.4919;-75.3342;67;4.9
2015-08-29;13:26:24.00;-3.6174;-80.4209;51;4.5
2015-08-31;05:34:48.00;-15.7682;-75.7575;26;4.9
2015-08-31;09:14:13.00;-7.7892;-79.5249;54;4.5
2015-09-01;07:57:01.00;-10.9936;-73.9399;107;4.6
2015-09-01;14:52:08.00;-11.1577;-76.3165;117;4.9
2015-09-01;17:59:06.00;-8.5497;-74.3755;174;5.1
2015-09-02;06:22:41.00;-15.965;-70.6334;192;4.6
2015-09-02;14:30:31.00;-5.5376;-76.6598;37;5
2015-09-04;03:51:18.00;-14.3318;-76.7126;10;5.3
2015-09-04;03:59:10.00;-5.1825;-76.4841;125;4.9
2015-09-04;07:58:25.00;-4.7935;-77.2361;51;4.5
2015-09-05;07:37:04.00;-15.5998;-70.5162;224;5
2015-09-05;19:37:06.00;-16.2679;-72.7691;107;4.7
2015-09-05;20:18:56.00;-18.2287;-71.5722;25;4.9
2015-09-06;16:42:14.00;-16.5257;-73.6703;11;4.5
2015-09-07;00:51:22.00;-5.8819;-80.5562;33;4.5
2015-09-07;04:21:16.00;-7.1572;-72.0529;589;5.3
2015-09-07;05:16:08.00;-16.9695;-69.3357;243;5.2
2015-09-07;11:39:53.00;-13.3562;-77.9066;42;4.9
2015-09-09;17:39:00.00;-15.5319;-74.3166;88;4.5
2015-09-09;21:43:21.00;-15.4986;-74.0446;114;4.8
2015-09-10;16:43:58.00;-13.6456;-76.8495;20;5.2
2015-09-10;17:10:28.00;-15.7627;-72.8194;120;4.9
2015-09-11;03:41:18.00;-3.9975;-80.6106;18;4.5
2015-09-11;04:18:20.00;-7.6002;-75.6984;124;4.5
2015-09-11;20:07:46.00;-5.9764;-77.3211;31;4.5
2015-09-11;23:22:58.00;-7.2365;-79.8946;19;4.5
2015-09-12;00:13:12.00;-16.3908;-71.897;118;4.5
2015-09-12;17:12:16.00;-10.9064;-74.7291;115;4.9
2015-09-13;16:18:33.00;-16.3659;-72.7399;74;5.1
2015-09-13;18:12:45.00;-5.9651;-80.4783;38;5
2015-09-15;04:24:33.00;-8.3215;-79.8048;37;4.5
2015-09-16;00:46:46.00;-14.5721;-73.7833;107;4.8
2015-09-16;23:13:56.00;-4.0233;-76.8166;115;5
2015-09-17;01:47:14.00;-8.1592;-74.4938;163;4.9
2015-09-19;16:04:38.00;-16.4711;-73.9593;38;4.6
2015-09-19;22:17:07.00;-8.293;-74.4671;148;4.8
2015-09-24;21:54:32.00;-8.2319;-74.4131;166;4.8
2015-09-26;07:01:04.00;-14.2762;-73.6657;100;4.8
2015-09-26;17:56:33.00;-4.6032;-76.8372;80;4.5
2015-09-26;18:53:08.00;-15.3006;-75.7754;28;4.7
2015-09-26;20:19:39.00;-16.8238;-70.5551;11;4.8
2015-09-27;12:58:04.00;-8.5788;-74.9609;130;4.7
2015-09-27;16:18:02.00;-15.458;-74.7407;66;4.7
2015-09-28;02:31:50.00;-16.8104;-70.5835;13;4.5
2015-09-28;03:07:14.00;-5.2392;-76.9874;123;5.1
2015-09-28;04:31:23.00;-16.7352;-73.1131;15;4.8
2015-09-28;08:15:56.00;-3.4646;-80.9383;18;5.3
2015-09-28;08:38:36.00;-3.4709;-80.9377;20;4.5
2015-09-28;10:06:36.00;-6.4512;-75.0696;53;4.8
2015-09-28;10:18:13.00;-6.3902;-75.0849;133;4.6
2015-09-28;12:46:37.00;-3.3723;-80.9455;34;4.5
2015-09-28;19:34:43.00;-5.8574;-76.0005;150;4.6
2015-09-28;21:48:53.00;-15.9985;-74.6182;36;4.7
2015-09-29;11:09:02.00;-6.5743;-75.23;52;4.6
2015-09-29;14:54:18.00;-18.472;-70.2333;22;4.5
2015-09-30;04:08:30.00;-15.7086;-72.1278;12;4.9
2015-09-30;08:16:19.00;-15.3993;-74.983;52;4.7
2015-09-30;10:24:05.00;-8.6741;-79.4573;45;4.5
2015-09-30;10:43:36.00;-15.2844;-75.0681;54;4.5
2015-09-30;12:31:31.00;-5.0964;-77.2064;122;4.5
2015-09-30;13:40:44.00;-6.2777;-76.8656;156;4.7
2015-10-01;19:42:42.00;-15.6907;-72.1268;9;5.3
2015-10-02;01:36:38.00;-11.3154;-76.4781;105;4.6
2015-10-02;02:05:48.00;-16.3569;-69.8817;232;4.5
2015-10-02;09:03:10.00;-13.5504;-75.6787;94;4.6
2015-10-02;17:32:58.00;-13.4659;-75.0778;119;4.6
2015-10-03;05:22:47.00;-3.3555;-77.7018;89;5.3
2015-10-03;09:20:13.00;-4.8065;-79.7114;18;4.8
2015-10-04;02:12:36.00;-8.9219;-79.3132;45;4.5
2015-10-04;07:20:59.00;-15.0359;-72.0616;128;4.5
2015-10-04;14:50:35.00;-16.4184;-72.3692;84;5.6
2015-10-04;15:56:33.00;-4.0232;-80.2914;18;5
2015-10-04;23:31:34.00;-2.9766;-80.2124;143;4.7
2015-10-05;02:27:58.00;-16.307;-74.852;14;4.9
2015-10-05;10:00:02.00;-15.7015;-74.034;83;5
2015-10-07;05:59:15.00;-17.8842;-70.0662;132;5.2
2015-10-07;06:45:32.00;-17.9363;-70.0097;133;4.5
2015-10-07;09:23:25.00;-3.7069;-78.0805;18;4.5
2015-10-07;20:27:53.00;-14.3204;-75.8259;49;4.7
2015-10-08;20:04:38.00;-17.3899;-71.7231;37;5
2015-10-09;04:09:35.00;-16.138;-69.9279;242;5.5
2015-10-09;17:08:49.00;-8.5768;-79.6879;37;4.8
2015-10-10;03:30:09.00;-10.3549;-74.8358;18;4.7
2015-10-11;18:25:28.00;-8.2705;-74.7083;183;4.8
2015-10-12;04:16:10.00;-13.8975;-76.1942;46;4.8
2015-10-12;06:34:48.00;-3.5461;-76.4494;148;4.7
2015-10-12;20:58:28.00;-11.0216;-76.8078;125;4.8
2015-10-14;06:23:14.00;-9.6831;-78.8351;38;4.7
2015-10-14;21:15:26.00;-9.5038;-75.7845;119;4.7
2015-10-15;08:54:28.00;-9.2134;-76.1592;40;4.5
2015-10-17;17:52:54.00;-9.3914;-79.3971;37;4.9
2015-10-19;13:53:28.00;-17.0897;-70.6672;140;4.5
2015-10-19;14:51:30.00;-16.5486;-72.2687;86;4.6
2015-10-20;08:39:48.00;-15.8553;-74.2718;70;4.5
2015-10-20;18:53:54.00;-8.4697;-74.7608;151;4.6
2015-10-21;00:46:07.00;-15.9228;-71.8808;151;4.5
2015-10-22;21:35:21.00;-15.6995;-71.9056;12;4.5
2015-10-22;22:33:26.00;-5.3864;-77.0871;115;4.5
2015-10-23;08:09:11.00;-13.3249;-76.3958;86;4.7
2015-10-23;12:27:12.00;-5.527;-80.9986;44;4.6
2015-10-24;13:20:01.00;-13.4058;-74.6594;90;4.6
2015-10-24;19:44:38.00;-9.6137;-75.1827;131;4.5
2015-10-26;14:38:58.00;-18.2921;-69.7798;148;5.3
2015-10-27;05:50:19.00;-9.5961;-74.8215;9;4.8
2015-10-27;16:23:53.00;-10.7875;-78.5961;56;5.2
2015-10-28;09:02:44.00;-10.61;-76.8352;127;4.5
2015-10-28;16:58:50.00;-3.4224;-80.3022;70;4.5
2015-10-28;17:10:43.00;-9.7395;-71.6267;704;5.3
2015-10-29;04:02:45.00;-10.5272;-76.9624;120;5.1
2015-10-30;04:45:32.00;-10.0785;-75.7056;11;4.8
2015-10-31;02:19:12.00;-18.4354;-71.3733;12;4.7
2015-10-31;21:17:29.00;-4.5911;-77.7439;39;4.5
2015-10-31;23:56:02.00;-14.33;-76.6486;7;4.9
2015-11-01;01:48:26.00;-16.7852;-70.5351;7;4.6
2015-11-01;03:47:49.00;-15.709;-72.1127;14;4.6
2015-11-01;05:43:48.00;-14.8904;-73.6025;124;4.5
2015-11-02;02:10:54.00;-8.1006;-74.5099;177;4.9
2015-11-04;02:06:22.00;-16.3863;-73.2977;51;4.8
2015-11-04;02:56:04.00;-17.1093;-69.7569;202;4.7
2015-11-04;10:48:08.00;-10.0153;-75.7079;17;5.1
2015-11-04;14:12:42.00;-2.8721;-78.1701;117;4.5
2015-11-04;23:12:23.00;-5.5936;-77.3533;22;4.5
2015-11-05;09:44:37.00;-13.5859;-74.881;101;5
2015-11-06;00:32:56.00;-14.7573;-76.103;12;4.8
2015-11-06;03:13:44.00;-14.7421;-76.1939;11;5.1
2015-11-06;07:56:28.00;-10.6996;-76.6054;134;4.6
2015-11-07;00:24:11.00;-2.8623;-76.3846;147;4.7
2015-11-08;08:13:38.00;-17.4799;-69.6668;165;5.6
2015-11-09;00:22:31.00;-8.3406;-74.3854;176;4.9
2015-11-10;08:59:52.00;-16.0413;-72.3914;124;4.6
2015-11-11;21:58:21.00;-16.3923;-73.3994;32;4.5
2015-11-12;05:17:03.00;-8.9605;-79.7411;22;4.5
2015-11-12;19:49:22.00;-16.118;-72.252;98;5.4
2015-11-13;06:54:48.00;-8.4423;-75.9586;136;5.3
2015-11-13;20:52:59.00;-8.794;-80.3915;26;4.6
2015-11-14;03:15:33.00;-2.4241;-77.2592;158;4.5
2015-11-14;08:26:57.00;-5.6961;-74.9969;57;5
2015-11-14;19:33:04.00;-15.4432;-71.7253;132;4.3
2015-11-15;07:35:59.00;-8.4244;-76.2307;9;4.5
2015-11-15;22:57:56.00;-6.9154;-76.1771;146;4.5
2015-11-16;11:58:28.00;-13.5133;-76.3363;56;4.6
2015-11-17;00:16:27.00;-15.0027;-72.6061;118;4.6
2015-11-17;03:27:59.00;-9.7657;-75.9391;129;4.6
2015-11-17;13:38:33.00;-5.2713;-76.9494;177;4.5
2015-11-17;14:04:34.00;-15.9733;-72.2268;87;4.3
2015-11-17;22:49:52.00;-15.6844;-72.1143;16;4.5
2015-11-18;00:04:52.00;-3.3872;-78.1094;184;4.9
2015-11-18;00:12:29.00;-11.2851;-74.7132;24;4.5
2015-11-18;03:15:53.00;-8.0514;-74.5762;149;4.8
2015-11-19;02:40:23.00;-7.7964;-76.2201;188;4.9
2015-11-19;10:45:52.00;-8.7746;-81.0228;56;4.5
2015-11-20;00:35:22.00;-14.0805;-74.6592;98;4.8
2015-11-20;05:29:45.00;-16.5776;-71.0566;128;4.6
2015-11-20;06:35:20.00;-7.8851;-74.4687;160;4.9
2015-11-20;19:05:45.00;-15.6661;-71.8711;10;4.7
2015-11-20;21:28:54.00;-6.7445;-80.6272;32;4.9
2015-11-21;06:13:03.00;-12.9445;-74.0172;63;4.9
2015-11-21;12:15:39.00;-4.375;-80.7727;12;4.8
2015-11-21;12:46:12.00;-16.6725;-71.4431;116;4.6
2015-11-22;14:38:15.00;-15.4293;-72.4853;122;5.3
2015-11-22;19:54:56.00;-18.3517;-69.4993;135;4.9
2015-11-23;02:36:59.00;-9.1961;-81.3141;44;4.6
2015-11-23;05:33:11.00;-5.06;-80.7938;33;4.7
2015-11-23;10:53:33.00;-17.4297;-71.7697;11;4.5
2015-11-23;15:24:13.00;-8.2666;-79.763;37;4.6
2015-11-24;06:47:26.00;-12.4333;-75.4574;104;4.7
2015-11-24;18:10:05.00;-10.6646;-71.1423;596;4.3
2015-11-24;22:45:21.00;-10.5937;-71.1665;643;7.6
2015-11-24;22:50:38.00;-10.1773;-71.2759;639;7.6
2015-11-24;23:43:59.00;-10.3639;-70.862;609;5.1
2015-11-24;23:55:20.00;-10.2872;-70.8723;619;4.1
2015-11-25;00:28:17.00;-11.0331;-70.8484;597;4.7
2015-11-25;03:12:23.00;-15.6658;-71.8607;13;4.9
2015-11-25;04:30:29.00;-10.0811;-71.1445;590;4.3
2015-11-25;04:42:46.00;-15.9172;-72.2407;122;4.6
2015-11-25;05:40:53.00;-5.2999;-77.1771;125;4.8
2015-11-25;09:26:23.00;-8.5343;-71.3759;629;4.7
2015-11-25;10:26:37.00;-14.3832;-73.3834;123;4.7
2015-11-25;11:45:14.00;-9.2436;-71.4297;598;4.9
2015-11-25;16:19:25.00;-9.8471;-71.2808;631;4.3
2015-11-25;18:47:37.00;-10.6821;-71.0901;743;5.1
2015-11-25;23:49:34.00;-10.5191;-71.1385;592;4.2
2015-11-26;05:45:04.00;-9.378;-71.4862;613;6.7
2015-11-26;05:55:48.00;-9.0676;-71.4566;643;5.3
2015-11-26;06:01:06.00;-9.0406;-71.2373;629;5.2
2015-11-26;13:42:07.00;-9.9188;-71.5748;676;5.3
2015-11-26;20:50:46.00;-10.5666;-71.183;602;4.2
2015-11-27;00:52:42.00;-9.6456;-71.3758;642;5.8
2015-11-27;05:35:40.00;-16.7688;-69.8231;205;4.9
2015-11-28;01:56:51.00;-11.1617;-78.2037;33;4.6
2015-11-28;10:28:57.00;-9.862;-78.8375;30;4.6
2015-11-28;19:10:22.00;-18.0707;-69.5863;144;4.4
2015-11-29;01:04:40.00;-8.1586;-76.1052;135;4.7
2015-11-29;10:41:32.00;-10.1732;-71.1811;626;4.2
2015-12-01;13:39:55.00;-16.5394;-71.279;126;5.6
2015-12-02;03:45:21.00;-3.2785;-77.1018;135;4.6
2015-12-02;04:04:41.00;-3.992;-80.4226;42;4.5
2015-12-02;05:59:08.00;-9.7584;-79.4552;23;4.5
2015-12-02;11:43:27.00;-16.1712;-72.4003;119;4.6
2015-12-02;21:42:50.00;-14.9553;-71.9827;116;4.1
2015-12-03;03:10:50.00;-14.2172;-75.8673;53;4.6
2015-12-03;12:04:41.00;-15.509;-72.5212;118;4.5
2015-12-03;15:32:00.00;-3.2044;-75.8668;173;5.2
2015-12-03;23:29:49.00;-10.2601;-71.4165;623;4
2015-12-06;13:49:42.00;-9.831;-71.1892;638;4.2
2015-12-06;18:17:59.00;-7.2462;-80.9637;27;5.3
2015-12-06;22:35:28.00;-14.8101;-71.8648;132;4.6
2015-12-07;19:24:03.00;-7.7403;-74.7546;163;4.9
2015-12-08;11:01:03.00;-8.5621;-74.9172;142;4.5
2015-12-08;19:53:58.00;-15.7533;-71.8432;6;4.7
2015-12-08;20:47:04.00;-15.7706;-71.8333;10;5.1
2015-12-09;02:49:21.00;-14.1762;-72.8274;114;4.6
2015-12-09;12:16:13.00;-10.8762;-75.6113;125;4.6
2015-12-09;18:20:00.00;-15.9999;-71.5551;176;4.6
2015-12-10;00:49:09.00;-18.3846;-69.9626;126;4.8
2015-12-10;15:08:13.00;-9.0503;-75.2969;131;5
2015-12-10;20:08:46.00;-15.9981;-73.3367;90;4.6
2015-12-10;21:03:46.00;-15.7373;-71.8231;5;4.9
2015-12-10;23:01:40.00;-16.2318;-73.3171;53;4.5
2015-12-11;15:13:35.00;-18.012;-69.5564;7;4.5
2015-12-11;18:09:26.00;-18.0633;-69.4531;8;4.9
2015-12-11;22:58:12.00;-18.2385;-71.4568;11;4.7
2015-12-12;03:54:06.00;-16.041;-73.0983;96;4.7
2015-12-12;19:40:33.00;-8.7958;-80.6321;28;4.5
2015-12-13;05:02:39.00;-8.9331;-79.748;11;4.6
2015-12-13;19:11:07.00;-9.9072;-76.3849;13;4.9
2015-12-14;06:10:34.00;-8.7474;-79.9309;9;4.5
2015-12-14;08:11:48.00;-15.483;-72.1826;144;4.5
2015-12-15;10:20:24.00;-14.2956;-74.8889;121;4.9
2015-12-15;11:33:12.00;-15.4921;-71.0553;199;4.7
2015-12-15;23:50:04.00;-15.9665;-75.0848;33;4.5
2015-12-16;05:34:25.00;-15.7476;-75.2126;22;4.9
2015-12-16;06:23:27.00;-15.3084;-72.0398;148;4.5
2015-12-16;08:15:52.00;-15.0768;-73.9253;102;4.7
2015-12-16;09:57:23.00;-14.0352;-73.2446;96;4.5
2015-12-17;01:54:24.00;-18.3963;-71.4541;8;4.9
2015-12-17;05:29:26.00;-14.9217;-72.0257;141;4.6
2015-12-17;07:02:46.00;-8.6799;-79.9732;25;4.7
2015-12-17;07:56:52.00;-5.8373;-80.9759;18;4.7
2015-12-17;08:44:06.00;-8.3334;-79.7245;43;4.7
2015-12-17;09:01:31.00;-17.9702;-70.2548;115;4.9
2015-12-17;15:06:50.00;-15.1774;-73.5212;109;4.9
2015-12-17;21:47:53.00;-2.9714;-80.4213;63;4.5
2015-12-19;01:26:20.00;-18.2405;-71.3756;22;4.6
2015-12-19;04:25:25.00;-11.0846;-71.0143;601;4
2015-12-19;05:40:51.00;-10.1111;-75.7029;63;4.6
2015-12-19;07:52:13.00;-7.9647;-79.815;33;4.9
2015-12-19;09:18:23.00;-15.963;-72.6394;115;5
2015-12-19;12:12:15.00;-16.774;-70.5528;17;4.8
2015-12-20;00:08:30.00;-9.3034;-72.6555;144;5
2015-12-20;23:44:29.00;-10.8709;-74.7348;7;4.5
2015-12-21;02:11:40.00;-9.8793;-80.0081;8;4.9
2015-12-22;20:34:16.00;-15.1499;-72.9469;118;5.3
2015-12-23;02:34:21.00;-5.682;-74.6504;43;5.5
2015-12-23;04:14:42.00;-15.2059;-74.9412;59;5.3
2015-12-23;05:38:41.00;-9.633;-75.8812;52;4.9
2015-12-23;21:02:04.00;-7.0784;-77.0363;18;4.6
2015-12-24;03:26:42.00;-13.3735;-72.3595;49;4.5
2015-12-24;13:12:31.00;-16.1882;-74.2866;19;4.8
2015-12-24;22:42:10.00;-13.5385;-72.6112;10;4.5
2015-12-25;02:32:59.00;-15.6627;-72.0961;19;4.5
2015-12-25;05:33:00.00;-14.9143;-73.6102;110;5
2015-12-25;06:58:07.00;-10.8064;-78.4637;31;5
2015-12-25;08:01:15.00;-16.8187;-72.6742;47;4.5
2015-12-26;11:42:17.00;-18.3677;-70.1629;24;4.5
2015-12-26;15:46:35.00;-9.7635;-75.9496;6;4.5
2015-12-26;19:40:46.00;-7.4893;-79.9739;41;4.6
2015-12-26;22:04:53.00;-14.9556;-72.0326;131;4.8
2015-12-28;03:10:56.00;-15.5419;-73.4109;107;4.6
2015-12-28;06:03:06.00;-15.7671;-71.7349;148;4.7
2015-12-28;07:05:07.00;-18.294;-71.8601;29;4.5
2015-12-28;09:38:12.00;-5.9071;-77.2801;27;4.7
2015-12-28;15:46:37.00;-3.8434;-80.6187;29;4.7
2015-12-29;04:59:31.00;-13.7473;-76.4634;58;4.8
2015-12-29;09:28:05.00;-7.3275;-74.7588;182;5.2
2015-12-30;04:22:31.00;-2.4881;-77.0626;177;4.8
2015-12-30;11:38:28.00;-14.9379;-75.2598;48;4.5
2015-12-30;16:18:51.00;-15.8723;-72.0236;139;4.7
2015-12-31;10:59:45.00;-5.0399;-80.2095;48;4.8
2016-01-01;02:26:04.00;-6.3581;-80.8043;28;4.6
2016-01-01;04:18:55.00;-8.966;-79.1276;40;4.8
2016-01-01;10:51:52.00;-8.1201;-79.7685;34;4.9
2016-01-02;00:55:35.00;-10.3774;-75.4678;11;4.8
2016-01-03;04:09:50.00;-17.2066;-69.9788;207;4.5
2016-01-03;11:08:34.00;-10.7827;-70.7808;633;4.3
2016-01-03;18:45:53.00;-7.1573;-76.6896;144;5.3
2016-01-04;08:07:58.00;-4.5281;-77.0203;142;4.7
2016-01-04;19:01:50.00;-9.7399;-78.7325;36;5
2016-01-05;02:25:17.00;-8.0464;-74.4788;182;5.3
2016-01-05;03:21:04.00;-5.5172;-76.4326;131;4.5
2016-01-05;03:53:34.00;-6.4643;-79.9416;64;4.5
2016-01-05;05:14:36.00;-7.1193;-78.5569;10;4.9
2016-01-05;06:23:11.00;-7.2486;-78.6759;111;4.6
2016-01-05;08:22:35.00;-8.1015;-80.0767;30;5.1
2016-01-06;02:00:20.00;-14.9198;-75.9983;17;4.7
2016-01-06;02:13:28.00;-18.2159;-71.4216;10;4.7
2016-01-07;14:55:42.00;-6.7345;-77.1824;21;5.1
2016-01-07;22:33:03.00;-6.1995;-76.7544;140;4.6
2016-01-08;02:17:23.00;-13.2916;-70.6216;41;5
2016-01-08;03:14:16.00;-13.2673;-69.711;123;5.3
2016-01-08;15:34:45.00;-7.7034;-74.4887;176;4.5
2016-01-08;16:25:30.00;-6.8294;-80.4328;52;4.5
2016-01-08;21:04:59.00;-16.118;-71.9789;19;4.8
2016-01-09;05:10:58.00;-5.4854;-76.3876;79;4.6
2016-01-09;10:25:22.00;-14.9842;-71.4905;172;4.8
2016-01-10;00:46:45.00;-6.6543;-79.9476;54;4.7
2016-01-10;02:19:00.00;-4.5262;-77.811;12;4.6
2016-01-10;03:29:17.00;-6.7552;-77.1815;11;5.3
2016-01-10;08:57:48.00;-14.8041;-75.525;46;4.7
2016-01-10;16:35:20.00;-16.3868;-72.3877;115;4.5
2016-01-10;16:41:59.00;-9.6555;-78.8761;49;4.5
2016-01-11;00:36:10.00;-10.7856;-78.5642;27;4.8
2016-01-11;09:58:33.00;-11.5257;-73.1383;33;4.9
2016-01-11;22:23:27.00;-15.6611;-72.1527;13;4.5
2016-01-12;11:50:56.00;-9.1106;-74.9694;114;4.2
2016-01-12;14:09:52.00;-15.5237;-70.7563;222;4.9
2016-01-12;19:12:19.00;-16.4757;-72.7412;58;4.8
2016-01-12;20:23:59.00;-14.6896;-73.6901;114;4.5
2016-01-13;00:15:21.00;-5.9329;-77.5106;113;4.5
2016-01-13;04:02:20.00;-4.8593;-80.9689;40;4.6
2016-01-13;07:09:44.00;-7.9231;-74.6404;151;5
2016-01-13;07:30:06.00;-5.9532;-81.0986;8;4.9
2016-01-13;07:52:38.00;-16.2329;-73.7889;44;4.8
2016-01-13;08:22:08.00;-17.9263;-70.8839;49;5.1
2016-01-13;09:02:21.00;-7.3751;-75.9512;133;4.5
2016-01-13;10:41:21.00;-16.4367;-74.0206;9;4.8
2016-01-13;13:45:30.00;-5.3839;-80.2549;79;4.8
2016-01-13;20:05:32.00;-15.5007;-75.4463;25;4.5
2016-01-14;04:39:01.00;-6.0924;-76.7157;126;4.6
2016-01-14;06:05:49.00;-16.1057;-71.9867;12;4.6
2016-01-14;07:03:11.00;-6.0689;-76.5709;96;4.5
2016-01-14;07:35:46.00;-10.0293;-75.7289;17;4.9
2016-01-14;11:34:09.00;-6.1098;-76.9042;22;4.5
2016-01-14;11:48:34.00;-5.904;-76.558;98;4.8
2016-01-14;13:26:38.00;-5.9851;-76.663;130;4.7
2016-01-14;15:22:10.00;-6.0392;-76.697;158;4.6
2016-01-14;17:43:02.00;-16.4136;-73.5862;8;5.3
2016-01-14;18:30:55.00;-15.6486;-72.136;12;5
2016-01-15;03:02:15.00;-7.6278;-81.1498;20;4.5
2016-01-15;09:56:10.00;-9.3574;-74.8331;13;4.6
2016-01-15;12:24:03.00;-5.771;-77.3984;22;4.5
2016-01-16;05:25:33.00;-17.6025;-71.2687;39;4.6
2016-01-16;10:28:08.00;-10.5446;-74.2493;156;4.8
2016-01-16;10:59:09.00;-3.9209;-81.2274;33;4.9
2016-01-16;21:39:14.00;-7.7883;-80.2365;39;5
2016-01-16;23:31:55.00;-8.1358;-74.6087;168;4.5
2016-01-17;02:31:34.00;-13.0696;-75.0124;94;4.6
2016-01-17;09:17:04.00;-17.6078;-70.344;134;4.6
2016-01-18;01:28:38.00;-6.0285;-75.1406;47;4.8
2016-01-19;01:11:38.00;-8.2046;-74.4608;169;5.4
2016-01-19;02:04:32.00;-14.0488;-73.0141;115;5.6
2016-01-19;03:28:23.00;-5.5877;-81.101;37;4.7
2016-01-19;04:57:14.00;-4.3386;-78.0092;33;4.6
2016-01-19;05:45:23.00;-17.528;-72.9801;48;4.5
2016-01-19;06:41:58.00;-7.4293;-79.8199;40;4.5
2016-01-19;08:28:09.00;-12.9175;-73.9746;76;4.7
2016-01-19;12:52:09.00;-8.0685;-75.3305;121;5.3
2016-01-19;22:12:44.00;-14.5884;-73.5887;112;5.1
2016-01-20;08:14:39.00;-9.8268;-78.8868;33;4.5
2016-01-20;12:01:09.00;-15.9469;-74.1402;57;5.4
2016-01-20;23:20:50.00;-15.336;-73.0727;107;4.8
2016-01-21;03:20:23.00;-15.8308;-72.9885;99;4.5
2016-01-21;11:44:46.00;-6.0493;-81.4521;27;4.8
2016-01-21;12:06:53.00;-6.0111;-81.3778;29;4.5
2016-01-21;13:01:21.00;-5.9709;-81.4495;27;4.8
2016-01-21;17:38:24.00;-8.6055;-74.9102;138;4.5
2016-01-22;09:19:51.00;-12.5629;-77.2841;31;4.5
2016-01-22;19:11:57.00;-8.7535;-74.6993;150;5
2016-01-23;07:31:08.00;-16.7395;-72.4391;48;4.9
2016-01-23;08:46:18.00;-17.1317;-71.4798;76;4.9
2016-01-23;12:54:27.00;-5.7652;-77.4145;14;4.6
2016-01-24;00:51:32.00;-16.1325;-74.2831;29;4.5
2016-01-24;05:24:33.00;-8.8099;-74.6487;170;5.2
2016-01-24;17:12:01.00;-18.3264;-71.4951;6;4.9
2016-01-25;06:43:46.00;-6.0982;-76.8482;21;4.6
2016-01-25;08:28:05.00;-5.935;-76.6991;101;5.1
2016-01-25;10:46:13.00;-6.102;-76.8232;31;4.5
2016-01-25;11:54:59.00;-15.7358;-74.0023;93;4.7
2016-01-25;19:51:32.00;-9.1908;-79.5171;12;4.6
2016-01-27;05:49:14.00;-5.7673;-79.3754;106;4.5
2016-01-27;07:54:31.00;-6.0684;-76.8967;11;4.9
2016-01-27;10:30:06.00;-10.3892;-74.7064;152;4.9
2016-01-29;00:55:00.00;-14.6897;-73.6909;126;4.7
2016-01-29;01:17:07.00;-3.9127;-81.2758;33;4.9
2016-01-29;08:41:10.00;-12.2197;-77.6932;32;4.5
2016-01-29;16:06:45.00;-15.7272;-71.8249;13;4.6
2016-01-29;16:22:21.00;-8.8093;-79.4435;37;4.7
2016-01-29;17:27:11.00;-6.115;-76.8515;31;4.6
2016-01-30;06:49:08.00;-7.7312;-74.7456;159;4.8
2016-01-30;09:30:36.00;-8.83;-79.4472;35;4.7
2016-01-30;11:30:38.00;-16.1736;-72.3997;113;4.5
2016-01-30;13:04:04.00;-7.1542;-78.1226;24;4.5
2016-01-30;19:55:30.00;-9.7576;-78.7432;39;4.6
2016-01-30;20:27:33.00;-10.4745;-78.6188;23;4.5
2016-01-30;23:41:30.00;-4.3971;-76.9295;100;4.5
2016-01-31;07:41:50.00;-8.2192;-74.3335;176;5.7
2016-01-31;08:59:40.00;-7.5688;-74.8281;172;4.6
2016-01-31;10:10:57.00;-15.055;-72.4394;98;4.5
2016-01-31;11:40:38.00;-8.2759;-74.5384;180;4.9
2016-02-02;13:16:44.00;-4.6837;-78.762;142;4.5
2016-02-03;04:45:05.00;-5.5755;-77.2461;134;5
2016-02-03;09:27:49.00;-7.0951;-80.7599;20;4.9
2016-02-04;02:26:15.00;-9.2961;-79.4537;20;4.7
2016-02-04;09:42:06.00;-12.2494;-73.2452;21;4.6
2016-02-04;10:09:11.00;-15.5901;-70.4246;242;4.5
2016-02-05;17:44:44.00;-7.6085;-74.809;151;5.1
2016-02-05;17:51:50.00;-16.7552;-69.9441;203;4.8
2016-02-06;06:20:23.00;-8.8511;-74.5703;143;5
2016-02-07;05:30:31.00;-15.4493;-75.3308;44;4.5
2016-02-07;11:33:01.00;-16.0546;-70.0867;247;4.6
2016-02-08;11:23:36.00;-16.1661;-73.1258;93;4.6
2016-02-09;08:18:58.00;-15.6217;-73.4594;101;5.3
2016-02-09;11:07:38.00;-8.4014;-74.2754;184;4.9
2016-02-10;11:35:32.00;-4.6181;-79.6354;98;4.7
2016-02-11;22:25:27.00;-5.9893;-76.5564;115;4.9
2016-02-12;04:12:18.00;-17.835;-69.6948;165;4.9
2016-02-12;05:23:47.00;-4.4844;-77.9456;17;4.5
2016-02-12;06:26:24.00;-6.2467;-76.5287;121;4.6
2016-02-12;06:50:33.00;-16.547;-72.4217;88;5.1
2016-02-13;03:46:45.00;-17.1179;-71.0219;121;5.6
2016-02-13;04:32:23.00;-12.8961;-74.0048;80;4.5
2016-02-15;07:46:15.00;-11.8889;-77.5875;31;4.9
2016-02-16;10:46:26.00;-16.8227;-73.8856;31;5.9
2016-02-16;11:11:30.00;-16.4683;-73.6415;11;4.7
2016-02-16;11:33:50.00;-16.4945;-73.6617;20;4.5
2016-02-16;12:16:38.00;-2.575;-80.8474;140;4.9
2016-02-16;13:57:38.00;-16.5945;-73.6531;28;4.9
2016-02-16;22:23:50.00;-15.7455;-73.1266;104;5
2016-02-17;03:37:47.00;-7.8101;-76.2006;142;4.6
2016-02-17;06:52:03.00;-12.801;-77.1891;51;4.5
2016-02-17;09:12:17.00;-16.5828;-73.6809;7;4.6
2016-02-17;09:12:19.00;-8.777;-74.6755;147;4.5
2016-02-17;15:15:31.00;-8.2755;-79.7693;35;4.5
2016-02-17;23:57:53.00;-9.6559;-75.8462;8;4.8
2016-02-18;03:55:11.00;-16.5662;-73.7136;20;4.6
2016-02-18;20:48:54.00;-16.826;-74.2212;18;4.8
2016-02-18;21:09:44.00;-7.9012;-77.884;22;4.5
2016-02-19;16:27:55.00;-10.4874;-78.346;11;4.5
2016-02-19;23:27:59.00;-18.5752;-71.0293;25;4.7
2016-02-20;00:40:02.00;-15.7333;-71.7744;13;4.9
2016-02-20;02:05:48.00;-15.717;-71.7548;6;5.3
2016-02-21;07:55:34.00;-15.0171;-72.0124;143;4.7
2016-02-22;01:52:30.00;-9.9043;-78.8442;33;4.9
2016-02-22;03:37:17.00;-10.475;-75.3698;10;4.8
2016-02-22;05:01:25.00;-8.4477;-74.3629;205;5
2016-02-22;06:36:08.00;-8.1848;-74.3798;154;4.5
2016-02-22;07:01:52.00;-9.7578;-78.7154;47;4.9
2016-02-22;07:58:04.00;-3.9457;-76.8278;61;4.8
2016-02-22;09:03:11.00;-18.4155;-71.0807;28;4.8
2016-02-22;17:51:48.00;-8.1885;-74.4309;191;4.9
2016-02-22;20:29:35.00;-15.7067;-71.8012;7;5.2
2016-02-23;03:09:12.00;-7.2133;-80.7885;33;4.6
2016-02-23;05:09:34.00;-8.7847;-79.3919;47;4.8
2016-02-24;05:36:52.00;-6.7286;-76.2365;114;4.5
2016-02-24;08:24:15.00;-15.6613;-70.3904;223;4.5
2016-02-24;12:34:24.00;-12.7563;-76.9068;55;4.5
2016-02-24;14:26:34.00;-8.6268;-74.5177;150;4.8
2016-02-24;14:48:19.00;-16.1552;-72.383;128;4.6
2016-02-24;18:01:49.00;-15.7159;-71.7564;11;4.6
2016-02-25;02:52:02.00;-3.8755;-80.7673;36;4.6
2016-02-26;05:51:15.00;-13.6812;-76.5513;48;4.6
2016-02-26;07:18:51.00;-6.7846;-75.782;165;4.8
2016-02-26;13:09:52.00;-4.9176;-80.9844;47;4.9
2016-02-26;13:20:48.00;-13.5114;-76.6355;18;4.6
2016-02-28;14:50:50.00;-15.7457;-71.7549;12;4.8
2016-02-28;19:05:43.00;-13.8662;-69.413;107;5.3
2016-02-28;21:50:11.00;-5.6215;-77.4616;150;4.5
2016-02-29;09:21:24.00;-8.7724;-79.108;53;4.5
2016-03-01;01:23:59.00;-18.3988;-70.8905;129;4.6
2016-03-01;01:48:14.00;-15.3732;-74.1987;38;4.5
2016-03-01;02:30:07.00;-15.1571;-76.3357;20;5.1
2016-03-01;08:50:09.00;-7.7655;-74.5606;170;5.4
2016-03-01;09:27:22.00;-10.4989;-78.885;22;4.9
2016-03-02;04:09:51.00;-6.3147;-76.0881;122;4.6
2016-03-02;09:49:55.00;-18.6462;-70.7735;40;5.3
2016-03-02;11:22:28.00;-11.1957;-75.8983;10;4.6
2016-03-02;23:31:56.00;-11.9397;-77.7723;46;4.7
2016-03-03;01:31:32.00;-10.9619;-74.7821;10;4.6
2016-03-03;06:31:53.00;-14.7057;-73.8537;105;4.9
2016-03-03;10:09:40.00;-16.1245;-73.9781;47;5.3
2016-03-03;12:23:34.00;-6.576;-76.0095;26;4.5
2016-03-04;09:24:51.00;-15.7122;-72.3589;133;4.7
2016-03-06;02:23:27.00;-14.7356;-76.1574;21;4.5
2016-03-06;06:34:20.00;-14.7562;-76.4016;24;4.9
2016-03-06;07:32:40.00;-7.9538;-79.7706;30;4.6
2016-03-06;08:03:47.00;-9.3731;-79.3199;41;4.5
2016-03-06;11:29:28.00;-17.3461;-69.9681;143;4.2
2016-03-06;13:06:14.00;-14.9551;-76.2338;11;5
2016-03-06;13:46:19.00;-14.8763;-76.0033;18;4.6
2016-03-06;15:38:21.00;-14.8506;-76.4815;27;4.8
2016-03-06;16:23:09.00;-18.08;-70.3846;99;5.1
2016-03-06;17:20:20.00;-10.9345;-74.9133;20;4.6
2016-03-06;23:35:46.00;-5.0628;-79.4474;113;4.5
2016-03-07;15:16:45.00;-17.866;-70.4028;118;4.5
2016-03-07;15:31:37.00;-18.5761;-69.8443;151;4.6
2016-03-08;03:13:59.00;-18.0225;-69.4967;173;4.6
2016-03-08;07:53:13.00;-13.9048;-75.3314;106;4.7
2016-03-08;13:12:11.00;-8.3794;-79.9908;29;4.6
2016-03-09;03:04:39.00;-16.802;-70.5603;10;4.5
2016-03-09;07:47:12.00;-5.5562;-76.9793;127;4.7
2016-03-09;14:45:39.00;-14.64;-72.724;120;4.6
2016-03-10;03:22:44.00;-5.4585;-77.9675;13;4.7
2016-03-10;16:22:36.00;-17.5428;-71.4006;13;4.5
2016-03-11;04:49:09.00;-14.6676;-74.4834;151;4.5
2016-03-11;23:41:53.00;-14.0927;-72.9532;112;4.8
2016-03-12;00:13:51.00;-7.7062;-74.7912;178;4.7
2016-03-12;13:30:19.00;-9.4093;-79.073;39;4.8
2016-03-13;05:20:14.00;-17.5217;-69.8051;184;4.6
2016-03-13;11:58:38.00;-3.2189;-81.5841;5;4.6
2016-03-13;12:56:19.00;-11.5786;-73.2002;27;4.6
2016-03-13;13:57:23.00;-13.6515;-74.9861;97;4.6
2016-03-13;15:46:04.00;-5.6994;-77.5887;31;4.7
2016-03-14;03:31:57.00;-8.92;-79.8871;12;4.7
2016-03-14;04:30:50.00;-16.4529;-73.434;32;4.7
2016-03-14;18:24:29.00;-14.2479;-74.2955;97;4.6
2016-03-16;06:43:39.00;-8.3372;-75.307;38;4.6
2016-03-16;16:04:37.00;-9.6242;-74.9488;137;4.9
2016-03-17;01:04:03.00;-16.8158;-69.8912;194;5.1
2016-03-17;07:39:00.00;-8.0624;-76.0621;119;4.7
2016-03-17;12:39:05.00;-3.4794;-79.8806;45;4.5
2016-03-18;04:59:12.00;-13.5635;-72.6124;25;4.5
2016-03-18;08:21:34.00;-8.6662;-75.7625;50;4.7
2016-03-18;14:24:34.00;-3.0381;-78.1803;57;4.5
2016-03-18;17:15:06.00;-8.5606;-74.8002;121;5.2
2016-03-18;19:22:30.00;-7.5768;-74.7918;135;4.7
2016-03-20;06:03:49.00;-5.6563;-78.8393;20;4.9
2016-03-20;12:12:28.00;-9.2092;-75.9598;18;4.7
2016-03-21;03:18:20.00;-4.6288;-80.2323;45;4.6
2016-03-21;04:50:42.00;-4.9065;-76.9196;121;4.7
2016-03-21;08:31:11.00;-5.4646;-77.9603;13;5
2016-03-21;13:01:57.00;-8.7463;-75.7247;140;4.9
2016-03-22;01:55:02.00;-13.3015;-74.6258;74;4.5
2016-03-22;04:52:47.00;-3.4894;-80.186;69;5
2016-03-22;14:15:25.00;-15.1541;-72.487;128;4.6
2016-03-22;22:06:55.00;-13.9367;-75.8315;56;4.5
2016-03-23;00:13:09.00;-14.9094;-72.5419;124;4.6
2016-03-23;04:09:26.00;-16.1581;-69.7438;265;5
2016-03-24;03:14:09.00;-7.5682;-74.6925;155;4.9
2016-03-24;05:54:39.00;-8.7078;-79.3959;42;4.5
2016-03-24;06:04:58.00;-9.1262;-75.2053;123;4.7
2016-03-24;15:44:36.00;-7.5976;-81.1543;20;4.5
2016-03-25;01:58:37.00;-14.8441;-75.3971;28;4.6
2016-03-25;06:11:52.00;-11.7864;-77.58;52;4.5
2016-03-26;08:27:07.00;-2.7706;-77.8576;170;5
2016-03-26;13:20:00.00;-9.993;-78.7945;20;4.7
2016-03-27;00:00:24.00;-13.0774;-75.0906;91;4.9
2016-03-27;02:08:48.00;-3.6721;-80.8198;19;4.9
2016-03-27;02:42:58.00;-12.0893;-77.3181;56;4.7
2016-03-27;08:56:58.00;-14.4442;-75.7727;52;5
2016-03-29;02:45:34.00;-10.3915;-78.5927;24;4.8
2016-03-29;06:17:25.00;-9.6946;-80.0028;13;5
2016-03-29;08:42:31.00;-7.5025;-75.6287;142;4.6
2016-03-29;09:55:27.00;-8.9673;-74.9116;32;4.5
2016-03-29;11:58:19.00;-16.9381;-71.7268;21;4.5
2016-03-30;13:47:01.00;-16.7675;-70.5807;13;4.7
2016-04-01;02:42:41.00;-14.5542;-73.3986;114;4.8
2016-04-01;15:28:49.00;-16.4251;-72.1415;40;4.9
2016-04-01;17:27:53.00;-17.406;-69.9044;178;4.5
2016-04-03;05:41:42.00;-17.0154;-69.5965;195;5.4
2016-04-03;12:28:26.00;-16.6531;-72.4829;70;4.5
2016-04-03;20:34:43.00;-17.5004;-69.7583;187;4.8
2016-04-04;17:31:48.00;-4.6194;-76.3881;90;4.8
2016-04-04;21:35:43.00;-9.7987;-79.9638;19;4.8
2016-04-05;08:48:43.00;-14.4579;-73.003;128;4.7
2016-04-05;11:02:15.00;-15.0036;-74.1102;108;4.6
2016-04-05;11:55:04.00;-16.4551;-72.745;95;4.7
2016-04-06;08:31:53.00;-17.7571;-69.6812;188;4.5
2016-04-06;11:23:34.00;-15.112;-75.1098;48;4.8
2016-04-06;12:29:57.00;-15.204;-74.2025;111;4.8
2016-04-06;19:01:14.00;-7.6275;-74.316;173;4.7
2016-04-06;23:39:15.00;-15.5344;-71.7021;158;4.5
2016-04-07;01:35:52.00;-15.9025;-69.4387;287;4.9
2016-04-07;04:40:03.00;-17.7155;-71.6526;31;4.7
2016-04-07;11:54:48.00;-8.7544;-75.4634;161;4.8
2016-04-07;15:26:31.00;-14.6158;-76.2952;19;5
2016-04-07;20:32:11.00;-9.7763;-75.7076;36;4.6
2016-04-07;23:21:04.00;-15.7381;-71.7436;13;4.5
2016-04-08;08:44:27.00;-18.3278;-69.5944;164;4.6
2016-04-08;14:49:52.00;-10.1293;-78.8226;42;4.6
2016-04-09;07:15:08.00;-4.2027;-78.3815;19;5.3
2016-04-09;22:28:56.00;-5.2358;-80.0928;57;4.8
2016-04-11;02:43:26.00;-15.5042;-73.9368;99;4.7
2016-04-11;15:22:38.00;-8.5292;-74.9826;153;4.5
2016-04-12;01:45:50.00;-8.7466;-75.6948;41;4.6
2016-04-12;07:00:02.00;-5.6383;-76.9924;112;4.6
2016-04-13;02:48:44.00;-15.8886;-71.7406;159;4.8
2016-04-13;12:18:44.00;-7.8668;-74.6746;165;4.5
2016-04-13;20:16:48.00;-5.3823;-81.8007;36;4.8
2016-04-13;23:30:40.00;-15.6585;-75.3314;33;4.8
2016-04-14;05:04:50.00;-6.3827;-72.9674;211;4.9
2016-04-14;18:35:45.00;-17.1048;-70.7575;16;4.5
2016-04-14;22:39:56.00;-8.867;-75.6945;171;4.7
2016-04-14;22:50:45.00;-12.4918;-76.5419;99;4.9
2016-04-15;03:11:53.00;-9.6519;-78.071;124;4.5
2016-04-15;22:34:11.00;-11.7411;-77.0311;98;4.7
2016-04-16;01:49:27.00;-5.7098;-81.8531;35;4.5
2016-04-18;21:36:02.00;-17.7042;-70.0239;170;4.7
2016-04-19;10:41:35.00;-18.0332;-70.4169;102;4.6
2016-04-21;06:47:37.00;-4.3673;-81.5865;27;4.5
2016-04-22;20:22:33.00;-2.6055;-77.3275;141;4.7
2016-04-22;23:16:46.00;-8.811;-74.7322;149;4.7
2016-04-23;05:30:34.00;-10.558;-75.4788;9;4.5
2016-04-24;00:20:55.00;-17.9897;-70.3816;112;4.5
2016-04-24;19:33:15.00;-4.5751;-77.9146;98;4.9
2016-04-25;10:19:53.00;-5.5029;-75.5;37;4.7
2016-04-26;02:08:01.00;-10.0571;-78.854;44;5
2016-04-26;11:44:40.00;-17.0676;-72.8856;34;4.8
2016-04-27;10:34:46.00;-16.7829;-69.7817;220;4.8
2016-04-28;04:04:16.00;-13.2571;-76.7833;64;4.7
2016-04-28;07:00:42.00;-8.5532;-79.5841;43;4.8
2016-04-29;04:09:38.00;-3.1887;-77.7987;39;4.7
2016-04-29;06:33:19.00;-15.4907;-73.1993;127;5.1
2016-04-30;21:06:34.00;-7.8394;-74.7109;175;5.1
2016-05-02;01:20:14.00;-11.7575;-77.8409;58;4.5
2016-05-02;06:02:52.00;-17.8297;-70.4608;33;4.7
2016-05-02;22:14:30.00;-15.0154;-73.0565;114;4.6
2016-05-02;22:59:08.00;-13.9522;-74.5945;109;4.5
2016-05-02;22:59:15.00;-4.0939;-77.8464;30;4.6
2016-05-03;07:51:13.00;-18.4317;-70.2758;54;4.5
2016-05-03;08:15:42.00;-15.4619;-71.6368;156;4.8
2016-05-03;09:17:18.00;-17.4361;-69.9187;12;4.8
2016-05-04;02:25:17.00;-8.8234;-74.98;157;4.6
2016-05-04;03:29:31.00;-8.7328;-79.9224;11;4.8
2016-05-04;10:28:05.00;-17.5295;-73.6165;32;4.9
2016-05-04;22:39:33.00;-15.8062;-71.5783;163;4.7
2016-05-05;05:42:24.00;-17.7254;-72.9713;11;4.5
2016-05-05;20:54:07.00;-8.8332;-77.573;116;4.8
2016-05-06;00:48:17.00;-2.7701;-77.6767;30;4.9
2016-05-06;03:12:15.00;-11.4621;-78.0221;38;4.6
2016-05-06;05:21:42.00;-2.808;-77.8796;157;4.7
2016-05-06;07:23:06.00;-3.83;-77.8071;20;4.6
2016-05-06;10:50:13.00;-16.7409;-71.1068;131;4.6
2016-05-06;14:52:23.00;-11.8017;-77.763;46;5.2
2016-05-06;14:56:03.00;-6.3581;-76.4766;43;4.5
2016-05-06;21:16:54.00;-10.9803;-78.2878;58;4.5
2016-05-06;23:10:54.00;-8.7959;-74.5941;163;5.6
2016-05-07;04:37:58.00;-2.8394;-80.4996;72;4.6
2016-05-07;16:29:20.00;-13.0782;-73.2316;5;4.6
2016-05-07;19:14:32.00;-14.4397;-76.2903;18;4.7
2016-05-08;02:57:48.00;-15.9881;-72.1172;138;4.7
2016-05-08;07:17:12.00;-13.761;-74.6991;92;4.7
2016-05-08;10:31:04.00;-8.0994;-78.479;128;4.6
2016-05-08;18:02:51.00;-3.3192;-80.7653;28;4.5
2016-05-08;18:34:48.00;-3.4691;-80.8034;17;4.5
2016-05-09;01:22:43.00;-7.2171;-75.0613;167;5.1
2016-05-09;09:04:34.00;-17.0024;-69.8167;197;4.9
2016-05-09;17:32:31.00;-3.9689;-77.8396;22;4.6
2016-05-09;19:38:17.00;-11.9398;-75.6823;109;4.6
2016-05-09;22:47:58.00;-11.6997;-76.3369;119;4.6
2016-05-10;00:12:58.00;-2.7562;-80.4571;87;4.5
2016-05-10;02:23:06.00;-9.0541;-80.1492;19;4.8
2016-05-10;19:13:20.00;-7.3229;-80.3142;28;4.5
2016-05-11;03:13:40.00;-16.6089;-72.5392;74;4.8
2016-05-11;04:43:05.00;-15.049;-75.6249;36;4.5
2016-05-11;06:54:00.00;-10.2032;-74.8433;153;4.6
2016-05-11;10:11:12.00;-6.2346;-75.3634;41;4.6
2016-05-11;21:01:43.00;-8.001;-74.6955;170;5.4
2016-05-12;22:52:15.00;-8.4556;-79.8137;49;4.6
2016-05-12;23:09:27.00;-15.8723;-75.0261;20;5.4
2016-05-14;03:06:49.00;-15.526;-72.597;132;4.7
2016-05-14;05:00:13.00;-16.2235;-69.6678;228;4.8
2016-05-14;11:59:01.00;-7.592;-75.9008;42;4.5
2016-05-15;00:19:03.00;-16.7522;-70.8762;147;4.7
2016-05-15;02:55:24.00;-9.3175;-79.092;49;4.7
2016-05-15;06:38:08.00;-8.4626;-74.7606;138;4.9
2016-05-15;10:04:38.00;-17.8687;-69.6427;186;4.5
2016-05-16;00:51:08.00;-13.711;-73.1024;16;4.9
2016-05-16;02:35:39.00;-8.4878;-80.1046;19;4.5
2016-05-16;05:45:36.00;-16.1756;-74.4462;28;4.7
2016-05-19;07:29:33.00;-8.2344;-76.0435;15;4.5
2016-05-20;07:03:03.00;-13.6108;-76.2815;40;4.6
2016-05-20;08:03:53.00;-15.0774;-71.9694;139;4.6
2016-05-21;01:22:42.00;-2.546;-77.4297;165;4.7
2016-05-21;13:41:50.00;-13.5431;-76.025;61;4.8
2016-05-22;08:36:42.00;-16.4094;-74.2332;29;4.5
2016-05-23;15:07:19.00;-7.5541;-76.2339;51;4.5
2016-05-24;00:29:37.00;-18.6267;-69.7803;127;5.3
2016-05-24;03:27:02.00;-17.4163;-72.2789;17;4.7
2016-05-24;05:36:01.00;-14.4111;-76.367;20;4.5
2016-05-24;06:43:11.00;-15.1706;-72.3769;125;4.9
2016-05-24;07:39:48.00;-16.4315;-72.4586;104;4.5
2016-05-26;09:14:40.00;-8.046;-74.7541;137;4.7
2016-05-26;12:42:41.00;-15.8313;-71.5259;155;4.7
2016-05-26;16:58:40.00;-10.9173;-75.543;137;4.6
2016-05-27;10:00:45.00;-8.4482;-75.1331;156;5.4
2016-05-27;13:27:29.00;-5.2492;-81.1225;34;4.6
2016-05-28;01:49:09.00;-9.1684;-80.0648;22;4.5
2016-05-28;02:09:41.00;-15.5828;-74.0798;117;4.5
2016-05-28;10:47:12.00;-14.8808;-72.8622;114;4.6
2016-05-28;11:57:06.00;-17.854;-69.7012;18;4.5
2016-05-29;10:11:49.00;-14.2469;-73.3568;114;4.7
2016-05-29;10:56:02.00;-12.6663;-76.9174;24;4.5
2016-05-29;14:16:21.00;-16.992;-72.1964;61;4.6
2016-05-30;07:16:45.00;-6.1841;-76.3057;30;4.7
2016-05-30;10:01:49.00;-16.1861;-73.0155;29;4.7
2016-05-30;18:09:50.00;-10.6685;-78.4139;55;4.7
2016-05-31;02:17:18.00;-6.0072;-75.4755;42;4.6
2016-05-31;10:28:23.00;-6.7669;-76.803;116;4.5
2016-05-31;12:35:58.00;-8.4476;-80.8811;25;4.5
2016-05-31;13:05:29.00;-8.3426;-75.0053;56;4.7
2016-05-31;15:31:12.00;-3.7907;-81.0956;20;4.5
2016-05-31;18:42:48.00;-14.6819;-76.092;15;4.7
2016-06-01;00:51:08.00;-15.9596;-69.5049;284;4.9
2016-06-01;02:31:45.00;-8.6648;-74.5127;165;4.7
2016-06-01;17:47:48.00;-15.6684;-72.63;132;4.6
2016-06-01;21:26:32.00;-16.7965;-70.6998;13;4.8
2016-06-01;21:31:01.00;-13.6188;-75.2801;71;5.6
2016-06-02;00:01:25.00;-16.8079;-70.6242;16;5
2016-06-02;05:38:10.00;-15.2959;-74.4203;98;4.6
2016-06-02;11:16:53.00;-16.8335;-70.5251;16;4.9
2016-06-02;23:58:26.00;-16.8442;-70.5433;14;4.5
2016-06-03;04:12:19.00;-16.842;-70.6055;9;4.9
2016-06-03;07:53:25.00;-15.074;-72.2384;137;4.8
2016-06-03;13:45:20.00;-2.5097;-77.4515;151;5
2016-06-04;02:40:43.00;-9.8967;-74.931;13;4.6
2016-06-04;15:50:43.00;-8.3394;-75.2081;122;4.7
2016-06-05;02:54:02.00;-8.1643;-79.8554;34;4.5
2016-06-05;04:07:04.00;-16.034;-74.2203;24;5.3
2016-06-05;04:52:54.00;-15.4087;-71.2388;175;4.7
2016-06-06;00:51:14.00;-11.0078;-74.0887;144;5.1
2016-06-06;05:39:14.00;-16.7995;-70.5677;13;4.6
2016-06-06;08:55:04.00;-14.5523;-74.1325;106;4.5
2016-06-06;14:26:12.00;-18.3976;-71.1664;29;4.6
2016-06-07;06:47:24.00;-12.045;-76.6462;96;4.5
2016-06-07;13:28:11.00;-14.2866;-73.1118;134;4.8
2016-06-08;20:18:27.00;-4.312;-76.9225;132;5.3
2016-06-09;01:36:37.00;-16.8885;-70.108;176;4.5
2016-06-10;00:54:06.00;-11.6005;-74.2114;138;4.7
2016-06-10;02:18:56.00;-8.5063;-74.5787;182;5
2016-06-10;05:54:36.00;-9.8547;-75.8945;140;4.8
2016-06-10;12:53:02.00;-4.8727;-80.8557;32;4.6
2016-06-10;19:40:43.00;-15.7894;-75.2525;30;4.7
2016-06-11;06:44:19.00;-4.2837;-80.8054;35;4.5
2016-06-11;14:05:04.00;-6.0586;-80.139;56;4.7
2016-06-13;07:31:45.00;-16.3532;-69.8929;217;4.5
2016-06-13;08:05:22.00;-8.5079;-76.198;11;4.5
2016-06-13;19:14:19.00;-8.3535;-74.3576;152;4.8
2016-06-13;19:37:24.00;-10.3574;-74.7803;19;4.8
2016-06-13;21:21:14.00;-5.7145;-76.776;14;4.5
2016-06-14;12:53:49.00;-7.2642;-79.757;45;5
2016-06-14;15:14:03.00;-8.0114;-80.5734;29;4.5
2016-06-15;11:41:45.00;-3.8624;-80.6218;33;4.5
2016-06-15;18:23:10.00;-8.5655;-74.221;195;5.1
2016-06-16;08:16:14.00;-7.8006;-75.107;18;4.5
2016-06-16;10:54:44.00;-8.246;-74.4679;159;4.6
2016-06-16;18:32:23.00;-15.6731;-70.4735;238;5
2016-06-16;23:32:18.00;-17.9459;-69.7641;188;4.8
2016-06-17;02:40:38.00;-7.6153;-74.843;150;4.6
2016-06-17;23:02:25.00;-16.0588;-72.3603;122;4.5
2016-06-18;00:05:12.00;-18.1152;-70.0515;143;4.8
2016-06-18;15:06:59.00;-14.753;-70.8046;210;4.9
2016-06-19;06:33:13.00;-16.9299;-69.8443;207;5
2016-06-19;06:36:43.00;-16.9256;-69.885;200;4.9
2016-06-20;03:56:43.00;-3.3983;-80.2184;66;4.6
2016-06-20;10:44:47.00;-12.7044;-76.9297;23;4.5
2016-06-20;11:33:57.00;-13.6322;-74.4403;114;4.5
2016-06-20;13:55:24.00;-16.2234;-71.7103;133;4.5
2016-06-21;10:25:51.00;-17.5476;-71.4138;39;4.9
2016-06-21;18:01:01.00;-11.6455;-77.8703;71;4.5
2016-06-22;17:41:56.00;-15.0193;-71.0008;179;5.3
2016-06-24;12:20:04.00;-14.9893;-72.9229;123;4.9
2016-06-24;22:13:35.00;-4.8216;-79.0997;116;4.5
2016-06-25;12:34:16.00;-8.7743;-75.687;49;4.5
2016-06-26;02:17:50.00;-11.0609;-74.0971;128;4.8
2016-06-26;04:02:34.00;-10.6344;-78.1101;66;4.8
2016-06-26;07:36:15.00;-17.8644;-69.9748;178;4.5
2016-06-27;04:15:42.00;-3.2686;-80.0133;88;4.8
2016-06-28;07:06:33.00;-5.1105;-76.3905;50;4.5
2016-06-28;22:37:02.00;-8.3743;-74.5605;164;4.6
2016-06-30;06:01:59.00;-7.7273;-76.7662;18;4.6
2016-07-01;05:33:20.00;-12.7332;-77.0354;60;4.6
2016-07-02;06:34:56.00;-4.9308;-81.0222;44;5.1
2016-07-02;12:52:27.00;-10.5681;-79.8764;31;4.7
2016-07-02;20:16:13.00;-10.4256;-78.6756;28;4.6
2016-07-03;11:45:54.00;-11.3427;-76.8091;119;4.5
2016-07-04;05:42:28.00;-16.6926;-72.2299;83;4.5
2016-07-04;19:03:26.00;-16.4747;-72.3869;86;4.9
2016-07-05;04:36:08.00;-10.6471;-74.546;137;4.6
2016-07-05;17:19:04.00;-8.4696;-80.3499;31;4.7
2016-07-06;01:25:42.00;-7.8603;-79.784;25;4.5
2016-07-06;09:39:19.00;-10.0127;-74.9414;20;4.9
2016-07-06;10:18:51.00;-15.9425;-74.6593;52;4.9
2016-07-06;15:56:23.00;-8.1145;-74.4593;161;4.5
2016-07-09;01:52:19.00;-9.2672;-75.504;125;4.5
2016-07-09;08:07:22.00;-8.1443;-74.5033;164;4.8
2016-07-09;13:44:51.00;-10.7715;-76.3521;128;5
2016-07-10;02:46:23.00;-8.3652;-80.1149;20;4.8
2016-07-11;17:29:14.00;-10.947;-76.7504;116;4.8
2016-07-13;02:12:49.00;-8.749;-74.7149;144;4.6
2016-07-13;06:05:16.00;-18.6741;-71.2171;6;4.5
2016-07-13;07:52:39.00;-14.8664;-75.5158;67;4.5
2016-07-14;20:58:05.00;-3.0013;-77.7208;146;4.6
2016-07-14;22:30:01.00;-9.5771;-72.529;10;4.9
2016-07-15;01:27:01.00;-7.9995;-74.5869;166;5.3
2016-07-15;09:18:32.00;-8.227;-75.3046;170;4.8
2016-07-16;01:16:43.00;-14.2329;-73.6759;101;4.5
2016-07-16;05:19:39.00;-18.0208;-69.8488;137;4.5
2016-07-16;06:53:45.00;-14.8443;-73.7689;98;4.8
2016-07-16;13:15:21.00;-6.2506;-76.1338;50;4.9
2016-07-17;05:10:14.00;-6.5983;-77.1088;42;4.6
2016-07-17;11:57:26.00;-3.0695;-80.4402;59;4.5
2016-07-18;01:35:49.00;-11.3501;-78.1795;59;5.7
2016-07-18;05:55:17.00;-14.8804;-71.8295;136;5.1
2016-07-18;08:51:24.00;-6.721;-76.7487;132;4.6
2016-07-19;15:44:44.00;-12.1142;-77.4208;44;4.5
2016-07-20;16:49:54.00;-8.4522;-78.9148;98;5.3
2016-07-20;19:30:34.00;-10.727;-78.6506;38;4.5
2016-07-21;12:04:41.00;-17.7344;-69.5423;163;4.9
2016-07-21;12:57:52.00;-18.3307;-69.7902;124;4.6
2016-07-21;22:08:55.00;-4.9958;-76.6007;116;4.7
2016-07-25;08:39:25.00;-17.4095;-70.0978;147;4.7
2016-07-26;01:55:39.00;-15.0098;-73.6657;115;4.7
2016-07-26;08:50:08.00;-6.2785;-76.0595;42;5
2016-07-26;19:40:19.00;-14.3092;-74.0186;98;4.6
2016-07-27;14:06:31.00;-7.1944;-76.3398;65;4.9
2016-07-27;19:23:00.00;-14.9578;-75.8037;44;4.7
2016-07-28;04:38:35.00;-13.1711;-77.0976;31;4.8
2016-07-28;14:42:08.00;-8.5056;-75.9617;128;4.5
2016-07-28;18:39:12.00;-14.9798;-75.7368;45;4.5
2016-07-28;20:49:43.00;-14.1989;-76.0276;74;4.7
2016-07-29;16:54:47.00;-15.3053;-72.2301;138;4.7
2016-07-29;18:21:22.00;-13.5811;-76.3108;51;4.7
2016-07-29;19:00:33.00;-16.418;-71.5687;117;4.9
2016-07-30;13:54:36.00;-16.7047;-72.3833;78;4.7
2016-07-30;20:51:42.00;-7.981;-79.7086;106;4.6
2016-07-30;22:37:06.00;-5.3867;-76.5465;96;4.8
2016-08-01;01:23:00.00;-5.5582;-75.4318;32;4.7
2016-08-01;07:24:38.00;-16.3139;-72.618;110;4.9
2016-08-01;07:32:47.00;-8.9775;-76.4897;137;5.1
2016-08-01;12:08:52.00;-12.6769;-76.7702;49;4.5
2016-08-01;15:43:33.00;-9.9492;-78.8775;45;4.9
2016-08-02;03:07:04.00;-14.6123;-72.7271;122;4.6
2016-08-02;13:24:29.00;-9.5923;-75.9797;137;4.5
2016-08-02;22:41:12.00;-15.313;-73.2942;118;4.7
2016-08-03;22:35:41.00;-13.318;-74.8264;112;5.2
2016-08-04;00:04:09.00;-6.6014;-76.038;11;4.5
2016-08-04;06:35:23.00;-9.4894;-78.3995;88;4.5
2016-08-04;10:50:01.00;-17.7412;-70.6686;80;4.5
2016-08-04;11:11:29.00;-8.3852;-80.3203;28;4.5
2016-08-05;19:34:04.00;-18.5585;-69.6136;147;4.8
2016-08-06;01:20:43.00;-15.3598;-73.5181;119;4.5
2016-08-06;14:19:49.00;-16.996;-69.7778;215;4.7
2016-08-07;06:06:35.00;-18.0805;-70.4203;30;4.7
2016-08-08;06:26:10.00;-15.2413;-72.1475;135;4.8
2016-08-08;15:09:39.00;-18.1638;-71.2757;12;4.5
2016-08-08;19:03:17.00;-14.7029;-76.7251;6;5.5
2016-08-08;20:22:55.00;-14.5258;-76.3401;11;5.3
2016-08-08;21:45:01.00;-14.5231;-76.2765;16;5.1
2016-08-09;10:45:20.00;-5.893;-78.8799;14;4.9
2016-08-09;21:13:48.00;-2.6235;-80.4933;101;4.6
2016-08-09;23:09:06.00;-7.944;-74.1526;182;4.9
2016-08-11;05:46:21.00;-7.228;-80.796;13;4.6
2016-08-11;08:38:57.00;-4.8684;-77.579;18;4.6
2016-08-11;09:29:23.00;-13.2327;-76.715;43;4.8
2016-08-11;17:39:37.00;-16.7128;-73.253;35;4.5
2016-08-12;06:24:33.00;-15.2223;-73.6945;118;4.6
2016-08-12;07:01:36.00;-11.1004;-73.3361;28;4.5
2016-08-12;09:20:05.00;-14.1702;-75.8084;68;5
2016-08-12;21:05:29.00;-14.559;-76.3037;10;4.9
2016-08-13;02:24:45.00;-15.0313;-72.5262;125;4.8
2016-08-13;04:34:58.00;-7.6449;-74.5551;164;4.9
2016-08-13;08:22:58.00;-2.9252;-77.0373;164;5.3
2016-08-14;01:32:48.00;-16.9529;-71.6829;81;4.7
2016-08-14;03:17:29.00;-9.9218;-78.9361;30;4.6
2016-08-15;01:45:42.00;-7.1301;-80.8531;35;4.9
2016-08-15;02:58:57.00;-15.6457;-71.672;10;5.6
2016-08-15;03:23:30.00;-7.0441;-80.9764;36;4.9
2016-08-15;11:16:24.00;-5.1794;-79.1814;23;4.8
2016-08-15;21:31:46.00;-8.6356;-74.5777;197;4.8
2016-08-16;19:55:40.00;-15.3402;-73.0253;109;4.5
2016-08-17;12:36:01.00;-16.5284;-71.7337;20;4.9
2016-08-17;12:36:23.00;-11.604;-76.9316;108;5.1
2016-08-18;01:10:10.00;-12.8285;-77.0144;48;4.7
2016-08-18;07:48:02.00;-14.5651;-75.6397;51;4.6
2016-08-19;09:49:12.00;-17.0856;-72.3632;54;5.5
2016-08-21;07:14:02.00;-16.2097;-73.8652;37;5.2
2016-08-21;10:12:32.00;-4.3777;-76.9599;106;4.5
2016-08-21;18:37:59.00;-13.2661;-76.1663;96;4.8
2016-08-22;22:39:02.00;-9.9964;-78.8438;33;4.5
2016-08-23;05:46:56.00;-6.5459;-80.9578;19;4.8
2016-08-23;16:17:54.00;-6.7624;-76.3348;139;5
2016-08-23;21:10:12.00;-15.6165;-71.0387;192;4.5
2016-08-23;22:48:46.00;-8.7779;-79.9477;10;4.8
2016-08-24;06:11:03.00;-16.1281;-72.233;129;4.6
2016-08-26;01:14:41.00;-15.2039;-74.1708;102;4.7
2016-08-26;07:53:29.00;-13.8064;-74.6957;95;4.9
2016-08-26;11:01:10.00;-10.7872;-73.7083;138;5.5
2016-08-26;17:07:15.00;-14.5252;-76.3467;15;4.8
2016-08-26;17:49:24.00;-15.0779;-73.591;126;4.5
2016-08-27;20:19:14.00;-8.228;-76.2777;160;5.2
2016-08-29;01:27:21.00;-18.4759;-70.0754;125;5
2016-08-29;07:53:20.00;-4.0182;-81.6833;7;4.6
2016-08-29;10:36:49.00;-16.4827;-72.5534;92;5.1
2016-08-29;16:54:10.00;-5.1434;-80.5624;72;4.7
2016-08-29;19:53:18.00;-15.96;-74.142;33;5.1
2016-08-30;08:14:43.00;-8.7785;-76.1045;139;4.9
2016-08-30;17:19:15.00;-7.6037;-74.7762;156;4.7
2016-09-01;08:02:45.00;-3.4391;-80.8503;29;4.5
2016-09-01;08:04:12.00;-16.5573;-72.307;74;5.3
2016-09-02;10:49:12.00;-14.9222;-76.0856;18;4.5
2016-09-02;15:45:33.00;-6.5366;-80.954;21;4.7
2016-09-03;01:44:40.00;-15.6686;-71.7055;9;4.6
2016-09-03;01:57:27.00;-7.1165;-75.7904;15;4.6
2016-09-03;15:11:05.00;-14.8157;-74.0102;98;4.6
2016-09-03;16:47:48.00;-9.6725;-79.954;9;4.6
2016-09-03;18:04:40.00;-12.6916;-76.5208;96;4.5
2016-09-03;23:13:08.00;-17.8976;-69.5853;177;4.9
2016-09-04;23:39:28.00;-6.136;-79.801;78;4.5
2016-09-06;13:23:45.00;-3.1924;-80.7117;30;4.6
2016-09-07;03:34:14.00;-6.6807;-77.025;47;4.5
2016-09-07;03:52:35.00;-18.1561;-70.7727;64;4.5
2016-09-07;19:27:25.00;-15.4458;-73.2591;112;4.5
2016-09-08;04:00:09.00;-4.2806;-79.7504;96;4.6
2016-09-08;09:38:44.00;-15.6544;-70.6598;215;5
2016-09-09;03:28:49.00;-15.8835;-74.015;79;4.7
2016-09-09;04:15:57.00;-15.7364;-71.7549;5;4.6
2016-09-09;05:52:29.00;-15.7374;-71.7282;12;4.6
2016-09-09;15:34:38.00;-8.9035;-79.5004;13;5.1
2016-09-10;10:08:18.00;-5.5456;-77.0987;119;6.2
2016-09-11;02:29:56.00;-15.5366;-74.3293;87;4.7
2016-09-11;05:08:54.00;-16.0442;-72.5039;28;4.5
2016-09-11;09:49:41.00;-4.829;-76.3079;36;4.5
2016-09-11;19:59:07.00;-2.6513;-77.5836;104;4.5
2016-09-12;03:56:31.00;-14.6409;-75.1881;77;4.5
2016-09-12;04:48:57.00;-14.6714;-76.1227;22;4.7
2016-09-12;07:20:57.00;-14.6847;-76.0929;18;4.6
2016-09-12;09:46:06.00;-11.2208;-75.8997;12;4.8
2016-09-12;14:29:23.00;-13.3017;-75.0545;85;4.7
2016-09-13;06:43:49.00;-14.3723;-71.8287;8;4.5
2016-09-13;09:22:24.00;-10.0105;-78.7838;28;4.9
2016-09-14;15:01:43.00;-10.4474;-76.1916;140;4.9
2016-09-15;06:42:21.00;-6.3559;-76.7386;33;4.9
2016-09-15;11:41:10.00;-3.5099;-80.8664;30;4.7
2016-09-15;14:16:14.00;-11.0034;-79.1896;23;4.5
2016-09-16;05:19:26.00;-17.7335;-69.8108;160;4.7
2016-09-17;12:55:52.00;-11.2776;-76.6063;121;4.6
2016-09-17;18:06:24.00;-11.2181;-75.0935;11;4.8
2016-09-18;06:48:22.00;-16.057;-73.7169;38;5
2016-09-18;08:32:36.00;-10.4685;-75.1249;28;4.9
2016-09-18;11:10:31.00;-8.6272;-74.9245;22;4.9
2016-09-18;12:05:27.00;-14.5752;-76.4698;8;4.5
2016-09-19;17:22:30.00;-13.9101;-75.9249;67;4.6
2016-09-19;18:46:31.00;-16.9204;-71.26;116;4.8
2016-09-19;18:51:26.00;-18.2124;-69.9357;140;4.6
2016-09-20;05:05:21.00;-17.6058;-70.7108;106;5.3
2016-09-20;16:59:00.00;-8.7541;-76.5382;143;4.5
2016-09-21;00:06:42.00;-14.5925;-74.2797;113;4.6
2016-09-22;09:38:06.00;-12.9793;-75.0246;96;4.6
2016-09-22;22:07:55.00;-7.7094;-74.7741;170;4.7
2016-09-23;19:00:50.00;-15.9139;-75.3078;13;4.7
2016-09-24;09:41:08.00;-16.6174;-72.115;97;4.5
2016-09-24;21:13:13.00;-16.5748;-71.9466;128;4.5
2016-09-25;00:51:52.00;-5.9971;-81.8044;25;4.7
2016-09-25;05:09:02.00;-5.5549;-81.2185;41;4.7
2016-09-25;12:10:41.00;-8.3771;-75.139;135;5.2
2016-09-25;18:23:58.00;-3.4328;-80.9593;29;5.3
2016-09-26;04:06:59.00;-5.6677;-77.1766;110;4.5
2016-09-26;09:38:07.00;-14.7583;-73.9476;108;4.6
2016-09-26;10:06:35.00;-14.7811;-73.9524;105;4.7
2016-09-26;17:17:52.00;-12.0958;-77.5006;46;4.6
2016-09-27;07:05:30.00;-3.554;-80.9308;15;4.5
2016-09-27;14:27:52.00;-14.1141;-72.9664;121;4.5
2016-09-28;15:34:22.00;-9.1481;-78.7525;70;4.5
2016-09-28;18:24:44.00;-16.2066;-72.0003;141;4.5
2016-09-29;03:26:46.00;-6.1118;-80.653;41;4.7
2016-09-29;04:58:31.00;-9.8923;-74.5386;29;4.5
2016-09-29;10:49:12.00;-17.9097;-73.051;38;4.8
2016-09-29;17:39:03.00;-14.2298;-72.8589;112;4.8
2016-09-30;00:06:41.00;-18.2592;-71.4742;8;4.5
2016-09-30;07:20:01.00;-8.142;-74.5236;171;4.7
2016-09-30;15:13:57.00;-9.1492;-74.455;188;4.7
2016-09-30;22:35:47.00;-3.9993;-77.0339;122;5.2
2016-10-01;03:55:51.00;-3.4165;-80.7977;49;4.6
2016-10-01;04:16:33.00;-5.3668;-77.8712;29;4.5
2016-10-01;05:41:15.00;-18.1634;-71.1985;48;4.5
2016-10-01;19:47:43.00;-8.8266;-74.9263;44;5.3
2016-10-02;08:24:01.00;-13.9226;-72.6316;135;4.6
2016-10-02;14:23:41.00;-10.4894;-78.5982;40;4.5
2016-10-02;20:59:50.00;-8.5997;-80.592;5;5.5
2016-10-03;14:46:47.00;-11.9345;-76.3908;106;4.6
2016-10-03;16:40:09.00;-3.5252;-80.7815;17;4.5
2016-10-03;19:45:08.00;-14.4323;-76.3216;18;4.9
2016-10-03;20:16:56.00;-7.872;-74.6536;169;4.9
2016-10-04;06:52:15.00;-9.5762;-79.0023;49;4.5
2016-10-04;14:36:41.00;-18.5184;-71.2294;16;4.7
2016-10-05;14:08:53.00;-3.3206;-80.673;45;4.6
2016-10-05;16:06:13.00;-9.7901;-74.9788;168;5.6
2016-10-05;16:57:12.00;-6.1011;-80.2793;50;4.7
2016-10-06;09:44:06.00;-15.6724;-70.8779;212;4.6
2016-10-06;10:38:21.00;-11.3567;-73.3319;20;4.7
2016-10-06;14:07:54.00;-15.5025;-75.64;27;4.9
2016-10-08;04:30:06.00;-14.9136;-72.5061;130;4.5
2016-10-08;12:49:34.00;-5.3132;-76.2425;82;4.6
2016-10-08;15:23:21.00;-4.0183;-81.1341;34;4.6
2016-10-08;16:23:46.00;-5.3769;-76.1516;108;4.7
2016-10-09;03:46:55.00;-8.8051;-76.6558;51;4.7
2016-10-10;21:03:20.00;-11.5439;-73.1866;29;4.5
2016-10-11;01:42:22.00;-3.1557;-78.4045;52;4.5
2016-10-11;18:12:03.00;-10.5536;-75.5601;14;4.8
2016-10-11;21:08:02.00;-10.4411;-79.9953;24;4.6
2016-10-12;14:33:29.00;-5.4917;-75.9015;29;4.6
2016-10-13;09:08:42.00;-17.2135;-69.4907;223;4.5
2016-10-13;11:52:37.00;-14.3604;-76.0532;42;4.9
2016-10-14;20:26:04.00;-6.1229;-75.2343;49;4.9
2016-10-14;21:45:07.00;-11.0224;-79.2959;37;5.2
2016-10-15;02:58:09.00;-15.7458;-74.0292;86;4.7
2016-10-15;07:15:16.00;-6.2323;-75.9934;45;4.5
2016-10-15;13:44:07.00;-12.4371;-78.0698;23;5.1
2016-10-16;05:52:50.00;-8.8367;-74.6594;151;4.9
2016-10-16;13:04:22.00;-7.0978;-80.4237;26;5.7
2016-10-17;01:47:47.00;-3.4147;-80.7762;29;4.8
2016-10-17;10:27:27.00;-7.0709;-80.3934;27;4.5
2016-10-17;17:16:00.00;-14.3923;-75.7168;53;5.3
2016-10-18;06:44:31.00;-5.3799;-76.661;104;4.8
2016-10-18;06:53:20.00;-11.2329;-73.4515;34;4.6
2016-10-19;06:04:41.00;-9.1971;-79.0997;46;4.6
2016-10-19;06:40:09.00;-12.4378;-78.0856;14;5.3
2016-10-19;18:14:43.00;-17.3744;-71.2137;61;4.6
2016-10-19;19:31:12.00;-13.6437;-76.5325;52;5.3
2016-10-22;00:31:17.00;-6.1978;-81.3456;16;4.5
2016-10-22;01:23:01.00;-10.582;-75.408;145;4.7
2016-10-22;01:59:39.00;-9.9447;-74.7587;24;4.6
2016-10-22;12:08:49.00;-14.4519;-75.7408;54;5
2016-10-22;22:37:18.00;-17.1102;-69.8804;234;4.5
2016-10-23;08:44:42.00;-10.097;-75.5979;15;4.6
2016-10-24;08:57:18.00;-16.0325;-75.1834;14;4.7
2016-10-24;15:21:01.00;-11.8219;-77.1356;69;4.9
2016-10-25;09:47:24.00;-8.612;-74.9389;142;5.2
2016-10-25;15:36:46.00;-5.0516;-81.3317;29;5
2016-10-26;14:08:05.00;-9.3337;-75.6789;25;5.4
2016-10-27;00:31:35.00;-12.8878;-76.9884;52;5
2016-10-27;14:38:52.00;-14.4885;-74.3946;99;4.7
2016-10-27;15:36:31.00;-5.1087;-76.8848;115;4.5
2016-10-27;17:45:33.00;-5.134;-76.8672;113;4.7
2016-10-28;01:29:29.00;-8.6859;-74.6725;138;4.9
2016-10-28;02:11:10.00;-4.3953;-77.2293;135;4.8
2016-10-28;03:47:29.00;-12.0333;-77.6595;52;5.3
2016-10-29;06:09:09.00;-9.4255;-75.5698;7;5
2016-10-29;06:49:26.00;-15.7793;-71.4436;153;4.5
2016-10-29;08:07:04.00;-8.4616;-74.3748;152;4.5
2016-10-29;14:42:30.00;-14.3312;-76.4341;22;4.5
2016-10-30;03:34:41.00;-16.0305;-71.5778;145;4.5
2016-10-30;09:05:09.00;-14.7409;-76.2809;41;4.5
2016-10-30;09:43:38.00;-11.2976;-77.8834;65;4.5
2016-10-30;21:18:13.00;-14.5437;-73.9639;94;4.5
2016-11-01;05:56:50.00;-16.7514;-71.7049;25;4.7
2016-11-01;06:17:11.00;-12.515;-75.7978;117;4.8
2016-11-01;08:29:36.00;-15.996;-74.1835;18;4.9
2016-11-01;13:06:28.00;-8.3789;-74.4837;174;4.8
2016-11-01;16:46:11.00;-8.3799;-79.9808;27;4.6
2016-11-02;01:56:45.00;-8.7099;-74.6719;150;4.6
2016-11-02;03:52:22.00;-5.1819;-77.4148;130;4.5
2016-11-02;12:50:33.00;-14.9718;-74.7025;100;4.5
2016-11-02;17:50:47.00;-12.3103;-75.0082;102;4.5
2016-11-02;21:46:22.00;-6.1908;-78.9492;40;4.7
2016-11-03;00:48:04.00;-12.7673;-75.1048;98;4.5
2016-11-03;05:10:01.00;-11.4963;-77.9581;40;4.9
2016-11-03;08:11:35.00;-8.6897;-76.0825;134;4.9
2016-11-04;07:29:30.00;-14.9002;-74.3689;88;4.5
2016-11-04;10:40:45.00;-15.5808;-70.4924;236;4.5
2016-11-04;16:07:34.00;-12.2992;-77.0423;48;4.5
2016-11-05;01:33:17.00;-16.3259;-73.0502;85;4.7
2016-11-05;06:24:28.00;-3.2674;-75.8548;149;4.6
2016-11-06;14:52:09.00;-8.7735;-79.7434;29;4.5
2016-11-06;22:40:17.00;-12.1838;-77.2746;41;4.7
2016-11-07;02:35:17.00;-15.9801;-73.2754;91;4.8
2016-11-07;08:37:45.00;-15.3685;-75.4341;38;4.5
2016-11-07;11:47:29.00;-15.7554;-74.5786;58;4.8
2016-11-07;23:53:21.00;-17.3677;-71.5289;46;4.6
2016-11-08;07:30:43.00;-14.151;-74.4711;109;4.5
2016-11-08;23:11:59.00;-17.2763;-70.4579;137;4.9
2016-11-09;02:15:19.00;-11.5047;-76.1985;137;5
2016-11-09;19:54:21.00;-10.0378;-75.2046;145;4.6
2016-11-09;20:01:23.00;-6.5038;-80.6675;10;4.6
2016-11-10;03:14:31.00;-17.3598;-71.2451;74;4.7
2016-11-10;17:43:16.00;-14.8849;-73.6843;108;5.3
2016-11-10;20:09:54.00;-8.5824;-75.888;113;4.6
2016-11-11;01:53:19.00;-16.6401;-72.3809;79;4.5
2016-11-11;04:50:55.00;-8.8801;-75.112;61;4.8
2016-11-11;14:53:05.00;-8.5359;-74.6885;148;5.6
2016-11-11;18:10:54.00;-13.0441;-76.5991;60;4.6
2016-11-12;15:18:10.00;-3.857;-80.3655;42;4.5
2016-11-13;14:30:32.00;-10.0548;-80.1197;31;4.9
2016-11-13;17:34:46.00;-11.9262;-76.4779;106;4.8
2016-11-13;19:07:16.00;-16.0435;-72.5473;34;4.5
2016-11-14;10:31:36.00;-17.1702;-72.2889;41;4.5
2016-11-15;10:50:50.00;-10.8822;-73.5935;17;4.7
2016-11-15;17:56:31.00;-17.8302;-69.7136;170;4.7
2016-11-16;03:08:12.00;-18.047;-71.5637;31;4.5
2016-11-17;07:26:09.00;-14.7011;-75.562;40;4.8
2016-11-17;10:40:39.00;-16.5448;-72.6031;67;4.5
2016-11-17;10:49:08.00;-8.6304;-74.7105;156;4.5
2016-11-17;12:09:17.00;-9.8653;-79.5511;36;4.4
2016-11-17;20:34:04.00;-8.7782;-74.635;141;5
2016-11-18;11:33:11.00;-14.5418;-75.7999;52;5.3
2016-11-18;16:09:53.00;-18.2576;-70.1936;122;4.5
2016-11-18;17:28:53.00;-13.5899;-76.766;13;4.9
2016-11-19;10:20:34.00;-15.2347;-73.9697;104;4.5
2016-11-19;11:18:04.00;-13.9833;-75.7617;60;4.5
2016-11-20;00:49:00.00;-17.7073;-70.5091;112;4.8
2016-11-20;12:45:42.00;-15.5427;-73.3709;109;4.5
2016-11-21;05:28:18.00;-10.7036;-74.7837;31;5.3
2016-11-21;23:42:48.00;-9.9296;-75.047;18;4.6
2016-11-22;04:58:20.00;-17.3423;-69.8088;181;4.5
2016-11-22;08:29:51.00;-10.1884;-75.2645;155;4.7
2016-11-22;09:54:24.00;-15.7849;-70.8126;211;4.5
2016-11-22;09:57:07.00;-3.4891;-77.7678;48;4.6
2016-11-22;11:11:05.00;-17.7676;-69.8261;161;4.5
2016-11-22;15:02:51.00;-5.7261;-80.399;52;4.7
2016-11-22;18:50:53.00;-15.3199;-75.5983;9;5.1
2016-11-22;20:20:34.00;-17.6479;-69.952;187;4.6
2016-11-23;08:31:48.00;-15.4603;-75.7004;31;4.9
2016-11-23;10:11:07.00;-11.6809;-77.6746;50;4.7
2016-11-24;05:06:44.00;-15.4885;-75.7324;38;4.7
2016-11-24;20:22:51.00;-13.8535;-75.733;47;4.5
2016-11-25;01:26:29.00;-11.2361;-78.5071;19;4.6
2016-11-25;02:53:41.00;-16.752;-72.8914;49;4.7
2016-11-25;03:34:49.00;-10.4236;-76.2213;135;4.7
2016-11-26;00:00:15.00;-13.257;-75.0497;45;4.5
2016-11-26;02:56:15.00;-17.3637;-71.0692;84;4.6
2016-11-26;03:53:08.00;-14.1511;-74.7413;106;4.6
2016-11-26;05:23:07.00;-10.5072;-78.3677;50;4.5
2016-11-26;15:54:17.00;-16.692;-70.0756;203;4.6
2016-11-26;18:31:59.00;-8.9936;-75.5125;45;4.5
2016-11-26;23:55:13.00;-16.1722;-72.2389;129;4.5
2016-11-27;07:45:42.00;-9.7872;-78.4544;102;4.9
2016-11-27;09:33:31.00;-9.0961;-75.5328;37;4.5
2016-11-27;16:53:10.00;-8.2519;-80.1397;12;5.1
2016-11-27;19:07:57.00;-15.121;-74.2109;94;4.7
2016-11-28;02:41:48.00;-14.4817;-75.7736;53;4.8
2016-11-28;03:39:54.00;-8.3145;-80.1179;45;5.2
2016-11-28;05:37:13.00;-9.4342;-76.0141;139;4.9
2016-11-28;06:35:46.00;-8.9196;-74.5337;182;5.1
2016-11-28;10:45:55.00;-8.3506;-80.0024;30;4.9
2016-11-28;23:31:05.00;-9.871;-74.8133;42;4.7
2016-11-29;07:08:30.00;-15.3401;-74.97;58;4.6
2016-11-29;10:43:28.00;-10.9689;-74.6731;152;4.5
2016-11-29;21:34:02.00;-7.7828;-80.2804;10;4.6
2016-11-30;11:56:37.00;-7.581;-80.415;28;4.7
2016-12-01;05:04:02.00;-17.3193;-70.0004;211;4.5
2016-12-01;18:24:54.00;-9.2458;-75.9404;137;4.5
2016-12-01;19:14:16.00;-15.4308;-70.8976;23;4.9
2016-12-01;20:35:40.00;-6.4131;-75.3306;103;4.8
2016-12-01;22:40:25.00;-15.4393;-70.9316;10;6.2
2016-12-01;23:42:50.00;-15.2994;-70.9761;8;4.6
2016-12-01;23:53:34.00;-15.4237;-70.8632;11;4.6
2016-12-02;02:16:28.00;-15.4135;-70.8745;9;4.5
2016-12-02;03:04:53.00;-15.3523;-70.9194;16;5.2
2016-12-02;04:17:42.00;-15.3873;-70.878;8;4.5
2016-12-02;05:59:11.00;-15.9322;-75.3624;34;4.7
2016-12-02;06:37:25.00;-15.3378;-70.9546;12;4.7
2016-12-02;07:11:36.00;-15.2523;-70.9894;11;4.7
2016-12-02;11:49:58.00;-15.3842;-70.8711;9;4.8
2016-12-03;00:04:34.00;-16.3811;-73.3474;40;4.8
2016-12-03;05:44:56.00;-11.4244;-74.9909;129;4.6
2016-12-03;05:52:13.00;-15.4058;-70.8689;26;4.8
2016-12-03;09:20:35.00;-18.064;-72.0033;19;4.6
2016-12-03;22:08:28.00;-18.476;-71.4609;42;4.6
2016-12-03;22:28:43.00;-11.453;-78.0756;54;4.6
2016-12-03;23:21:42.00;-10.8339;-75.5269;10;4.8
2016-12-04;19:21:34.00;-15.4767;-70.9186;10;4.9
2016-12-05;18:57:02.00;-17.7541;-69.7716;167;4.9
2016-12-06;05:26:37.00;-14.6867;-76.3424;13;4.9
2016-12-06;11:37:54.00;-5.3445;-77.0446;106;4.5
2016-12-06;18:07:53.00;-14.1993;-76.0187;52;4.9
2016-12-06;23:15:16.00;-17.5409;-70.2626;18;4.5
2016-12-07;10:24:54.00;-5.2794;-78.8856;17;5.2
2016-12-07;21:45:27.00;-17.9154;-71.561;22;4.6
2016-12-08;09:14:09.00;-18.4346;-71.4494;11;4.6
2016-12-08;13:18:45.00;-15.5493;-75.1179;46;4.6
2016-12-08;19:07:13.00;-10.9425;-78.3221;41;5.2
2016-12-08;23:07:52.00;-18.5809;-70.097;100;4.5
2016-12-09;00:05:26.00;-11.4648;-78.3193;53;4.7
2016-12-09;02:34:24.00;-14.6403;-74.4012;107;4.8
2016-12-09;06:55:05.00;-15.1932;-72.2912;134;4.5
2016-12-09;12:01:46.00;-6.0794;-80.6717;27;4.5
2016-12-09;13:55:27.00;-8.7385;-80.0994;26;4.5
2016-12-09;15:41:56.00;-10.4104;-78.8896;27;4.8
2016-12-09;17:03:56.00;-14.2186;-72.8846;122;4.5
2016-12-11;06:06:04.00;-12.4981;-75.3255;96;4.6
2016-12-11;14:28:23.00;-15.8738;-72.2459;121;4.5
2016-12-12;05:04:29.00;-15.3264;-75.758;17;4.8
2016-12-12;17:04:43.00;-15.5815;-74.6481;66;4.9
2016-12-14;06:21:47.00;-17.4651;-73.5248;13;4.5
2016-12-15;00:03:31.00;-15.7546;-74.601;64;5
2016-12-15;07:14:49.00;-15.4269;-70.8447;21;5
2016-12-16;01:53:06.00;-2.8723;-80.3046;101;5
2016-12-16;04:15:20.00;-11.1556;-73.4451;13;4.6
2016-12-16;05:54:57.00;-15.6358;-75.011;25;4.8
2016-12-16;07:15:31.00;-8.4345;-75.0509;139;4.5
2016-12-17;07:23:23.00;-11.0079;-79.2533;35;5.9
2016-12-17;12:12:01.00;-11.0736;-78.3846;51;4.5
2016-12-17;15:23:17.00;-15.4143;-75.4234;35;4.5
2016-12-18;13:30:12.00;-9.9749;-71.2921;517;6.2
2016-12-19;01:30:44.00;-14.4809;-72.2482;113;4.7
2016-12-19;14:53:04.00;-17.4897;-73.2524;26;4.6
2016-12-19;22:44:50.00;-3.2905;-80.9308;34;4.6
2016-12-21;03:49:28.00;-8.9452;-77.8169;147;4.5
2016-12-21;04:59:23.00;-18.125;-70.6606;52;4.5
2016-12-21;07:17:14.00;-10.893;-78.361;26;4.7
2016-12-21;11:18:59.00;-13.6856;-75.3304;98;5.7
2016-12-21;19:32:22.00;-15.3246;-74.8351;91;4.6
2016-12-21;20:14:55.00;-16.5223;-72.4195;100;4.5
2016-12-22;03:24:11.00;-18.1103;-69.8253;139;4.9
2016-12-22;04:30:40.00;-6.1915;-81.9113;34;4.7
2016-12-22;16:43:51.00;-12.7325;-77.7986;26;5.3
2016-12-23;22:24:47.00;-4.665;-76.2878;137;4.6
2016-12-24;00:30:37.00;-16.5435;-72.4962;89;4.7
2016-12-24;08:34:22.00;-8.5817;-75.0094;123;4.6
2016-12-24;13:03:05.00;-16.4714;-73.5149;19;4.5
2016-12-25;04:20:00.00;-13.2266;-76.6102;55;4.8
2016-12-25;21:39:01.00;-10.9959;-78.3272;27;4.8
2016-12-27;07:55:28.00;-3.4323;-79.9957;77;4.6
2016-12-27;08:56:02.00;-17.9569;-71.585;16;4.5
2016-12-28;10:18:36.00;-7.2085;-74.7861;151;5.1
2016-12-29;15:38:43.00;-6.6772;-75.7869;115;5
2016-12-29;18:22:24.00;-8.6629;-74.6989;183;5.1
2016-12-30;05:45:35.00;-8.943;-76.0702;8;4.5
2016-12-30;06:20:05.00;-7.7298;-75.7779;26;4.7
2016-12-30;06:51:51.00;-15.133;-72.665;128;4.6
2016-12-30;10:45:35.00;-11.005;-73.4426;8;4.5
2016-12-30;15:21:56.00;-14.5383;-75.5443;47;4.6
2016-12-30;17:10:38.00;-15.0016;-72.1076;137;4.6
2016-12-31;04:27:30.00;-17.7147;-71.2534;36;5
2016-12-31;07:01:39.00;-11.4293;-77.3915;79;4.5
2017-01-01;02:45:36.00;-12.9721;-76.8416;45;4.9
2017-01-02;13:13:47.00;-4.9249;-76.4678;118;6.1
2017-01-02;15:13:10.00;-17.0843;-69.547;222;4.5
2017-01-03;01:53:39.00;-3.4337;-77.7166;77;4.6
2017-01-03;05:08:06.00;-13.7508;-74.7852;51;4.5
2017-01-03;08:50:18.00;-16.4462;-71.5052;126;4.5
2017-01-03;14:43:28.00;-10.0319;-79.9718;46;4.6
2017-01-03;23:38:15.00;-17.1061;-73.3911;27;4.7
2017-01-04;08:28:38.00;-13.4277;-76.4272;58;4.7
2017-01-05;03:05:40.00;-17.4729;-70.0555;171;4.5
2017-01-05;11:49:41.00;-18.5724;-69.7665;120;4.5
2017-01-05;18:27:15.00;-9.2961;-79.2481;33;4.8
2017-01-06;19:39:53.00;-6.3699;-76.5209;110;4.6
2017-01-06;22:55:27.00;-11.4853;-78.579;28;5.4
2017-01-07;05:14:35.00;-16.9565;-69.7042;218;4.7
2017-01-07;07:28:38.00;-14.744;-75.4573;23;4.7
2017-01-07;09:11:52.00;-2.9711;-80.6705;44;4.9
2017-01-07;12:30:28.00;-4.251;-77.0565;107;4.8
2017-01-07;16:04:51.00;-7.7498;-75.5128;138;5.3
2017-01-07;19:33:10.00;-14.6598;-75.595;41;4.7
2017-01-08;19:29:08.00;-9.364;-75.5752;14;4.5
2017-01-09;11:34:59.00;-15.9971;-74.6016;31;4.5
2017-01-10;02:18:58.00;-8.4451;-73.4318;185;4.9
2017-01-10;04:52:21.00;-16.9772;-71.7373;37;4.9
2017-01-10;04:53:53.00;-15.7373;-71.8335;12;4.9
2017-01-10;11:41:27.00;-7.921;-76.17;131;4.6
2017-01-10;20:45:53.00;-15.9605;-74.2215;67;5
2017-01-10;21:15:49.00;-16.1244;-74.2924;32;4.9
2017-01-11;00:29:20.00;-5.8153;-81.0354;23;4.5
2017-01-11;06:43:00.00;-4.642;-76.253;130;4.7
2017-01-12;02:12:46.00;-16.0862;-71.8505;132;4.5
2017-01-12;05:36:49.00;-14.5015;-76.3696;21;4.6
2017-01-12;15:13:49.00;-15.7327;-71.8679;7;4.9
2017-01-13;02:34:38.00;-14.9567;-76.2636;47;4.6
2017-01-13;02:39:05.00;-14.9531;-76.2856;49;4.6
2017-01-13;02:59:26.00;-14.9977;-76.3505;39;4.8
2017-01-13;06:23:17.00;-16.8947;-74.1645;11;4.5
2017-01-13;07:40:40.00;-3.8017;-76.7451;119;4.6
2017-01-13;13:00:11.00;-3.9056;-77.2545;51;4.8
2017-01-14;03:23:08.00;-16.0512;-73.4572;71;4.5
2017-01-14;06:11:54.00;-14.3529;-75.5108;47;4.5
2017-01-14;08:16:22.00;-9.969;-79.0982;30;5
2017-01-14;09:01:51.00;-14.2707;-75.2816;50;4.5
2017-01-15;14:22:05.00;-8.739;-75.8015;111;4.6
2017-01-15;16:07:54.00;-6.4984;-75.3072;39;4.9
2017-01-16;03:02:09.00;-15.3648;-73.9653;98;4.7
2017-01-17;23:44:15.00;-12.3367;-77.6385;21;4.9
2017-01-18;08:03:23.00;-15.4927;-70.363;246;5.2
2017-01-19;02:37:27.00;-6.8232;-75.8366;27;4.7
2017-01-19;07:47:54.00;-15.4051;-71.9372;154;4.7
2017-01-19;21:13:17.00;-14.7941;-72.4639;135;4.7
2017-01-20;11:57:42.00;-5.6078;-77.3089;13;4.7
2017-01-20;12:51:42.00;-17.5809;-70.1362;154;4.6
2017-01-21;07:34:25.00;-9.0201;-80.4666;32;4.8
2017-01-21;09:28:02.00;-3.5811;-80.3074;44;4.6
2017-01-21;09:38:03.00;-11.1672;-74.0013;154;4.7
2017-01-21;09:52:29.00;-8.7499;-80.4178;25;4.6
2017-01-21;09:58:08.00;-8.9742;-80.5311;29;4.8
2017-01-22;01:04:54.00;-3.7182;-80.6974;27;4.6
2017-01-22;03:49:47.00;-7.2619;-80.8925;38;4.7
2017-01-22;20:14:49.00;-7.465;-79.8965;31;4.6
2017-01-22;21:12:54.00;-13.5732;-76.7359;51;4.7
2017-01-23;01:43:35.00;-8.0395;-74.6736;159;4.6
2017-01-25;02:12:03.00;-8.0796;-81.2217;28;4.6
2017-01-25;07:16:26.00;-15.4224;-74.1238;109;4.6
2017-01-25;07:31:23.00;-9.5965;-78.9678;41;4.5
2017-01-25;10:39:32.00;-8.0698;-74.5595;163;4.6
2017-01-25;11:01:27.00;-18.6426;-70.9222;19;4.6
2017-01-27;06:46:02.00;-11.5883;-74.7225;124;4.5
2017-01-27;19:35:03.00;-12.8783;-75.1829;108;4.5
2017-01-27;21:27:56.00;-14.0856;-76.3863;58;5.5
2017-01-27;23:10:09.00;-15.813;-73.2518;96;4.5
2017-01-28;06:42:28.00;-9.3488;-79.3025;30;5.8
2017-01-28;07:16:39.00;-8.0935;-74.5659;161;4.7
2017-01-28;08:09:28.00;-9.1396;-79.1395;50;4.5
2017-01-28;09:55:14.00;-15.1705;-74.8948;48;4.5
2017-01-28;10:54:52.00;-5.7149;-78.7469;22;4.5
2017-01-28;11:29:04.00;-10.5437;-76.9928;116;4.9
2017-01-28;11:39:38.00;-14.5102;-76.5473;21;5.2
2017-01-28;12:22:12.00;-11.4324;-73.1665;26;5.1
2017-01-28;13:42:22.00;-16.5273;-73.512;10;4.8
2017-01-28;17:33:20.00;-14.4789;-76.5601;20;4.5
2017-01-29;00:18:41.00;-9.3438;-79.1789;39;4.5
2017-01-29;01:42:37.00;-14.5537;-76.6002;26;4.7
2017-01-29;02:23:51.00;-14.488;-76.4359;24;4.6
2017-01-29;04:41:43.00;-9.2743;-79.2165;35;4.8
2017-01-30;06:03:45.00;-14.5831;-73.0423;149;4.9
2017-01-30;11:46:47.00;-14.5215;-72.8956;71;4.7
2017-01-30;12:02:18.00;-17.3254;-70.875;21;4.5
2017-01-31;06:59:02.00;-2.6543;-80.7956;52;4.9
2017-01-31;07:54:07.00;-14.9228;-71.897;142;4.5
2017-01-31;10:41:38.00;-16.521;-69.8283;197;4.5
2017-01-31;23:38:26.00;-3.4598;-76.8694;37;5.5
2017-02-01;10:16:00.00;-11.2491;-78.4495;27;4.6
2017-02-01;10:35:46.00;-15.6744;-70.2437;241;5.3
2017-02-01;11:38:27.00;-11.1776;-76.7484;129;5
2017-02-01;14:38:55.00;-14.9325;-71.8852;146;4.5
2017-02-02;04:39:48.00;-11.8102;-77.6272;49;4.7
2017-02-02;07:51:17.00;-3.2484;-80.5571;52;4.5
2017-02-02;07:54:10.00;-14.3137;-76.2143;27;4.6
2017-02-02;22:04:09.00;-7.8994;-79.8546;45;4.6
2017-02-06;04:32:10.00;-15.4771;-70.6326;234;4.7
2017-02-06;06:29:21.00;-10.6335;-78.4241;43;4.5
2017-02-08;05:01:21.00;-15.3036;-73.2765;100;4.6
2017-02-08;08:54:56.00;-9.2188;-79.1739;38;4.6
2017-02-09;00:50:30.00;-15.2183;-74.1674;105;5.4
2017-02-09;05:46:35.00;-14.6513;-76.45;45;4.5
2017-02-09;17:53:23.00;-9.0937;-79.09;43;5.2
2017-02-10;11:57:05.00;-14.4695;-77.1146;51;4.9
2017-02-10;15:55:05.00;-12.9946;-76.7837;52;4.7
2017-02-10;22:50:38.00;-7.9946;-74.683;164;4.5
2017-02-11;13:35:07.00;-5.006;-76.3009;135;4.8
2017-02-11;18:17:48.00;-7.8476;-74.5579;146;4.5
2017-02-11;21:02:05.00;-16.2409;-74.11;11;4.5
2017-02-13;08:08:22.00;-14.2869;-72.8536;129;4.7
2017-02-13;15:38:56.00;-16.3149;-73.272;51;4.5
2017-02-15;13:44:41.00;-17.2133;-69.6007;213;4.8
2017-02-15;15:35:24.00;-17.5495;-73.152;21;4.7
2017-02-16;04:13:35.00;-9.3699;-79.2418;38;4.7
2017-02-16;10:18:05.00;-14.6676;-75.6084;35;4.6
2017-02-16;10:36:08.00;-7.1555;-80.6909;39;4.8
2017-02-16;11:08:13.00;-7.2197;-80.7882;26;4.6
2017-02-16;14:05:41.00;-7.2077;-80.8821;5;4.6
2017-02-17;18:08:51.00;-17.8589;-73.0908;10;4.6
2017-02-18;03:15:22.00;-14.2096;-74.4861;92;4.5
2017-02-18;04:55:45.00;-17.0557;-70.315;141;4.8
2017-02-18;23:39:12.00;-15.3209;-71.8352;149;4.7
2017-02-19;01:13:58.00;-15.7348;-70.3502;248;4.6
2017-02-19;01:27:23.00;-15.7149;-71.7044;156;4.5
2017-02-20;01:13:08.00;-8.1351;-74.6393;166;4.5
2017-02-20;03:39:28.00;-17.9738;-69.8724;167;4.8
2017-02-20;03:50:23.00;-10.6386;-75.4671;144;4.8
2017-02-20;07:45:09.00;-5.1442;-74.9843;169;5.8
2017-02-23;01:08:31.00;-2.8396;-76.688;208;4.7
2017-02-23;03:41:01.00;-5.3915;-76.6152;121;4.9
2017-02-23;08:40:13.00;-10.6967;-75.6978;17;4.8
2017-02-23;08:46:18.00;-10.6995;-75.6745;11;4.7
2017-02-23;17:22:37.00;-3.461;-80.8547;25;4.6
2017-02-23;22:39:50.00;-7.147;-76.2932;138;4.6
2017-02-24;00:40:59.00;-4.2529;-80.5145;44;4.5
2017-02-24;01:44:24.00;-8.79;-75.2666;39;4.6
2017-02-24;03:11:41.00;-15.9348;-71.6814;154;5.3
2017-02-24;06:10:11.00;-6.4771;-80.8093;31;4.7
2017-02-24;10:45:23.00;-16.4945;-71.5502;123;4.8
2017-02-25;09:36:47.00;-8.9465;-80.316;23;4.5
2017-02-25;11:50:31.00;-15.3487;-74.5358;91;4.7
2017-02-25;12:49:06.00;-7.8072;-79.92;50;4.6
2017-02-26;10:47:53.00;-4.2417;-77.0295;154;4.8
2017-02-26;12:34:00.00;-15.3304;-72.0011;131;4.9
2017-02-27;17:41:35.00;-15.5231;-70.3749;265;4.6
2017-02-27;23:39:05.00;-15.6854;-72.0321;13;4.6
2017-02-28;02:51:18.00;-10.7065;-78.3699;45;4.6
2017-02-28;04:56:25.00;-8.2568;-74.4329;191;5.1
2017-02-28;05:01:37.00;-14.3378;-75.3746;83;4.5
2017-02-28;08:09:29.00;-14.2261;-75.2954;108;5.3
2017-02-28;10:47:48.00;-13.8488;-75.7038;101;4.6
2017-03-01;09:10:47.00;-12.0964;-77.4081;39;4.7
2017-03-01;20:47:24.00;-5.8358;-75.6794;148;4.5
2017-03-02;00:38:42.00;-8.5064;-79.3224;49;4.5
2017-03-02;15:00:11.00;-10.5216;-78.5406;50;4.5
2017-03-02;16:22:48.00;-15.2649;-74.4956;100;4.6
2017-03-03;09:51:11.00;-3.5273;-80.9673;27;4.5
2017-03-03;11:44:30.00;-7.7152;-74.7095;22;4.7
2017-03-04;20:52:02.00;-6.8775;-81.6465;30;4.8
2017-03-04;23:25:17.00;-2.5224;-77.6727;75;4.6
2017-03-05;20:36:03.00;-12.9777;-76.636;63;4.8
2017-03-06;00:26:36.00;-18.151;-70.0933;114;4.6
2017-03-06;02:01:44.00;-8.7696;-74.5928;157;4.9
2017-03-06;04:51:52.00;-15.5337;-74.4387;85;4.6
2017-03-07;13:47:08.00;-12.8071;-77.0158;47;4.5
2017-03-07;15:37:01.00;-11.8674;-75.2146;11;4.9
2017-03-07;20:37:30.00;-17.9274;-70.2941;130;4.5
2017-03-08;03:28:33.00;-14.6266;-70.7345;223;4.9
2017-03-09;00:51:45.00;-15.4003;-71.5084;13;4.7
2017-03-10;22:25:16.00;-16.3679;-73.9863;15;4.6
2017-03-10;22:28:52.00;-17.9643;-71.155;30;4.6
2017-03-11;06:33:07.00;-15.8923;-74.355;62;4.6
2017-03-11;07:53:02.00;-16.2628;-73.729;26;4.8
2017-03-12;21:19:02.00;-16.5643;-72.7986;76;4.6
2017-03-13;15:46:00.00;-12.6313;-76.967;53;4.9
2017-03-13;16:37:26.00;-4.4801;-77.2513;172;4.5
2017-03-14;13:42:48.00;-16.309;-74.6988;22;4.5
2017-03-14;21:50:10.00;-14.3463;-76.3246;21;4.9
2017-03-14;22:29:56.00;-14.3497;-76.3197;23;4.5
2017-03-15;09:47:03.00;-9.5786;-76.036;12;4.7
2017-03-15;14:09:03.00;-9.6027;-76.1439;118;4.5
2017-03-16;00:28:51.00;-16.2797;-74.9622;19;4.6
2017-03-16;07:16:28.00;-12.6219;-75.4957;107;4.5
2017-03-16;13:21:00.00;-7.665;-74.798;159;4.5
2017-03-16;15:25:26.00;-17.14;-70.9541;116;4.8
2017-03-16;18:50:38.00;-15.2619;-71.3767;166;4.9
2017-03-16;23:31:36.00;-16.3067;-74.6803;21;5
2017-03-17;07:20:19.00;-3.0863;-80.0874;99;4.7
2017-03-18;04:52:23.00;-8.3813;-80.1267;39;4.6
2017-03-18;11:43:31.00;-3.9596;-76.5069;149;4.9
2017-03-18;20:20:46.00;-11.7045;-77.6348;51;4.8
2017-03-19;08:17:40.00;-15.8878;-75.2439;22;4.5
2017-03-19;23:50:31.00;-8.1183;-76.1937;143;4.5
2017-03-20;11:50:57.00;-15.7742;-73.9662;76;4.5
2017-03-20;13:37:38.00;-14.8279;-74.4198;102;4.7
2017-03-20;21:02:54.00;-17.1035;-69.5676;208;4.9
2017-03-21;04:29:08.00;-3.5874;-81.1816;47;5.2
2017-03-21;06:44:00.00;-3.6236;-81.1588;40;4.7
2017-03-21;06:49:11.00;-3.5632;-81.1083;48;4.8
2017-03-21;21:09:06.00;-4.8979;-80.9285;34;4.8
2017-03-23;01:08:00.00;-14.7595;-73.7521;115;4.5
2017-03-23;01:14:11.00;-10.3681;-74.9497;17;4.5
2017-03-23;12:10:15.00;-15.0735;-72.1473;132;4.8
2017-03-24;04:34:13.00;-13.5067;-75.4447;118;5.1
2017-03-24;10:37:20.00;-3.9979;-81.1309;41;4.9
2017-03-24;19:53:34.00;-12.0054;-72.1673;20;4.9
2017-03-24;22:04:01.00;-18.3852;-70.2001;33;4.5
2017-03-25;11:58:21.00;-13.9854;-76.1663;70;4.7
2017-03-25;12:57:34.00;-17.3031;-71.8995;41;4.5
2017-03-25;18:06:46.00;-4.3601;-77.0262;36;5.2
2017-03-26;10:33:50.00;-7.3739;-74.8137;151;4.8
2017-03-27;01:05:29.00;-8.5884;-80.6535;8;4.7
2017-03-27;20:46:27.00;-15.6264;-74.3247;45;4.5
2017-03-28;00:35:13.00;-14.4436;-73.9837;106;5
2017-03-28;11:15:29.00;-3.1147;-75.9218;148;5.1
2017-03-29;03:16:38.00;-14.4994;-76.3628;17;4.6
2017-03-29;23:38:05.00;-10.4722;-78.5514;53;4.5
2017-03-30;13:13:51.00;-16.5424;-69.8397;219;4.8
2017-03-30;13:25:14.00;-10.6677;-73.7641;133;5.2
2017-03-30;18:50:49.00;-17.2705;-70.5671;131;4.5
2017-03-31;01:45:50.00;-10.2613;-75.126;164;5.3
2017-03-31;02:07:18.00;-12.9692;-76.7571;57;4.7
2017-03-31;08:17:06.00;-9.2293;-75.5226;124;4.9
2017-03-31;09:54:36.00;-16.3114;-74.5933;26;5.1
2017-03-31;15:01:35.00;-16.1032;-73.37;84;4.5
2017-04-01;11:11:08.00;-10.1193;-75.0792;11;4.5
2017-04-01;12:56:55.00;-16.3359;-74.6558;31;4.9
2017-04-01;14:07:30.00;-16.353;-74.6307;34;5
2017-04-02;01:38:51.00;-7.1958;-81.1403;28;5.6
2017-04-02;07:28:07.00;-9.9585;-75.7392;9;4.5
2017-04-02;13:48:54.00;-11.1003;-78.3529;39;4.6
2017-04-02;16:22:58.00;-10.0396;-74.4647;26;4.6
2017-04-03;04:50:33.00;-17.747;-69.8543;169;4.5
2017-04-04;23:51:27.00;-10.2463;-78.6133;48;4.6
2017-04-05;06:28:47.00;-15.5512;-71.7629;155;4.5
2017-04-05;10:28:52.00;-8.5086;-76.0594;129;4.5
2017-04-05;20:11:49.00;-3.1241;-81.0279;39;4.5
2017-04-06;03:40:02.00;-15.7497;-71.684;177;4.6
2017-04-06;07:55:44.00;-18.2976;-69.9534;131;4.6
2017-04-06;15:41:47.00;-17.9137;-69.559;190;4.5
2017-04-06;17:15:19.00;-17.8014;-72.8377;23;5.7
2017-04-07;02:43:00.00;-14.359;-73.7422;102;4.9
2017-04-07;05:24:40.00;-8.4841;-74.7666;162;4.8
2017-04-07;06:54:06.00;-17.7835;-72.5897;12;4.5
2017-04-07;09:27:49.00;-13.4165;-77.2306;14;4.6
2017-04-08;11:50:44.00;-9.8799;-79.9233;25;4.6
2017-04-08;14:17:10.00;-6.6892;-76.4847;136;4.6
2017-04-09;04:43:28.00;-7.7323;-74.8329;20;5
2017-04-09;05:34:23.00;-11.1772;-76.8132;112;4.5
2017-04-09;10:14:32.00;-5.6725;-76.8279;150;4.6
2017-04-09;13:39:47.00;-11.7065;-76.9194;97;4.5
2017-04-09;14:04:06.00;-3.8694;-75.8758;174;5.2
2017-04-10;08:02:09.00;-5.9138;-76.108;59;4.7
2017-04-10;13:16:30.00;-14.8472;-74.6028;96;4.9
2017-04-10;22:11:18.00;-17.0998;-70.6836;144;4.6
2017-04-11;04:52:05.00;-6.0481;-76.2475;28;4.9
2017-04-11;23:57:26.00;-8.1742;-74.3722;192;4.7
2017-04-12;00:45:27.00;-15.3112;-71.7313;158;4.8
2017-04-12;14:14:05.00;-3.0547;-77.8189;200;4.9
2017-04-12;20:46:37.00;-14.2464;-73.2288;118;4.5
2017-04-13;15:19:06.00;-6.1856;-76.2144;43;4.5
2017-04-13;22:18:22.00;-16.7523;-71.9049;36;4.6
2017-04-14;02:27:42.00;-9.3958;-79.1417;53;4.5
2017-04-14;19:44:39.00;-15.0159;-73.1334;129;4.6
2017-04-15;21:37:27.00;-8.5198;-74.6785;165;4.7
2017-04-15;23:24:06.00;-17.7329;-72.7067;36;4.5
2017-04-16;11:45:51.00;-15.3463;-73.3806;107;4.7
2017-04-16;17:22:08.00;-4.4937;-77.592;168;4.6
2017-04-16;23:39:42.00;-14.8478;-74.3688;115;4.5
2017-04-17;04:22:50.00;-3.9504;-77.577;22;4.5
2017-04-18;07:33:47.00;-4.6197;-80.1508;42;4.6
2017-04-18;17:49:55.00;-2.7389;-75.4364;14;6.2
2017-04-18;17:59:37.00;-3.0407;-75.3993;25;4.5
2017-04-18;18:41:49.00;-3.0201;-75.5068;13;4.7
2017-04-18;19:15:10.00;-2.6714;-75.5781;26;4.7
2017-04-19;05:13:27.00;-17.6395;-70.5559;106;4.5
2017-04-19;07:21:52.00;-11.2468;-75.9243;6;5.1
2017-04-19;07:53:13.00;-3.0594;-75.4519;52;4.9
2017-04-19;13:09:31.00;-12.3471;-74.8968;102;4.6
2017-04-20;00:48:28.00;-8.8981;-75.7136;144;4.6
2017-04-20;08:26:33.00;-16.512;-71.958;34;4.6
2017-04-21;02:07:55.00;-15.1134;-74.2768;112;4.8
2017-04-21;06:12:01.00;-9.1196;-75.9388;17;4.6
2017-04-21;21:24:23.00;-13.7372;-74.7079;97;4.5
2017-04-22;01:52:05.00;-7.4818;-73.8444;21;4.8
2017-04-22;04:39:05.00;-2.7194;-75.489;158;4.8
2017-04-22;07:10:14.00;-8.5844;-74.896;134;4.6
2017-04-22;09:45:47.00;-16.635;-69.8664;216;4.6
2017-04-22;14:05:26.00;-3.1578;-75.4958;13;4.7
2017-04-22;21:24:33.00;-7.3632;-76.2834;158;4.7
2017-04-23;08:17:13.00;-12.2695;-75.075;99;4.5
2017-04-24;01:02:21.00;-5.5525;-77.1012;29;4.7
2017-04-24;02:15:38.00;-16.1769;-72.0725;118;4.6
2017-04-24;05:28:27.00;-14.3634;-74.3862;112;4.6
2017-04-25;04:05:53.00;-15.8388;-74.1921;85;4.5
2017-04-25;19:06:59.00;-15.1495;-72.0437;136;4.5
2017-04-29;16:39:41.00;-16.3242;-69.8789;256;4.7
2017-04-29;20:58:33.00;-15.9795;-72.3216;120;4.6
2017-04-30;13:29:06.00;-15.6922;-71.8956;11;5.5
2017-04-30;13:35:53.00;-15.6895;-71.9033;12;5.2
2017-04-30;14:50:48.00;-15.7001;-71.872;9;5
2017-04-30;15:11:43.00;-15.6676;-71.9438;13;4.9
2017-04-30;17:09:34.00;-15.6995;-71.9352;14;4.5
2017-04-30;17:35:50.00;-15.6987;-71.9557;12;5.1
2017-04-30;20:10:45.00;-18.5339;-71.2087;9;4.7
2017-05-01;09:52:31.00;-9.2201;-79.2129;53;5
2017-05-02;02:01:49.00;-12.8946;-77.1702;36;4.6
2017-05-02;07:26:25.00;-10.7808;-74.2615;21;4.5
2017-05-02;14:54:32.00;-15.6231;-71.9549;27;4.9
2017-05-03;04:34:18.00;-15.284;-73.4525;109;4.5
2017-05-03;10:05:24.00;-17.5148;-70.0026;192;4.8
2017-05-03;12:42:47.00;-16.3282;-73.5387;31;5.4
2017-05-03;14:46:10.00;-16.2777;-73.4884;44;4.5
2017-05-03;19:08:23.00;-18.5109;-70.921;37;4.7
2017-05-04;00:05:49.00;-12.2436;-77.404;32;4.5
2017-05-04;02:28:57.00;-8.5539;-74.4207;169;5.9
2017-05-05;16:14:11.00;-2.8004;-80.4856;152;4.6
2017-05-05;18:02:59.00;-4.0428;-81.24;41;4.8
2017-05-06;14:12:31.00;-14.8095;-74.3859;101;4.8
2017-05-06;19:52:13.00;-16.8902;-73.6668;20;5.4
2017-05-06;22:37:35.00;-12.3186;-77.7021;33;4.8
2017-05-07;02:56:34.00;-10.2717;-78.552;49;4.5
2017-05-07;04:22:52.00;-15.8178;-75.2825;24;4.7
2017-05-07;07:37:42.00;-7.9593;-74.562;176;4.6
2017-05-07;07:41:50.00;-7.0264;-80.2983;37;4.6
2017-05-08;01:59:05.00;-14.5205;-76.102;22;4.8
2017-05-08;08:08:18.00;-8.0132;-76.786;30;5.7
2017-05-09;01:51:32.00;-15.7457;-75.1485;40;4.9
2017-05-10;11:05:24.00;-10.5076;-78.5219;45;4.5
2017-05-11;08:00:36.00;-5.296;-77.7145;33;4.8
2017-05-12;03:42:34.00;-4.8425;-75.4842;153;4.5
2017-05-12;05:48:58.00;-10.421;-79.664;34;4.5
2017-05-12;07:19:01.00;-16.1572;-69.4939;257;4.9
2017-05-12;20:09:57.00;-2.5779;-75.3815;153;4.8
2017-05-13;02:51:23.00;-9.3457;-79.4154;246;4.9
2017-05-13;07:26:02.00;-17.8171;-69.8587;184;4.6
2017-05-14;04:13:37.00;-16.1857;-69.7175;202;4.5
2017-05-14;05:33:24.00;-18.4216;-71.1116;38;4.8
2017-05-14;08:56:08.00;-14.6979;-76.3605;39;4.6
2017-05-14;17:05:19.00;-7.932;-75.305;16;4.9
2017-05-15;08:10:30.00;-18.1231;-70.8223;84;4.4
2017-05-15;23:12:19.00;-9.5061;-79.0263;51;4.8
2017-05-16;05:25:24.00;-9.4052;-76.6082;153;4.9
2017-05-16;06:06:52.00;-15.3912;-73.6382;111;4.8
2017-05-16;13:56:19.00;-7.5642;-75.7268;131;4.9
2017-05-16;16:33:29.00;-10.638;-73.9393;30;4.6
2017-05-16;17:09:06.00;-14.5794;-73.5957;12;5.7
2017-05-16;23:43:48.00;-14.5465;-73.5406;12;4.6
2017-05-17;01:32:59.00;-14.5338;-73.5066;38;4.6
2017-05-17;07:29:14.00;-14.4976;-73.474;9;4.7
2017-05-18;12:59:59.00;-14.5739;-73.5817;7;4.9
2017-05-18;13:00:02.00;-14.526;-73.5141;10;4.3
2017-05-20;03:55:33.00;-15.1722;-72.6797;132;4.5
2017-05-20;20:55:41.00;-11.4331;-73.2042;23;4.5
2017-05-21;07:09:19.00;-15.1976;-75.132;41;4.5
2017-05-21;10:14:16.00;-4.7974;-80.1216;90;5.2
2017-05-21;11:43:15.00;-13.467;-76.3313;62;4.8
2017-05-22;03:35:31.00;-6.3856;-81.8703;19;4.5
2017-05-22;06:16:34.00;-16.2075;-70.555;10;4.5
2017-05-22;12:28:44.00;-2.608;-76.019;145;4.6
2017-05-22;14:27:24.00;-16.2286;-70.5383;8;4.9
2017-05-23;02:24:36.00;-9.734;-75.3238;119;4.7
2017-05-26;08:35:07.00;-15.0001;-74.0014;108;4.5
2017-05-26;17:49:09.00;-10.4341;-73.8757;147;4.5
2017-05-26;18:25:05.00;-3.7355;-80.1331;80;4.5
2017-05-27;06:46:51.00;-14.9718;-74.3681;100;4.5
2017-05-28;04:38:30.00;-15.8466;-74.6135;35;4.6
2017-05-28;13:34:30.00;-16.5109;-72.8305;63;4.1
2017-05-29;10:00:09.00;-6.1004;-74.6817;42;4.7
2017-05-29;23:48:09.00;-3.0732;-75.8832;53;4.8
2017-05-30;03:47:21.00;-16.2921;-70.0447;224;4.6
2017-05-30;19:50:36.00;-5.0165;-78.2159;41;4.6
2017-05-31;03:12:37.00;-18.4567;-71.0146;23;4.5
2017-05-31;07:05:07.00;-10.9284;-76.6014;118;4.7
2017-06-01;15:09:21.00;-16.0018;-74.5063;30;5
2017-06-04;05:19:05.00;-5.3946;-77.7721;11;4.5
2017-06-04;08:46:34.00;-9.3854;-80.5163;24;4.5
2017-06-04;11:46:03.00;-16.1258;-72.712;112;4.5
2017-06-04;12:19:06.00;-9.3301;-72.6088;17;4.5
2017-06-04;14:05:58.00;-17.1577;-73.8523;22;4.7
2017-06-04;18:17:31.00;-4.9638;-80.1071;74;4.5
2017-06-04;21:18:40.00;-10.1382;-78.7791;48;4.5
2017-06-04;23:01:00.00;-12.9836;-74.7875;82;4.5
2017-06-05;04:08:32.00;-3.7369;-77.7483;185;4.9
2017-06-05;06:01:15.00;-6.4449;-76.8229;135;4.8
2017-06-05;08:10:34.00;-14.5666;-73.5641;7;4.5
2017-06-05;11:34:08.00;-4.1623;-80.6432;52;6.2
2017-06-05;17:39:42.00;-4.2335;-80.5384;31;4.6
2017-06-05;18:28:23.00;-8.8167;-80.0986;21;4.7
2017-06-05;22:17:26.00;-8.6923;-79.981;38;4.9
2017-06-06;14:20:05.00;-16.2236;-70.5396;7;4.7
2017-06-06;20:34:52.00;-4.2235;-80.5658;41;4.7
2017-06-07;04:33:18.00;-17.7858;-73.6982;30;5.3
2017-06-07;06:19:38.00;-15.9599;-74.7552;31;4.8
2017-06-08;04:27:40.00;-4.1816;-80.6336;47;4.9
2017-06-08;10:42:59.00;-16.5325;-73.1298;62;4.5
2017-06-08;14:01:08.00;-8.0052;-75.9161;168;5.7
2017-06-08;21:24:40.00;-9.6212;-78.9896;44;5.2
2017-06-09;17:22:33.00;-13.9354;-74.629;113;4.5
2017-06-09;23:34:19.00;-11.1579;-73.4067;103;4.7
2017-06-10;09:50:47.00;-17.36;-70.9431;24;4.5
2017-06-10;20:57:25.00;-8.4067;-75.187;56;4.6
2017-06-12;03:43:35.00;-9.9031;-78.883;27;4.5
2017-06-12;04:47:59.00;-15.1956;-73.4155;122;4.5
2017-06-12;09:18:17.00;-9.6777;-74.4229;34;4.6
2017-06-12;11:06:36.00;-15.3786;-73.4019;113;4.6
2017-06-13;04:53:46.00;-8.0766;-74.3501;132;4.6
2017-06-13;14:37:05.00;-10.5284;-79.796;45;4.8
2017-06-14;15:41:55.00;-14.8452;-72.9469;126;4.6
2017-06-15;08:47:47.00;-17.0246;-69.7424;183;4.8
2017-06-15;09:31:03.00;-8.6686;-75.5964;144;4.5
2017-06-15;18:27:06.00;-16.3805;-72.3996;92;4.9
2017-06-16;10:18:02.00;-17.0772;-69.7687;213;4.6
2017-06-16;13:27:42.00;-16.4888;-70.1618;208;4
2017-06-16;19:10:17.00;-7.9099;-77.1113;185;4.5
2017-06-16;19:16:58.00;-10.1739;-78.933;46;4.6
2017-06-18;05:24:33.00;-14.5179;-76.2689;16;4.9
2017-06-18;08:05:47.00;-8.2653;-74.5059;179;4.6
2017-06-18;19:45:39.00;-8.6465;-74.5981;151;4.5
2017-06-19;02:24:34.00;-6.7071;-74.8886;38;4.7
2017-06-19;04:16:32.00;-3.7033;-77.1745;130;5.2
2017-06-19;12:01:36.00;-5.2636;-76.4682;114;4.5
2017-06-19;18:38:55.00;-15.7471;-70.7482;215;4.7
2017-06-21;06:50:36.00;-3.6192;-77.1591;136;4.8
2017-06-22;00:55:37.00;-14.2955;-73.6953;106;4.5
2017-06-22;06:15:38.00;-14.997;-73.1589;114;4.8
2017-06-23;05:20:08.00;-16.1101;-71.5684;142;4.5
2017-06-24;00:00:14.00;-12.4535;-76.1496;101;4.7
2017-06-24;09:25:22.00;-15.7713;-72.9142;105;4.7
2017-06-24;16:09:11.00;-15.6573;-73.6162;94;6.2
2017-06-24;18:22:03.00;-5.0926;-76.7582;114;5
2017-06-25;03:03:40.00;-4.5327;-80.1861;92;5
2017-06-25;07:46:05.00;-4.9402;-80.9138;41;4.9
2017-06-25;08:13:15.00;-7.8505;-74.6885;165;4.6
2017-06-25;09:37:43.00;-15.1937;-71.7902;140;4.5
2017-06-25;11:40:55.00;-15.1871;-71.8024;135;4.6
2017-06-25;18:19:30.00;-7.3981;-74.9791;133;4.9
2017-06-26;08:20:54.00;-7.3005;-76.5604;131;4.6
2017-06-26;21:39:25.00;-15.1784;-71.8022;133;4.5
2017-06-26;23:48:05.00;-5.5995;-81.0163;31;4.5
2017-06-27;00:33:20.00;-8.0017;-74.6579;164;4.5
2017-06-27;05:21:09.00;-7.0203;-74.9655;147;4.5
2017-06-27;05:39:37.00;-17.4499;-69.6078;199;4.5
2017-06-28;09:48:12.00;-12.7834;-76.8355;52;4.7
2017-06-28;17:29:27.00;-5.6129;-77.2056;37;5.2
2017-06-28;20:34:18.00;-15.314;-71.3187;172;4.8
2017-06-28;22:50:30.00;-11.0131;-78.0862;66;4.8
2017-06-29;07:46:03.00;-2.8277;-75.4985;20;4.7
2017-06-29;19:03:43.00;-11.2014;-74.593;114;4.6
2017-06-30;08:36:24.00;-12.646;-77.183;28;4.9
2017-07-01;16:56:44.00;-10.6487;-74.6966;45;5
2017-07-03;19:34:33.00;-8.2529;-80.3902;51;4.5
2017-07-04;16:33:58.00;-15.7763;-74.056;66;5
2017-07-05;00:30:51.00;-4.9797;-76.9731;128;4.8
2017-07-05;07:19:30.00;-10.38;-78.64;42;4.8
2017-07-05;15:24:52.00;-17.9309;-69.4721;152;4.1
2017-07-06;05:00:20.00;-11.4766;-76.5469;110;4.5
2017-07-06;13:57:35.00;-3.2173;-75.3484;44;4.8
2017-07-06;23:23:06.00;-10.5946;-78.4995;48;5.1
2017-07-07;07:59:45.00;-16.4597;-74.0829;31;4.7
2017-07-08;04:51:57.00;-9.0453;-74.3562;160;5.2
2017-07-08;09:54:30.00;-15.1294;-72.3124;127;4.5
2017-07-08;20:38:39.00;-8.0861;-74.6049;158;4.7
2017-07-09;01:07:24.00;-11.8245;-77.566;54;5.2
2017-07-09;05:02:27.00;-16.38;-72.7315;86;4.7
2017-07-09;13:09:04.00;-14.0806;-76.1739;38;4.5
2017-07-09;23:49:05.00;-14.7431;-76.2394;19;4.6
2017-07-11;08:45:32.00;-7.8584;-76.3217;151;4.5
2017-07-11;15:51:11.00;-8.3289;-79.9354;32;4.6
2017-07-11;22:28:24.00;-10.8397;-75.5304;22;4.9
2017-07-12;01:41:28.00;-17.457;-73.635;26;4.5
2017-07-12;15:03:17.00;-3.9584;-81.1987;39;4.6
2017-07-13;05:12:52.00;-14.4628;-76.3914;16;4.7
2017-07-14;01:03:44.00;-14.552;-73.5921;12;4.6
2017-07-14;11:01:21.00;-18.6761;-70.7558;44;4.6
2017-07-14;11:27:28.00;-12.2195;-78.3772;27;4.9
2017-07-14;17:41:46.00;-11.0377;-77.051;118;5
2017-07-15;05:36:37.00;-9.8681;-78.9764;37;4.6
2017-07-16;11:15:52.00;-8.107;-75.8787;38;4.8
2017-07-17;02:43:06.00;-16.1673;-69.7543;256;4.9
2017-07-17;05:57:10.00;-10.7135;-79.1847;44;4.6
2017-07-17;06:26:57.00;-8.7639;-78.9447;75;4.9
2017-07-18;02:05:16.00;-16.6692;-73.9141;34;6.5
2017-07-18;03:28:53.00;-16.4289;-73.9987;28;4.9
2017-07-18;17:48:19.00;-16.5874;-73.7502;30;4.8
2017-07-19;01:38:05.00;-13.4966;-76.7619;53;4.8
2017-07-19;08:08:27.00;-5.5664;-77.1073;38;4.6
2017-07-19;10:05:14.00;-6.0497;-76.949;28;5.1
2017-07-20;00:38:37.00;-16.5135;-73.6982;29;4.7
2017-07-20;14:10:02.00;-18.1153;-71.7168;40;4.5
2017-07-20;14:19:32.00;-16.4989;-73.7621;30;4.7
2017-07-20;14:30:06.00;-3.5399;-80.213;53;4.8
2017-07-20;16:56:28.00;-14.1355;-73.655;105;5
2017-07-20;21:00:18.00;-13.9379;-76.2759;50;4.9
2017-07-21;06:51:25.00;-4.2725;-79.2486;130;4.5
2017-07-21;15:22:18.00;-15.9756;-74.6045;67;5.8
2017-07-23;21:51:19.00;-9.8306;-75.5426;49;4.6
2017-07-24;05:42:56.00;-6.5904;-78.6082;27;4.6
2017-07-26;02:17:54.00;-5.0848;-75.0772;124;4.9
2017-07-26;03:01:45.00;-16.8858;-74.3447;8;4.8
2017-07-26;08:17:46.00;-8.6678;-80.0101;12;5
2017-07-26;16:43:18.00;-8.1952;-74.4867;156;4.5
2017-07-26;20:59:51.00;-7.5547;-75.7697;125;5.5
2017-07-27;01:16:22.00;-6.2721;-75.6726;46;4.5
2017-07-27;04:46:33.00;-14.6787;-75.4257;36;4.6
2017-07-27;14:02:08.00;-10.5029;-74.6044;124;5
2017-07-27;19:05:23.00;-17.428;-73.0388;13;4.6
2017-07-28;07:23:02.00;-15.37;-73.7552;119;4.6
2017-07-28;08:43:02.00;-7.5534;-75.7512;111;4.5
2017-07-28;09:50:21.00;-7.5747;-75.7807;107;5.2
2017-07-28;18:42:57.00;-9.7731;-78.7641;47;4.6
2017-07-31;13:48:59.00;-14.5584;-73.5854;10;4.5
2017-08-01;02:40:19.00;-18.5423;-69.9044;102;4.6
2017-08-01;21:00:16.00;-10.0352;-80.061;23;4.8
2017-08-02;08:17:04.00;-7.509;-75.6779;127;4.6
2017-08-02;10:51:34.00;-15.5816;-73.0514;117;4.5
2017-08-02;20:10:54.00;-8.5988;-76.0634;9;5.1
2017-08-03;07:35:55.00;-10.7747;-75.1595;31;5
2017-08-03;09:03:33.00;-4.263;-78.2348;29;4.7
2017-08-03;23:17:19.00;-10.7016;-78.4109;39;5.2
2017-08-05;06:17:37.00;-16.8094;-71.0222;121;4.7
2017-08-05;08:17:16.00;-11.3553;-77.7195;71;4.7
2017-08-06;21:40:25.00;-12.6527;-76.1477;106;4.6
2017-08-06;23:00:22.00;-15.6904;-74.5614;79;4.5
2017-08-07;02:10:17.00;-13.9407;-76.1189;51;4.6
2017-08-07;07:01:27.00;-17.8517;-69.5425;182;4.7
2017-08-07;11:30:45.00;-16.6525;-69.6844;219;4.8
2017-08-08;05:04:37.00;-15.1988;-75.4078;49;4.6
2017-08-08;22:31:15.00;-7.9734;-79.9677;44;4.6
2017-08-09;22:03:17.00;-3.5727;-74.0231;114;4.7
2017-08-10;19:31:24.00;-16.2952;-74.1948;32;4.8
2017-08-11;20:17:52.00;-5.4819;-81.1696;39;5.1
2017-08-11;21:45:08.00;-16.4387;-73.5614;30;6.2
2017-08-12;02:45:48.00;-8.8584;-75.6534;139;5.6
2017-08-12;06:30:43.00;-13.7946;-76.4816;46;5.1
2017-08-13;02:02:51.00;-2.5651;-75.5862;144;4.9
2017-08-13;16:51:24.00;-10.7489;-74.6959;37;6.2
2017-08-13;18:29:42.00;-10.7662;-74.7696;26;5.1
2017-08-14;03:22:23.00;-10.807;-74.7095;27;4.6
2017-08-14;06:25:12.00;-10.8357;-75.3749;8;5.1
2017-08-14;08:13:30.00;-10.8527;-75.3701;6;5
2017-08-14;09:16:34.00;-10.7818;-74.7362;35;4.5
2017-08-15;06:32:58.00;-10.7364;-74.7763;25;4.7
2017-08-15;07:19:39.00;-14.1566;-73.5948;105;4.8
2017-08-15;09:26:26.00;-10.7297;-74.7798;32;4.6
2017-08-16;11:07:38.00;-14.8123;-73.6473;123;4.5
2017-08-18;00:53:52.00;-15.5251;-71.378;174;4.9
2017-08-18;14:36:27.00;-14.8972;-71.2177;182;4.8
2017-08-18;21:22:54.00;-3.0798;-81.2078;18;4.5
2017-08-19;03:22:20.00;-10.9758;-79.3261;31;5.4
2017-08-19;14:00:09.00;-13.4761;-75.6327;101;4.5
2017-08-19;15:21:43.00;-18.4262;-71.628;28;4.9
2017-08-20;17:42:14.00;-13.8312;-75.8971;84;5.6
2017-08-21;04:27:19.00;-14.7881;-75.7573;41;4.5
2017-08-22;21:54:14.00;-10.3733;-76.2955;136;4.5
2017-08-23;00:48:44.00;-12.2172;-76.984;71;4.5
2017-08-23;09:28:23.00;-15.5553;-73.3802;96;4.5
2017-08-23;11:57:26.00;-15.3631;-74.1347;88;5.3
2017-08-24;04:30:44.00;-3.8077;-81.7073;29;4.7
2017-08-24;09:24:47.00;-6.5028;-81.109;11;4.9
2017-08-24;20:03:50.00;-15.6723;-71.8772;10;4.8
2017-08-25;01:26:47.00;-18.4532;-71.0803;24;4.5
2017-08-25;02:07:37.00;-18.4478;-71.1031;21;4.6
2017-08-25;09:12:57.00;-15.2388;-73.2567;123;4.6
2017-08-25;16:22:12.00;-12.125;-76.4176;98;4.5
2017-08-25;17:19:39.00;-5.0917;-80.0369;86;4.5
2017-08-26;03:24:09.00;-6.6174;-80.6817;33;4.9
2017-08-26;14:08:47.00;-18.5168;-71.4069;35;4.7
2017-08-26;23:41:46.00;-7.5541;-74.9734;164;4.7
2017-08-27;01:08:09.00;-18.5408;-71.3236;37;4.5
2017-08-27;07:09:23.00;-17.1381;-69.782;211;4.5
2017-08-27;08:30:52.00;-8.2966;-73.3636;40;4.9
2017-08-27;09:11:33.00;-5.5629;-81.002;37;4.6
2017-08-27;10:04:21.00;-6.2064;-80.9714;21;4.5
2017-08-28;06:26:48.00;-7.9544;-74.4558;152;5.2
2017-08-28;07:20:57.00;-13.5134;-70.3597;8;5.5
2017-08-28;10:05:29.00;-15.6442;-70.5876;223;4.8
2017-08-29;02:09:20.00;-15.5693;-70.551;233;4.9
2017-08-30;02:40:31.00;-13.1171;-76.8538;71;4.6
2017-08-31;00:09:13.00;-10.1143;-75.1489;128;4.5
2017-08-31;01:01:53.00;-14.1734;-74.5311;74;4.6
2017-09-01;03:42:15.00;-15.6777;-70.9161;196;5.1
2017-09-01;18:16:31.00;-11.1956;-75.4956;115;4.9
2017-09-01;22:28:22.00;-8.52;-74.5506;170;5.3
2017-09-02;05:44:18.00;-12.3359;-75.9732;117;4.5
2017-09-02;15:29:04.00;-9.3304;-76.8983;139;4.7
2017-09-02;18:07:10.00;-4.2425;-77.8765;43;4.5
2017-09-02;22:58:20.00;-16.5035;-73.4338;39;4.6
2017-09-03;03:55:44.00;-17.8655;-69.8623;157;4.5
2017-09-03;08:04:08.00;-15.9628;-72.6805;103;4.5
2017-09-04;02:08:42.00;-4.8921;-76.0843;48;4.6
2017-09-04;06:25:15.00;-15.6117;-73.7131;96;4.7
2017-09-04;11:56:13.00;-8.9426;-78.6144;91;5.1
2017-09-04;13:07:49.00;-3.753;-80.013;89;4.6
2017-09-04;23:15:59.00;-15.1514;-71.5617;177;4.7
2017-09-06;00:34:47.00;-10.8582;-75.0203;13;4.5
2017-09-07;11:25:57.00;-3.2432;-77.3654;78;4.8
2017-09-08;21:05:56.00;-14.4908;-76.3489;11;4.7
2017-09-09;10:44:28.00;-15.5823;-70.2119;244;4.7
2017-09-09;16:08:06.00;-4.9167;-78.4467;42;4.7
2017-09-09;17:38:31.00;-13.7822;-74.6951;100;4.5
2017-09-11;00:59:11.00;-4.8718;-75.9995;132;4.7
2017-09-11;01:42:07.00;-4.5443;-79.6519;25;4.5
2017-09-11;03:36:52.00;-15.325;-71.5983;156;4.5
2017-09-11;12:24:48.00;-12.4214;-76.662;92;4.6
2017-09-12;03:33:16.00;-15.404;-70.6677;213;4.6
2017-09-13;04:33:14.00;-5.1489;-76.8684;125;4.6
2017-09-13;23:21:39.00;-18.1396;-69.4687;138;4.7
2017-09-14;08:19:23.00;-11.9032;-76.3349;11;5.2
2017-09-14;08:24:49.00;-11.9026;-76.3283;13;4.6
2017-09-14;08:26:46.00;-11.8994;-76.3331;10;4.5
2017-09-14;17:39:00.00;-17.9181;-69.7045;165;4.6
2017-09-15;03:48:08.00;-11.8844;-76.3204;12;4.5
2017-09-15;04:10:36.00;-11.8984;-76.3237;12;4.8
2017-09-15;06:43:08.00;-16.5343;-73.6592;42;4.7
2017-09-15;11:07:54.00;-10.291;-78.6216;46;4.8
2017-09-16;04:02:19.00;-10.8395;-73.8194;142;4.6
2017-09-17;03:11:58.00;-10.7511;-74.7647;30;4.6
2017-09-18;01:17:12.00;-17.6088;-69.6079;175;4.7
2017-09-18;03:16:54.00;-3.5613;-77.6669;45;4.8
2017-09-18;06:10:49.00;-11.4111;-75.9807;105;4.8
2017-09-20;00:16:34.00;-14.7552;-76.307;16;4.7
2017-09-20;05:26:09.00;-16.4374;-71.4803;137;5.6
2017-09-20;17:51:41.00;-18.2485;-69.9801;109;4.9
2017-09-21;20:02:03.00;-18.3922;-69.854;144;4.5
2017-09-24;03:31:36.00;-18.1323;-69.4345;162;4.6
2017-09-24;06:39:38.00;-14.5295;-75.7126;36;5
2017-09-24;18:19:50.00;-10.9862;-73.644;5;4.5
2017-09-25;01:14:49.00;-11.3181;-74.7787;13;4.5
2017-09-25;10:28:43.00;-3.5733;-76.7317;149;4.7
2017-09-25;18:32:06.00;-14.4268;-74.0849;104;4.6
2017-09-26;00:54:13.00;-11.9768;-77.7042;19;4.6
2017-09-26;08:33:24.00;-5.9521;-77.3272;17;5
2017-09-26;09:03:52.00;-13.2931;-74.9236;86;4.8
2017-09-27;02:27:40.00;-5.9296;-77.3724;19;4.5
2017-09-27;10:51:16.00;-5.9378;-77.3663;19;4.7
2017-09-27;20:05:12.00;-15.2149;-71.6162;146;4.9
2017-09-27;20:58:22.00;-10.835;-73.9821;117;5.1
2017-09-29;14:00:50.00;-17.3123;-70.0184;184;4.5
2017-09-29;19:12:44.00;-15.8528;-72.6931;113;4.7
2017-09-30;07:32:19.00;-2.5646;-77.7464;160;4.6
2017-10-01;19:05:40.00;-3.6959;-77.0025;136;4.5
2017-10-02;13:48:22.00;-7.9147;-74.4908;154;4.5
2017-10-02;22:05:59.00;-15.9438;-69.5226;255;4.5
2017-10-05;07:44:52.00;-6.245;-76.56;126;4.5
2017-10-05;14:50:09.00;-16.3807;-69.8941;246;4.6
2017-10-06;15:32:08.00;-4.2772;-80.8156;47;5.1
2017-10-07;03:44:23.00;-16.8662;-69.4644;187;5.3
2017-10-08;21:33:20.00;-9.6382;-75.4905;118;4.9
2017-10-10;06:32:22.00;-18.7025;-69.9668;92;6.4
2017-10-10;07:04:46.00;-18.6825;-69.9521;92;5.2
2017-10-10;07:21:43.00;-18.5806;-69.7773;94;4.8
2017-10-12;05:06:18.00;-10.6705;-74.9715;128;4.7
2017-10-12;13:45:12.00;-18.6983;-69.8982;104;4.8
2017-10-13;10:05:41.00;-12.6869;-77.0019;52;4.5
2017-10-13;20:23:41.00;-7.8554;-80.2421;55;4.7
2017-10-13;22:28:10.00;-8.2469;-79.7898;42;4.6
2017-10-14;19:36:04.00;-11.9106;-76.3457;22;4.9
2017-10-14;20:53:59.00;-14.3943;-73.6717;110;5.4
2017-10-16;21:54:47.00;-16.8612;-69.6812;221;4.7
2017-10-17;13:39:04.00;-15.6832;-70.5714;221;4.9
2017-10-17;23:42:49.00;-17.0468;-69.7588;206;4.6
2017-10-18;00:49:36.00;-12.7302;-75.041;107;4.6
2017-10-19;03:21:46.00;-5.4798;-80.2975;58;4.5
2017-10-21;04:00:45.00;-2.7542;-77.2858;263;4.5
2017-10-21;21:38:27.00;-16.5851;-73.5613;16;4.8
2017-10-22;00:09:17.00;-9.1377;-79.3;47;4.9
2017-10-22;01:37:06.00;-15.329;-74.143;116;5.5
2017-10-22;07:48:07.00;-5.3851;-75.715;50;4.9
2017-10-22;11:28:45.00;-17.4394;-69.3812;165;4.2
2017-10-23;00:09:11.00;-12.4138;-77.4528;34;5.1
2017-10-24;20:59:25.00;-16.2682;-73.5314;34;4.8
2017-10-25;05:19:07.00;-10.8105;-76.3146;137;4.5
2017-10-25;21:18:06.00;-15.918;-73.1263;96;4.7
2017-10-26;13:57:05.00;-4.021;-80.7826;30;4.8
2017-10-27;03:48:24.00;-8.4743;-80.2262;35;5.1
2017-10-27;13:51:50.00;-15.6703;-74.5909;68;4.6
2017-10-28;01:03:04.00;-3.9163;-80.6071;38;4.6
2017-10-28;01:39:44.00;-10.1942;-75.9411;132;4.6
2017-10-28;08:38:33.00;-7.9993;-79.8443;40;4.6
2017-10-29;05:30:00.00;-16.4234;-73.4608;27;5
2017-10-29;14:48:30.00;-11.0882;-74.5044;112;4.5
2017-10-29;22:10:12.00;-14.9531;-75.7955;42;4.5
2017-10-30;17:12:08.00;-10.8073;-74.8145;112;5.9
2017-11-01;03:36:03.00;-11.8017;-77.6322;47;4.8
2017-11-01;04:27:50.00;-8.8513;-75.709;14;4.6
2017-11-01;14:19:50.00;-11.1984;-78.1483;42;4.6
2017-11-01;20:46:22.00;-7.678;-75.63;113;4.6
2017-11-02;09:50:08.00;-7.5547;-81.0026;30;4.6
2017-11-03;07:33:55.00;-2.3926;-77.3812;144;4.3
2017-11-03;13:12:06.00;-15.7435;-70.6429;203;5
2017-11-04;09:01:00.00;-4.5311;-77.7871;20;4.8
2017-11-05;22:49:35.00;-8.61;-74.3117;155;5.4
2017-11-06;09:59:41.00;-8.6501;-74.4588;168;4.9
2017-11-06;11:18:01.00;-2.5185;-76.9725;163;4.9
2017-11-07;06:00:28.00;-15.8996;-73.1823;95;4.5
2017-11-08;00:57:33.00;-4.9983;-77.9252;15;4.7
2017-11-08;02:30:38.00;-7.6403;-74.66;168;5
2017-11-08;04:10:17.00;-14.2772;-73.09;121;4.5
2017-11-08;07:20:05.00;-16.0975;-73.8906;39;4.5
2017-11-08;08:48:32.00;-14.9442;-75.3966;63;4.9
2017-11-08;20:13:12.00;-13.5205;-77.0244;48;5.1
2017-11-09;17:58:10.00;-8.4378;-75.6097;37;4.5
2017-11-12;12:10:32.00;-16.2467;-72.1133;118;4.7
2017-11-14;03:04:31.00;-8.1778;-74.7091;184;4.5
2017-11-15;18:48:26.00;-10.2039;-78.7735;14;4.5
2017-11-16;00:58:12.00;-14.5788;-75.5679;42;4.9
2017-11-16;12:55:28.00;-15.9375;-73.95;49;5.1
2017-11-16;17:04:34.00;-17.92;-69.9523;158;4.9
2017-11-17;00:33:16.00;-7.2431;-80.961;29;5.1
2017-11-17;04:04:57.00;-3.6061;-80.7339;26;4.5
2017-11-17;21:10:52.00;-15.1064;-73.1704;113;4.5
2017-11-17;23:39:57.00;-17.8371;-69.896;167;4.9
2017-11-18;07:22:29.00;-4.283;-79.5037;109;4.6
2017-11-18;23:03:53.00;-4.1934;-80.5953;42;4.9
2017-11-19;03:35:45.00;-4.2736;-80.8244;29;4.9
2017-11-19;15:02:29.00;-15.8429;-75.3572;15;4.8
2017-11-19;20:50:00.00;-10.6106;-79.3017;23;4.7
2017-11-21;22:44:42.00;-15.4337;-70.3842;221;4.3
2017-11-22;20:24:24.00;-4.8699;-77.009;99;4.6
2017-11-23;03:35:17.00;-13.6676;-74.8626;94;4.8
2017-11-24;04:40:40.00;-14.4626;-75.8471;45;4.5
2017-11-24;07:24:26.00;-12.0739;-77.6307;41;4.6
2017-11-24;14:04:56.00;-8.7397;-74.5932;156;5.4
2017-11-24;16:15:52.00;-12.1577;-76.2506;110;5.1
2017-11-24;20:05:05.00;-4.3616;-78.4111;151;4.7
2017-11-26;22:19:02.00;-13.5958;-76.2096;34;4.5
2017-11-27;19:19:32.00;-17.7594;-69.5084;182;5.2
2017-11-29;06:29:03.00;-14.5773;-76.3724;12;5.9
2017-11-29;07:17:24.00;-13.5017;-74.9131;102;4.5
2017-11-29;14:28:15.00;-14.5458;-76.3439;10;4.9
2017-11-29;20:10:31.00;-14.5611;-76.2432;26;4.5
2017-11-30;12:11:27.00;-6.9347;-75.4842;127;4.6
2017-11-30;19:01:26.00;-17.084;-69.6405;203;5
2017-12-01;04:37:43.00;-16.2883;-71.6629;134;4.5
2017-12-01;07:30:16.00;-8.8575;-74.4908;157;4.6
2017-12-01;21:49:05.00;-8.217;-76.2075;159;5.1
2017-12-01;23:28:25.00;-18.2735;-70.0873;103;4.5
2017-12-03;04:37:18.00;-8.1789;-74.3673;192;4.8
2017-12-03;07:51:26.00;-15.3981;-75.7068;47;5
2017-12-04;11:42:01.00;-6.8798;-78.5886;5;4.5
2017-12-05;04:25:27.00;-15.8551;-71.7652;156;4.5
2017-12-05;07:14:38.00;-14.7919;-75.6264;52;4.5
2017-12-07;02:37:44.00;-4.3129;-80.231;28;5.1
2017-12-08;14:19:32.00;-7.35;-74.9325;152;5
2017-12-10;18:31:27.00;-8.2953;-75.1264;143;4.6
2017-12-11;14:17:32.00;-7.2083;-76.6915;160;4.5
2017-12-13;02:16:33.00;-5.5133;-78.5995;13;4.5
2017-12-13;20:12:07.00;-15.1147;-74.4886;118;4.5
2017-12-14;04:08:26.00;-8.1553;-76.2334;143;4.8
2017-12-14;09:40:13.00;-16.7822;-73.0434;40;4.6
2017-12-15;11:10:56.00;-9.0768;-75.8804;13;5.2
2017-12-15;14:14:09.00;-18.1009;-70.242;105;4.9
2017-12-15;15:46:52.00;-6.49;-80.5308;46;4.5
2017-12-16;07:53:20.00;-5.0754;-75.3925;151;4.6
2017-12-16;17:00:01.00;-17.9063;-73.7753;31;4.8
2017-12-17;19:49:08.00;-18.3648;-71.4862;36;4.7
2017-12-19;11:30:32.00;-10.7414;-73.6065;14;4.6
2017-12-19;14:05:11.00;-18.0694;-69.5078;173;4.8
2017-12-19;17:10:58.00;-18.5386;-69.7392;142;4
2017-12-20;18:16:11.00;-18.1314;-69.9062;117;5.3
2017-12-20;18:53:42.00;-18.1257;-69.5034;162;5.2
2017-12-22;03:56:55.00;-5.647;-81.6071;46;5
2017-12-24;19:33:21.00;-14.2797;-74.4806;96;5.3
2017-12-25;02:17:12.00;-11.3628;-77.8182;61;4.6
2017-12-25;20:02:53.00;-8.2684;-74.2694;162;4.5
2017-12-26;01:45:34.00;-14.1828;-72.8738;72;4
2017-12-26;06:04:21.00;-3.1476;-80.8605;9;4.3
2017-12-26;15:26:14.00;-17.6806;-69.5905;160;5.3
2017-12-26;18:47:33.00;-5.7972;-79.6627;108;5.2
2017-12-27;07:14:48.00;-13.0981;-74.4601;73;5.1
2017-12-27;12:49:04.00;-12.4999;-71.7145;9;5
2017-12-27;14:10:28.00;-17.2974;-69.9988;204;4.5
2017-12-29;08:11:40.00;-9.4415;-74.9395;139;4.9
2017-12-29;10:20:12.00;-10.0937;-74.9265;121;5
2018-01-01;12:15:40.00;-14.9225;-73.6197;142;4.6
2018-01-01;18:09:06.00;-15.6269;-70.7813;189;4.5
2018-01-02;05:02:29.00;-10.6559;-74.2408;107;4.5
2018-01-02;13:13:23.00;-8.5175;-80.0582;43;4.6
2018-01-02;19:57:57.00;-13.7127;-74.6978;86;4.5
2018-01-03;00:30:34.00;-8.4428;-74.8285;149;5.1
2018-01-03;05:09:13.00;-15.0161;-72.283;122;4.7
2018-01-06;03:34:22.00;-14.5036;-76.6416;7;4.5
2018-01-06;19:31:01.00;-10.5038;-78.6233;31;4.8
2018-01-08;06:24:35.00;-4.3378;-81.8296;10;4.5
2018-01-09;04:28:07.00;-16.1629;-73.287;87;4.5
2018-01-09;12:21:56.00;-5.9184;-81.1345;31;4.5
2018-01-10;03:16:43.00;-18.3038;-69.6305;150;5.3
2018-01-11;14:36:34.00;-15.9192;-72.9506;108;4.6
2018-01-12;15:03:35.00;-15.5513;-71.3757;170;4.9
2018-01-14;09:18:41.00;-16.0529;-74.9038;27;7.1
2018-01-14;09:50:40.00;-15.9076;-74.6369;47;4.9
2018-01-14;20:05:08.00;-15.852;-74.8202;52;4.5
2018-01-15;14:27:15.00;-15.6045;-71.2821;177;4.9
2018-01-16;04:23:06.00;-6.4519;-75.9601;95;4.5
2018-01-16;10:52:16.00;-15.9191;-74.8163;50;4.5
2018-01-16;15:02:26.00;-15.9241;-74.6826;53;5.4
2018-01-16;15:21:03.00;-15.8999;-74.618;54;4.5
2018-01-16;23:32:50.00;-9.0125;-75.7202;130;4.5
2018-01-17;20:29:22.00;-8.4244;-79.4254;52;4.7
2018-01-19;01:11:39.00;-13.3508;-74.6987;103;5.6
2018-01-19;04:23:15.00;-15.933;-74.5596;23;4.8
2018-01-19;17:44:26.00;-16.0145;-74.7728;41;5.3
2018-01-19;22:31:27.00;-3.9054;-80.0518;106;4.9
2018-01-20;01:18:24.00;-13.7613;-76.428;37;4.6
2018-01-21;04:13:00.00;-6.8134;-81.0015;37;4.5
2018-01-21;06:40:56.00;-15.9527;-74.7661;48;5.3
2018-01-21;07:30:55.00;-3.1344;-75.8934;165;5.3
2018-01-22;00:53:28.00;-10.5388;-74.9449;120;5.4
2018-01-22;07:50:35.00;-7.8646;-79.083;93;4.5
2018-01-22;13:56:48.00;-18.429;-69.6881;146;4.7
2018-01-22;14:11:35.00;-8.5037;-80.7142;8;4.6
2018-01-23;13:45:30.00;-4.0778;-80.9392;28;4.9
2018-01-23;23:54:52.00;-2.7385;-76.7618;46;5
2018-01-24;01:31:21.00;-4.858;-80.8424;26;4.5
2018-01-24;05:52:50.00;-6.9624;-81.1062;29;4.5
2018-01-24;21:25:18.00;-9.8443;-78.7868;43;4.6
2018-01-25;03:11:48.00;-12.2412;-72.2815;27;4.9
2018-01-25;16:04:35.00;-16.0668;-72.3552;121;4.6
2018-01-25;22:03:32.00;-4.8255;-76.5222;39;5.1
2018-01-26;12:16:37.00;-4.0855;-77.9963;19;4.9
2018-01-26;14:31:05.00;-15.9854;-74.4937;47;4.9
2018-01-26;22:27:08.00;-15.9402;-74.8709;42;5
2018-01-27;02:22:00.00;-9.2795;-72.4555;154;4.7
2018-01-27;20:26:32.00;-16.0078;-74.5096;49;5.1
2018-01-27;21:19:45.00;-11.2541;-74.4314;7;4.7
2018-01-28;06:03:50.00;-16.0286;-74.8286;34;5.2
2018-01-28;07:39:33.00;-15.9401;-74.8791;46;4.5
2018-01-29;06:49:55.00;-8.2047;-74.3402;191;4.9
2018-01-29;10:01:48.00;-18.238;-69.5843;154;4.9
2018-01-29;11:25:16.00;-15.8966;-74.3291;77;5.1
2018-01-30;14:23:50.00;-16.086;-74.7303;36;5.8
2018-02-01;05:35:50.00;-8.4369;-79.3565;49;5.3
2018-02-02;14:05:04.00;-16.6084;-69.7538;205;4.6
2018-02-04;18:11:43.00;-15.8526;-74.6433;49;4.9
2018-02-04;21:47:26.00;-17.4272;-70.9586;23;5.2
2018-02-04;22:52:34.00;-18.7648;-70.7446;39;4.5
2018-02-05;19:27:06.00;-12.7538;-78.194;31;5.2
2018-02-05;20:40:57.00;-6.1481;-76.7223;142;4.9
2018-02-05;22:31:02.00;-16.0174;-74.6133;30;5.2
2018-02-07;09:47:40.00;-3.2155;-81.1085;24;4.8
2018-02-07;13:55:08.00;-15.9664;-74.6623;31;4.8
2018-02-07;20:19:17.00;-6.8758;-76.1924;131;4.7
2018-02-08;05:40:03.00;-17.7618;-69.7232;166;4.9
2018-02-10;03:21:04.00;-11.0351;-74.7698;45;4.6
2018-02-10;04:28:17.00;-15.4012;-71.9594;151;4.7
2018-02-10;17:54:40.00;-7.2179;-80.4496;33;4.6
2018-02-11;04:11:11.00;-16.6738;-74.0786;32;5.7
2018-02-11;18:06:36.00;-15.9544;-74.5755;26;4.9
2018-02-11;20:21:28.00;-10.7263;-78.6829;32;4.9
2018-02-13;16:36:32.00;-4.5622;-82.0788;15;4.6
2018-02-14;00:26:44.00;-11.8673;-76.3424;110;4.7
2018-02-15;02:45:50.00;-15.1199;-75.3676;53;4.5
2018-02-16;00:18:48.00;-6.0025;-81.329;27;4.9
2018-02-16;01:40:47.00;-6.2068;-76.4881;135;4.6
2018-02-16;08:01:19.00;-5.9735;-81.4217;20;5.3
2018-02-17;01:57:34.00;-13.3906;-76.8803;44;4.5
2018-02-19;08:56:24.00;-15.9864;-74.0668;49;5.1
2018-02-20;07:08:01.00;-16.7653;-69.8032;196;5.1
2018-02-20;21:57:07.00;-13.763;-73.5259;96;4.7
2018-02-21;03:19:58.00;-11.1174;-74.5393;121;4.6
2018-02-21;07:13:56.00;-13.31;-76.2606;86;4.6
2018-02-23;05:16:32.00;-4.4916;-73.9752;288;4.5
2018-02-25;15:52:11.00;-8.5781;-75.9046;42;4.8
2018-02-26;06:26:56.00;-15.2033;-71.5699;161;5.1
2018-02-26;07:16:22.00;-8.8479;-75.7537;143;4.6
2018-02-26;13:39:03.00;-15.5122;-71.0908;187;4.5
2018-02-27;02:45:14.00;-8.6614;-80.9012;26;4.5
2018-02-28;00:16:29.00;-13.4592;-76.5068;38;4.8
2018-02-28;04:09:48.00;-16.0128;-74.5723;52;4.6
2018-03-02;01:59:52.00;-15.0757;-75.6095;28;4.8
2018-03-04;06:16:17.00;-5.8242;-81.1257;23;5.1
2018-03-04;13:52:54.00;-5.8284;-81.1767;33;4.6
2018-03-05;02:54:06.00;-18.2491;-71.4842;27;4.8
2018-03-06;11:38:46.00;-17.4694;-69.7828;168;4.7
2018-03-06;12:27:42.00;-12.1858;-75.9702;119;4.5
2018-03-06;19:03:07.00;-4.3061;-80.7801;14;4.7
2018-03-06;21:30:52.00;-11.4325;-73.2173;28;4.5
2018-03-07;12:46:53.00;-8.1456;-79.8195;31;4.6
2018-03-07;17:40:32.00;-13.884;-76.2503;44;4.7
2018-03-08;04:16:17.00;-8.615;-76.1222;126;4.6
2018-03-08;06:02:01.00;-5.2826;-76.7657;101;4.8
2018-03-08;09:52:50.00;-4.6804;-78.1146;27;4.9
2018-03-08;21:45:42.00;-12.9391;-75.2607;106;4.6
2018-03-09;06:39:20.00;-2.7364;-75.3745;124;4.9
2018-03-09;09:26:09.00;-8.8963;-76.0877;14;4.7
2018-03-10;20:55:01.00;-5.0026;-81.2475;28;4.7
2018-03-11;01:30:27.00;-7.4562;-76.2017;144;4.9
2018-03-13;17:35:04.00;-10.3569;-75.1488;34;5.5
2018-03-13;17:50:38.00;-8.5131;-74.9668;138;4.7
2018-03-13;23:50:31.00;-10.3986;-75.1963;23;4.6
2018-03-13;23:57:01.00;-11.3166;-73.369;13;4.5
2018-03-14;07:07:33.00;-8.0885;-74.5441;170;4.5
2018-03-15;04:15:01.00;-9.1206;-79.3593;37;4.6
2018-03-15;05:05:07.00;-17.1874;-71.1053;23;4.7
2018-03-15;20:13:14.00;-8.7246;-71.3994;608;5.2
2018-03-16;01:00:40.00;-17.1423;-70.7913;114;4.8
2018-03-16;01:44:35.00;-13.9973;-75.5787;84;4.5
2018-03-19;01:12:38.00;-8.0425;-74.5551;160;4.5
2018-03-21;06:19:48.00;-15.768;-75.0906;18;4.5
2018-03-22;17:25:48.00;-7.7468;-74.6669;168;4.7
2018-03-23;04:58:46.00;-4.77;-77.5354;23;5
2018-03-23;13:22:45.00;-5.456;-80.2471;54;4.5
2018-03-25;00:55:57.00;-2.7855;-80.2763;54;4.5
2018-03-25;06:26:46.00;-10.7942;-78.4605;55;4.5
2018-03-26;05:31:44.00;-9.9765;-78.9065;48;4.7
2018-03-26;05:47:34.00;-9.0108;-75.4007;123;4.5
2018-03-27;01:55:47.00;-14.8618;-73.9074;100;4.7
2018-03-27;08:40:51.00;-15.5962;-73.9866;65;4.5
2018-03-27;13:19:06.00;-9.1548;-75.586;11;4.5
2018-03-28;00:51:39.00;-15.722;-75.5496;10;4.5
2018-03-31;11:52:19.00;-8.4371;-80.2103;6;4.6
2018-04-01;13:14:19.00;-8.8472;-74.8881;37;4.6
2018-04-01;16:07:06.00;-10.8893;-79.1556;38;4.9
2018-04-04;05:25:17.00;-15.9151;-74.724;48;5
2018-04-04;06:04:46.00;-14.3095;-75.8157;57;4.5
2018-04-04;10:10:25.00;-12.3605;-72.2163;48;4.7
2018-04-06;00:40:15.00;-15.3224;-75.7304;20;5.7
2018-04-06;04:16:53.00;-15.329;-75.7465;20;5.3
2018-04-06;07:19:14.00;-18.6343;-69.9191;102;4.5
2018-04-06;11:33:16.00;-15.8664;-72.2417;149;4.7
2018-04-07;20:15:05.00;-10.9108;-78.5255;51;5.3
2018-04-08;14:24:58.00;-14.0817;-72.9474;123;5
2018-04-08;20:34:56.00;-15.2921;-71.9485;142;4.7
2018-04-09;00:29:31.00;-9.6602;-79.1603;33;4.7
2018-04-09;19:08:45.00;-16.0883;-74.5458;49;5.4
2018-04-13;05:02:19.00;-8.6323;-74.8974;128;4.7
2018-04-13;06:15:07.00;-10.9924;-74.8891;11;4.5
2018-04-13;13:30:30.00;-7.1792;-74.5303;188;5.1
2018-04-13;15:11:59.00;-17.514;-71.1973;51;4.7
2018-04-14;18:52:16.00;-16.6464;-72.8718;52;4.5
2018-04-14;19:26:23.00;-7.9011;-74.5553;174;5.3
2018-04-15;07:35:35.00;-16.9426;-71.8549;83;4.8
2018-04-15;11:20:52.00;-6.6888;-76.1681;145;4.5
2018-04-16;13:43:33.00;-17.624;-69.6904;171;4.5
2018-04-16;14:55:22.00;-7.9535;-74.4271;150;4.6
2018-04-17;12:12:51.00;-17.5563;-69.7089;167;4.9
2018-04-19;16:47:57.00;-9.493;-71.5576;177;4.8
2018-04-20;00:12:37.00;-9.5307;-71.5988;185;5.1
2018-04-20;12:23:28.00;-18.1275;-70.9868;41;4.9
2018-04-20;20:28:51.00;-11.3108;-73.2838;33;4.5
2018-04-20;22:21:47.00;-8.4694;-73.8497;165;4.6
2018-04-21;09:15:59.00;-8.8291;-74.5119;148;5.1
2018-04-21;17:18:26.00;-9.2247;-78.6858;84;4.6
2018-04-23;09:18:14.00;-10.3321;-75.0985;35;4.8
2018-04-23;14:03:31.00;-8.8399;-75.7605;138;4.6
2018-04-23;22:10:07.00;-9.5115;-79.9934;26;4.8
2018-04-24;02:44:32.00;-14.4031;-74.4036;96;5.2
2018-04-24;07:28:42.00;-6.9015;-76.9112;124;4.6
2018-04-24;09:46:14.00;-4.011;-80.9023;27;4.5
2018-04-25;05:40:45.00;-10.661;-75.0662;8;4.8
2018-04-26;11:49:34.00;-16.0936;-73.0478;23;4.6
2018-04-26;12:40:45.00;-8.9969;-79.3166;43;4.9
2018-04-26;12:55:14.00;-6.9214;-74.3939;174;5.1
2018-04-26;13:48:35.00;-12.9664;-75.1651;110;4.9
2018-04-27;00:30:37.00;-10.5022;-74.6241;121;4.5
2018-04-27;05:50:07.00;-12.6753;-76.9941;42;4.6
2018-04-27;22:27:17.00;-16.1561;-74.5456;18;4.5
2018-04-29;05:58:32.00;-12.3431;-78.3893;22;4.9
2018-04-30;23:23:34.00;-15.8268;-75.4501;10;4.7
2018-05-01;08:22:32.00;-10.5138;-74.9213;130;4.7
2018-05-01;09:34:50.00;-2.931;-77.3719;239;4.3
2018-05-02;06:41:18.00;-16.2254;-73.7026;31;4.6
2018-05-02;14:32:36.00;-16.3288;-72.7466;90;4.6
2018-05-02;18:44:40.00;-8.991;-79.365;39;4.9
2018-05-03;01:38:55.00;-8.8892;-74.4971;153;4.9
2018-05-03;17:43:48.00;-7.5876;-74.6207;138;4.9
2018-05-05;03:48:05.00;-7.5389;-75.6643;133;4.5
2018-05-05;13:46:42.00;-18.0861;-69.6268;143;4.9
2018-05-06;07:21:37.00;-12.5162;-76.3755;94;4.5
2018-05-06;09:01:11.00;-6.4461;-80.8868;24;4.9
2018-05-07;11:01:58.00;-5.196;-79.1007;118;4.5
2018-05-07;11:14:11.00;-18.2884;-69.8433;127;4.9
2018-05-07;11:31:29.00;-16.1743;-74.2761;23;5
2018-05-08;03:32:32.00;-8.0692;-79.4353;56;4.9
2018-05-08;06:18:39.00;-12.9981;-76.1525;95;4.6
2018-05-10;01:27:16.00;-6.1241;-75.5627;38;4.7
2018-05-10;04:01:49.00;-15.8954;-74.2538;45;4.9
2018-05-10;11:57:56.00;-16.4419;-69.807;227;4.7
2018-05-11;18:48:31.00;-16.241;-72.2264;125;5.3
2018-05-11;19:16:51.00;-6.5693;-74.4028;134;4.7
2018-05-12;07:40:58.00;-3.0882;-77.0144;154;4.7
2018-05-13;18:14:44.00;-13.5932;-76.3131;45;4.9
2018-05-14;04:24:40.00;-11.4284;-74.7542;48;4.5
2018-05-14;05:48:34.00;-4.3407;-80.5374;48;4.6
2018-05-14;10:34:41.00;-11.0654;-74.4477;9;5
2018-05-14;13:25:25.00;-9.9411;-75.6722;10;4.5
2018-05-15;09:59:56.00;-6.1079;-80.6948;25;4.8
2018-05-16;10:01:33.00;-12.1646;-76.3655;84;4.5
2018-05-16;11:02:21.00;-7.6926;-74.9267;238;4.8
2018-05-17;11:07:12.00;-12.7852;-76.8737;49;5.8
2018-05-19;20:12:26.00;-8.9573;-73.5667;133;4.7
2018-05-20;00:20:38.00;-12.1352;-75.8215;121;4.7
2018-05-20;11:05:46.00;-17.0738;-70.5297;139;4.8
2018-05-21;01:48:52.00;-10.7457;-74.7725;116;4.9
2018-05-21;08:02:45.00;-13.5353;-76.212;43;4.5
2018-05-21;09:29:14.00;-8.4187;-75.6966;130;4.9
2018-05-22;13:08:36.00;-11.259;-78.1469;48;5.3
2018-05-22;22:12:16.00;-9.095;-80.6435;10;5.5
2018-05-24;01:45:10.00;-12.1518;-71.7414;13;5.4
2018-05-24;02:06:13.00;-12.1343;-71.7582;13;4.9
2018-05-25;03:57:52.00;-18.0089;-71.5218;39;4.5
2018-05-25;07:49:35.00;-17.2235;-72.8164;18;4.5
2018-05-25;14:21:22.00;-6.5523;-80.9063;11;4.9
2018-05-25;14:25:19.00;-6.5493;-81.0147;27;4.9
2018-05-25;16:20:57.00;-6.5554;-80.9374;26;4.7
2018-05-27;08:54:27.00;-9.0548;-75.4825;20;4.7
2018-05-27;20:11:37.00;-11.8516;-76.0351;13;4.8
2018-05-28;18:33:42.00;-9.2731;-79.2888;34;4.9
2018-05-30;04:47:54.00;-11.951;-78.9076;41;4.7
2018-05-30;07:27:04.00;-4.5015;-76.0015;155;4.9
2018-05-31;00:08:30.00;-15.7946;-69.9076;256;4.7
2018-05-31;11:53:02.00;-9.9363;-76.199;138;4.5
2018-05-31;22:30:08.00;-9.5854;-73.8983;143;4.6
2018-06-03;04:23:59.00;-15.9234;-73.0846;98;4.9
2018-06-03;04:50:43.00;-15.6169;-70.5335;233;4.6
2018-06-03;05:38:42.00;-18.448;-70.193;73;4.5
2018-06-03;12:01:29.00;-6.3607;-81.1835;43;4.6
2018-06-03;23:34:21.00;-8.9449;-75.0516;28;5.4
2018-06-05;04:07:03.00;-14.9802;-72.0075;146;4.6
2018-06-05;09:36:03.00;-8.6647;-74.4718;167;5
2018-06-05;21:00:40.00;-10.8064;-74.6559;21;4.6
2018-06-06;09:58:24.00;-11.6232;-77.7298;45;4.6
2018-06-08;06:51:36.00;-16.6479;-69.1846;233;4.8
2018-06-10;16:01:07.00;-4.7066;-80.2654;66;4.5
2018-06-11;05:04:35.00;-16.1653;-73.4249;67;5
2018-06-12;00:04:16.00;-10.0537;-75.2503;9;4.5
2018-06-12;15:04:57.00;-8.3935;-74.3565;160;5.3
2018-06-14;22:27:46.00;-12.8087;-73.9394;63;4.9
2018-06-15;04:26:48.00;-15.3234;-72.3758;142;4.5
2018-06-15;21:32:19.00;-14.7558;-75.5358;50;4.9
2018-06-16;02:51:49.00;-13.5612;-72.613;6;5
2018-06-16;09:56:12.00;-15.9318;-73.2406;92;4.8
2018-06-17;16:24:14.00;-12.5575;-76.0285;104;4.6
2018-06-18;00:11:25.00;-17.4787;-72.3936;22;4.8
2018-06-18;01:00:52.00;-9.9288;-75.5728;17;5.2
2018-06-18;02:23:54.00;-10.2238;-79.8092;32;4.6
2018-06-20;18:22:02.00;-9.9069;-78.934;16;4.6
2018-06-20;19:47:45.00;-9.3678;-79.3467;38;5.2
2018-06-20;23:37:31.00;-16.4641;-73.3031;40;4.9
2018-06-21;13:18:48.00;-9.0146;-75.7516;10;4.7
2018-06-23;13:15:26.00;-9.2207;-74.2164;134;4.5
2018-06-25;08:44:01.00;-11.999;-77.2431;67;4.5
2018-06-25;11:42:31.00;-8.7447;-80.3614;9;4.5
2018-06-26;00:16:08.00;-15.4795;-74.4931;85;4.5
2018-06-26;03:51:39.00;-18.6851;-70.0084;135;4.9
2018-06-26;07:22:55.00;-10.8273;-78.4608;53;4.6
2018-06-26;11:43:00.00;-8.2688;-74.4554;173;4.9
2018-06-28;01:24:01.00;-8.6882;-74.3451;123;5
2018-06-29;08:44:19.00;-8.5748;-79.7173;34;4.6
2018-06-30;17:58:07.00;-17.3789;-69.7437;181;4.9
2018-06-30;20:40:05.00;-15.0545;-72.5325;122;4.6
2018-07-01;00:08:48.00;-12.5125;-77.1955;43;4.6
2018-07-01;01:20:15.00;-8.3326;-75.8833;19;5
2018-07-01;04:24:57.00;-15.2074;-74.4316;92;5
2018-07-01;20:54:24.00;-16.0796;-69.6427;254;4.9
2018-07-01;21:01:51.00;-12.7132;-76.9895;44;4.5
2018-07-02;00:59:03.00;-11.4632;-73.8893;148;4.6
2018-07-04;18:53:00.00;-17.7817;-69.4648;167;5.1
2018-07-05;17:06:36.00;-7.5072;-75.6561;112;4.7
2018-07-05;23:01:10.00;-3.7615;-80.0895;84;4.6
2018-07-06;12:46:59.00;-10.8321;-78.4202;38;4.7
2018-07-10;07:15:41.00;-4.4939;-78.5708;32;4.5
2018-07-10;09:36:09.00;-18.1916;-72.5573;20;4.9
2018-07-10;17:16:51.00;-15.909;-69.341;280;4.6
2018-07-10;22:35:13.00;-14.8601;-75.8402;45;4.5
2018-07-11;17:57:47.00;-3.632;-77.7362;132;5
2018-07-13;08:41:58.00;-9.1166;-79.3194;27;4.5
2018-07-13;10:49:57.00;-5.8681;-77.927;27;4.5
2018-07-16;11:37:56.00;-9.6023;-77.6861;11;4.5
2018-07-17;00:10:36.00;-17.6942;-70.7145;23;4.5
2018-07-17;11:27:13.00;-4.9861;-77.7759;109;5
2018-07-18;01:29:36.00;-5.5537;-76.6824;160;5.1
2018-07-18;22:00:54.00;-12.2675;-76.8738;83;4.7
2018-07-22;01:15:43.00;-8.1031;-74.3739;181;4.7
2018-07-22;06:24:00.00;-14.6889;-76.1187;18;5
2018-07-22;07:12:10.00;-11.9359;-73.1584;120;4.6
2018-07-22;10:16:05.00;-15.7731;-75.4951;10;4.6
2018-07-22;16:27:43.00;-15.6715;-72.2527;124;4.8
2018-07-23;23:07:29.00;-7.6882;-76.2067;156;4.7
2018-07-24;14:57:03.00;-16.0989;-72.3797;106;4.7
2018-07-25;06:48:37.00;-12.9673;-75.1415;113;4.7
2018-07-26;08:30:58.00;-7.1972;-80.606;10;4.7
2018-07-26;20:30:17.00;-10.2473;-75.7787;134;4.7
2018-07-27;21:27:04.00;-15.976;-74.9933;31;4.5
2018-07-28;01:57:12.00;-11.2878;-78.1737;42;4.5
2018-07-29;03:43:59.00;-14.9369;-73.8331;98;5
2018-07-30;08:46:39.00;-8.6246;-79.7349;36;4.6
2018-07-30;14:15:29.00;-8.0482;-75.9702;145;4.8
2018-07-31;23:01:25.00;-14.452;-76.3114;33;4.5
2018-08-03;15:34:56.00;-5.8049;-80.996;35;4.6
2018-08-03;22:57:09.00;-4.3032;-77.0174;103;4.6
2018-08-05;18:48:31.00;-16.1511;-73.254;71;5
2018-08-08;07:28:31.00;-13.2106;-75.211;102;4.6
2018-08-08;13:10:32.00;-8.1997;-74.3478;148;4.7
2018-08-09;07:55:20.00;-16.8291;-73.1362;44;4.6
2018-08-10;15:03:30.00;-3.2999;-77.6627;56;4.9
2018-08-11;03:59:54.00;-13.5749;-75.4129;114;4.5
2018-08-11;08:40:40.00;-6.565;-76.2957;129;4.6
2018-08-11;23:47:02.00;-9.6425;-75.218;127;4.5
2018-08-12;07:21:37.00;-15.362;-73.0777;134;4.7
2018-08-13;06:36:39.00;-14.1105;-74.0631;90;4.6
2018-08-16;02:38:51.00;-7.4821;-75.7095;110;4.5
2018-08-16;18:29:21.00;-17.1384;-73.4812;19;4.8
2018-08-16;19:09:14.00;-3.1327;-81.7365;48;5
2018-08-17;07:05:49.00;-12.8334;-76.8662;49;4.6
2018-08-17;08:16:32.00;-3.9404;-78.1683;116;4.7
2018-08-17;18:39:12.00;-15.7301;-70.419;235;5
2018-08-20;06:13:14.00;-15.7285;-71.8522;10;4.9
2018-08-20;18:53:27.00;-15.4898;-72.1888;145;4.5
2018-08-22;16:23:32.00;-3.0374;-75.6418;167;5.7
2018-08-23;00:42:43.00;-13.5931;-76.924;13;4.6
2018-08-23;08:16:28.00;-3.5198;-77.3722;122;4.9
2018-08-23;09:44:04.00;-17.3512;-69.6719;173;5.4
2018-08-23;22:35:53.00;-9.3371;-76.1215;29;4.9
2018-08-24;09:03:50.00;-10.7699;-70.8201;657;7.1
2018-08-26;06:06:05.00;-5.3005;-77.7678;21;4.7
2018-08-26;19:58:12.00;-11.2687;-70.6619;637;5.2
2018-08-26;21:49:05.00;-18.3405;-69.7319;139;4.5
2018-08-27;00:13:42.00;-8.6934;-75.4224;18;4.6
2018-08-27;04:16:02.00;-9.8302;-78.8377;32;4.9
2018-08-27;21:46:18.00;-17.7768;-70.0008;135;5.2
2018-08-29;05:06:29.00;-15.6352;-75.7437;29;4.9
2018-08-29;17:43:54.00;-15.9593;-74.7001;33;5
2018-09-01;04:52:29.00;-14.8549;-73.8141;103;4.7
2018-09-02;20:03:51.00;-8.0137;-74.6041;169;4.6
2018-09-03;06:31:35.00;-3.2588;-77.5697;115;5.1
2018-09-03;19:24:19.00;-14.0271;-76.2349;35;5
2018-09-04;19:47:01.00;-17.6578;-72.8704;6;4.9
2018-09-05;00:13:34.00;-15.8626;-72.4839;119;4.8
2018-09-05;06:23:05.00;-11.7623;-72.974;110;4.5
2018-09-05;06:56:01.00;-14.6485;-75.6173;46;4.6
2018-09-05;07:37:42.00;-17.5987;-71.375;38;4.5
2018-09-06;08:21:42.00;-14.5923;-74.3533;108;4.5
2018-09-06;20:01:25.00;-13.0472;-75.048;109;4.7
2018-09-07;00:42:02.00;-6.9173;-76.7782;136;4.8
2018-09-07;22:34:57.00;-9.7853;-76.2442;132;5.1
2018-09-08;08:28:05.00;-10.6764;-78.6517;44;4.9
2018-09-08;14:38:56.00;-4.6323;-81.5914;12;5.4
2018-09-09;03:19:34.00;-4.0696;-76.1372;125;5.3
2018-09-09;04:04:48.00;-14.5397;-75.5953;38;4.5
2018-09-09;08:23:26.00;-10.8427;-74.4491;121;4.5
2018-09-09;16:42:57.00;-9.8301;-78.8146;41;4.5
2018-09-09;17:41:01.00;-9.8091;-78.8094;32;4.5
2018-09-10;01:52:58.00;-18.0681;-70.366;120;4.7
2018-09-12;04:08:12.00;-4.1158;-76.2901;131;4.5
2018-09-12;09:43:49.00;-17.8732;-71.1543;35;4.5
2018-09-12;09:53:51.00;-7.6806;-74.5601;165;4.9
2018-09-13;10:12:52.00;-13.8806;-75.9462;40;4.5
2018-09-13;12:03:19.00;-15.6535;-70.1975;238;4.9
2018-09-13;14:40:51.00;-16.3853;-73.5633;30;4.6
2018-09-14;04:12:33.00;-7.6352;-74.6029;154;5.4
2018-09-14;06:42:50.00;-8.3053;-74.1956;160;4.9
2018-09-14;09:08:05.00;-16.5049;-72.0431;20;4.9
2018-09-14;11:14:40.00;-11.055;-74.0127;114;4.5
2018-09-14;11:20:03.00;-16.1013;-71.6123;127;5.8
2018-09-15;06:22:18.00;-5.2879;-79.9873;87;4.5
2018-09-15;08:54:40.00;-17.6205;-72.8365;25;4.7
2018-09-15;15:13:13.00;-9.812;-78.8524;35;5.8
2018-09-16;03:38:12.00;-10.7786;-74.5796;25;4.7
2018-09-17;20:44:38.00;-2.9609;-77.7163;107;5.3
2018-09-17;20:45:53.00;-14.4187;-75.8553;57;4.7
2018-09-20;08:02:43.00;-14.9798;-75.8672;40;4.7
2018-09-20;08:45:14.00;-15.1649;-76.1583;30;5.3
2018-09-21;02:30:42.00;-14.7095;-76.361;19;4.6
2018-09-21;08:03:18.00;-14.7585;-75.8671;17;4.5
2018-09-22;05:08:08.00;-16.7565;-72.0543;61;4.5
2018-09-23;00:55:09.00;-15.716;-73.4956;127;4.5
2018-09-23;09:41:34.00;-9.9163;-75.6293;21;4.9
2018-09-25;22:56:46.00;-15.4772;-75.0492;55;5.5
2018-09-26;01:04:07.00;-8.0898;-74.3197;148;4.9
2018-09-26;14:46:07.00;-17.6345;-71.2468;24;4.8
2018-09-27;22:00:07.00;-11.5097;-78.1258;52;5.3
2018-09-29;15:01:42.00;-15.9755;-75.5862;10;4.4
2018-09-30;02:24:23.00;-10.8509;-74.5517;121;4.8
2018-09-30;11:16:18.00;-6.1865;-75.8293;49;4.6
2018-10-02;00:06:32.00;-15.0967;-75.8556;20;4.6
2018-10-02;02:22:30.00;-18.6397;-69.8458;123;4.6
2018-10-02;10:40:11.00;-6.5238;-80.6658;191;5.1
2018-10-02;13:40:51.00;-7.6881;-79.5124;55;4.7
2018-10-02;23:39:01.00;-8.147;-74.5422;151;4.6
2018-10-05;01:45:57.00;-14.664;-71.5536;5;5.6
2018-10-05;14:32:49.00;-15.9882;-71.8717;115;4.4
2018-10-06;09:17:05.00;-8.8926;-74.3076;122;4.5
2018-10-07;01:04:53.00;-17.4006;-69.9617;154;4.9
2018-10-07;02:28:16.00;-13.6242;-76.3623;37;4.8
2018-10-08;03:46:34.00;-3.2185;-81.0201;48;4.6
2018-10-09;11:08:56.00;-18.5219;-71.18;24;4.5
2018-10-10;02:47:50.00;-5.5394;-81.2041;43;4.8
2018-10-10;03:48:45.00;-6.5226;-81.2228;22;4.9
2018-10-11;12:12:16.00;-14.47;-72.2259;104;4.5
2018-10-12;17:26:05.00;-10.6613;-73.7567;18;4.5
2018-10-13;00:13:19.00;-13.9184;-76.609;26;5.5
2018-10-14;00:21:14.00;-11.2959;-78.1026;64;4.5
2018-10-14;06:37:00.00;-16.7863;-69.6989;197;4.5
2018-10-14;07:26:31.00;-10.9389;-77.1345;97;4.7
2018-10-15;16:33:50.00;-9.4996;-75.6939;127;5.5
2018-10-15;23:41:53.00;-3.4695;-77.5101;112;5.1
2018-10-16;15:30:13.00;-8.0429;-76.6701;143;5.2
2018-10-16;21:44:03.00;-18.4193;-71.347;19;4.5
2018-10-17;02:45:18.00;-14.7983;-71.8775;135;4.9
2018-10-17;12:27:25.00;-6.9735;-80.0897;50;4.5
2018-10-18;09:25:53.00;-7.507;-79.9704;37;4.8
2018-10-18;15:47:54.00;-17.996;-70.0381;105;5.3
2018-10-18;21:05:55.00;-16.3429;-69.6991;222;4.6
2018-10-19;05:17:31.00;-18.5272;-70.6148;29;4.9
2018-10-20;18:42:23.00;-5.0692;-77.1328;117;5.6
2018-10-24;07:37:44.00;-15.441;-72.1338;152;4.9
2018-10-24;10:37:36.00;-10.4515;-78.4729;48;4.5
2018-10-25;06:03:36.00;-14.045;-71.9733;13;4.9
2018-10-26;12:03:25.00;-17.3269;-70.0543;133;5.3
2018-10-27;08:11:11.00;-15.1351;-70.9474;12;5.2
2018-10-28;06:23:49.00;-14.9546;-75.8399;28;4.9
2018-10-28;16:13:53.00;-15.2148;-75.3075;40;4.8
2018-10-28;21:36:09.00;-14.1779;-72.953;75;4.5
2018-10-29;12:20:50.00;-3.8091;-80.2878;53;5.2
2018-10-29;16:15:35.00;-14.6594;-75.5531;74;4.8
2018-10-30;02:15:13.00;-16.2244;-74.4704;31;4.5
2018-10-30;04:45:51.00;-7.4364;-76.2598;117;4.6
2018-10-30;05:12:36.00;-13.6036;-76.9571;33;4.8
2018-10-31;03:13:11.00;-11.6351;-73.0679;47;4.5
2018-10-31;18:31:24.00;-17.4911;-73.5413;19;4.5
2018-11-01;17:31:11.00;-15.8963;-74.1216;48;4.5
2018-11-02;04:00:50.00;-14.2658;-73.5373;99;4.5
2018-11-02;14:06:55.00;-18.3496;-70.1511;93;4.6
2018-11-03;00:56:04.00;-2.8705;-76.8582;145;4.8
2018-11-04;04:13:33.00;-13.3773;-75.0754;102;4.6
2018-11-04;11:54:15.00;-15.4254;-74.3549;77;5.4
2018-11-05;04:36:30.00;-17.3914;-69.3083;167;4.2
2018-11-07;06:27:12.00;-4.8821;-78.7333;20;4.5
2018-11-07;21:52:35.00;-9.0985;-75.2083;123;4.6
2018-11-07;23:06:28.00;-14.3053;-76.0807;48;4.5
2018-11-08;11:57:28.00;-18.7182;-70.7869;24;4.8
2018-11-10;20:40:03.00;-8.6458;-74.6042;146;4.6
2018-11-11;05:06:02.00;-16.14;-72.3258;104;4.5
2018-11-11;08:51:19.00;-5.6309;-76.6853;113;4.6
2018-11-11;11:11:40.00;-13.4242;-71.9638;12;4.7
2018-11-13;03:43:21.00;-5.455;-81.0635;36;4.5
2018-11-13;11:39:58.00;-11.7984;-75.0866;11;4.6
2018-11-13;19:18:04.00;-16.7765;-71.7221;27;4.6
2018-11-14;23:18:01.00;-16.6867;-71.1441;125;4.5
2018-11-15;06:27:15.00;-18.529;-69.9175;128;4.6
2018-11-15;15:40:55.00;-15.4137;-74.0625;94;4.5
2018-11-15;18:58:27.00;-15.4258;-73.0043;108;4.6
2018-11-15;20:43:34.00;-8.5632;-74.4127;140;4.7
2018-11-17;12:55:34.00;-2.5357;-80.6747;10;4.9
2018-11-19;17:24:06.00;-16.2589;-74.6021;18;4.9
2018-11-20;06:38:04.00;-9.9492;-78.9615;46;5.9
2018-11-20;07:56:09.00;-9.9491;-78.9174;44;5.1
2018-11-20;17:02:42.00;-16.3944;-74.0312;26;5.1
2018-11-22;11:09:01.00;-8.1975;-76.2621;134;4.6
2018-11-23;13:10:36.00;-9.1168;-79.0046;69;4.5
2018-11-23;22:04:12.00;-14.8344;-74.0797;114;5.1
2018-11-24;20:20:58.00;-11.386;-78.0716;68;4.9
2018-11-26;12:15:59.00;-6.3878;-78.7874;30;4.5
2018-11-27;11:44:20.00;-5.6693;-76.9589;7;4.7
2018-11-27;18:30:32.00;-7.1361;-75.9504;121;4.8
2018-11-28;00:04:04.00;-12.5869;-75.438;107;4.5
2018-11-28;02:23:29.00;-11.3294;-73.1883;33;4.5
2018-11-28;11:09:58.00;-15.5512;-72.6369;132;4.5
2018-11-29;00:24:20.00;-10.6021;-74.0614;118;4.5
2018-11-30;02:57:57.00;-11.5084;-73.2841;26;4.5
2018-11-30;11:12:08.00;-10.6352;-78.6614;26;4.7
2018-11-30;18:36:22.00;-11.3357;-73.675;139;4.8
2018-12-01;11:30:46.00;-17.4222;-73.162;26;4.7
2018-12-02;06:54:18.00;-8.019;-74.5713;173;4.5
2018-12-02;20:38:26.00;-10.7084;-74.3144;126;4.7
2018-12-03;07:54:20.00;-17.4067;-71.5299;40;4.6
2018-12-03;21:36:13.00;-7.3445;-74.3961;170;4.8
2018-12-03;23:45:09.00;-14.4418;-76.0342;47;4.7
2018-12-04;03:22:49.00;-15.65;-73.0494;104;4.5
2018-12-06;04:17:23.00;-15.1211;-76.1641;40;5.3
2018-12-06;07:13:08.00;-16.4449;-73.9226;22;4.5
2018-12-07;01:11:54.00;-7.5712;-74.7522;158;4.9
2018-12-07;08:06:39.00;-3.4725;-77.5102;98;4.5
2018-12-07;10:24:30.00;-14.569;-70.7433;196;4.5
2018-12-07;16:49:32.00;-10.4695;-75.2909;31;4.9
2018-12-08;12:21:49.00;-9.9189;-78.8759;34;4.6
2018-12-09;04:25:42.00;-11.0372;-74.7745;119;4.5
2018-12-09;10:00:41.00;-4.6503;-78.5755;57;4.9
2018-12-09;16:27:59.00;-4.0837;-80.3133;52;4.5
2018-12-10;07:42:58.00;-9.3012;-75.2913;141;4.9
2018-12-12;13:13:35.00;-18.0543;-70.0126;136;4.8
2018-12-12;15:47:51.00;-2.8788;-80.1844;43;4.5
2018-12-13;05:40:41.00;-9.058;-75.0365;30;4.5
2018-12-13;08:33:54.00;-7.3461;-76.8547;47;4.5
2018-12-13;08:56:22.00;-7.4017;-76.2133;121;4.6
2018-12-13;12:14:45.00;-10.128;-74.9268;28;4.8
2018-12-13;20:30:26.00;-5.1609;-81.1183;41;4.5
2018-12-13;23:45:25.00;-10.3397;-75.5615;13;4.6
2018-12-14;04:33:19.00;-8.6345;-74.9315;147;4.6
2018-12-14;05:44:52.00;-8.2728;-75.0307;101;4.7
2018-12-14;08:40:06.00;-18.3449;-71.3618;43;4.7
2018-12-14;09:56:01.00;-2.9901;-75.6563;167;5.3
2018-12-14;11:38:07.00;-11.2137;-76.7438;126;4.6
2018-12-15;11:08:25.00;-17.8211;-69.5387;18;4.8
2018-12-15;13:06:23.00;-9.5881;-75.6559;127;4.9
2018-12-16;17:30:53.00;-8.2792;-75.8737;34;4.8
2018-12-18;03:55:40.00;-14.8682;-71.9125;129;4.7
2018-12-19;14:28:35.00;-8.9644;-79.3856;49;4.6
2018-12-20;01:55:16.00;-9.866;-75.158;19;4.6
2018-12-20;03:03:45.00;-16.1092;-73.2919;74;4.8
2018-12-21;01:37:48.00;-16.8221;-70.8715;15;4.9
2018-12-21;07:26:24.00;-8.3469;-78.7856;91;4.8
2018-12-21;08:03:30.00;-3.3615;-75.8533;105;4.7
2018-12-23;04:17:02.00;-4.6652;-75.6386;105;4.7
2018-12-24;02:01:31.00;-9.544;-78.2062;110;4.8
2018-12-24;07:14:11.00;-11.6713;-75.7838;125;4.7
2018-12-24;12:03:35.00;-10.4091;-75.3955;14;4.8
2018-12-24;15:08:41.00;-18.4155;-69.5898;156;4.7
2018-12-24;23:14:00.00;-18.2065;-71.2898;23;4.5
2018-12-26;06:32:08.00;-15.9296;-74.2014;54;4.5
2018-12-26;21:34:26.00;-14.3998;-75.9953;28;4.5
2018-12-27;08:55:41.00;-16.3638;-69.7901;211;4.9
2018-12-29;03:19:33.00;-14.6939;-75.2592;46;4.5
2018-12-29;07:05:39.00;-15.4268;-72.1927;129;4.5
2018-12-30;05:42:23.00;-10.4286;-78.9446;29;4.9
2018-12-31;07:46:00.00;-16.0627;-73.3034;83;4.7
2019-01-03;21:11:48.00;-5.6447;-77.0763;41;4.9
2019-01-04;08:49:49.73;-2.9466;-76.4721;140;4.7
2019-01-05;19:25:28.58;-7.7927;-71.2455;518;7
2019-01-06;11:06:13.05;-15.2784;-70.9778;11;5
2019-01-06;16:28:11.33;-12.4483;-75.3761;103;4
2019-01-06;17:40:05.89;-4.8327;-80.5772;55;4
2019-01-07;05:52:28.96;-10.6764;-78.5238;46;4.7
2019-01-08;01:20:27.23;-14.6237;-75.5292;35;4.1
2019-01-08;05:57:15.78;-9.4827;-75.8688;127;4
2019-01-08;09:57:50.61;-4.5915;-74.1769;11;4.4
2019-01-08;10:00:11.28;-4.704;-74.1277;19;5.8
2019-01-09;03:05:03.95;-9.9194;-78.8984;37;4.5
2019-01-09;14:21:54.18;-15.3049;-70.9575;12;4
2019-01-11;04:38:24.10;-3.1641;-80.3464;133;4
2019-01-13;16:53:11.93;-15.943;-71.9346;135;4.3
2019-01-13;21:15:42.01;-13.293;-76.4779;57;4.1
2019-01-14;05:05:15.46;-16.8299;-69.3769;210;4.3
2019-01-14;21:16:27.73;-14.8678;-72.3231;125;4
2019-01-14;22:48:11.17;-17.7392;-70.6059;80;5.2
2019-01-15;20:24:03.34;-9.1783;-79.4766;29;5.2
2019-01-16;08:08:29.57;-15.1644;-72.4299;133;4
2019-01-16;12:59:01.16;-2.4709;-76.505;146;4.2
2019-01-18;21:26:57.61;-3.3337;-76.9281;139;5.8
2019-01-18;21:45:54.10;-9.7092;-79.1117;34;4
2019-01-19;03:58:05.85;-10.4794;-74.9064;135;4.4
2019-01-19;12:25:44.65;-5.6084;-77.004;128;4.7
2019-01-20;14:29:55.03;-8.9287;-80.0082;34;4
2019-01-20;17:10:55.48;-10.8672;-78.4868;31;4
2019-01-21;07:31:11.65;-12.6665;-75.1727;97;4
2019-01-21;08:26:41.57;-9.3443;-79.2962;27;4.1
2019-01-21;23:41:32.42;-17.957;-70.0354;116;4
2019-01-22;12:20:17.66;-4.4661;-77.7078;37;4.1
2019-01-23;01:38:43.09;-14.5528;-76.5303;22;4.4
2019-01-23;06:18:46.63;-14.5871;-76.5778;10;4.7
2019-01-23;06:39:21.14;-14.7633;-72.0036;104;4.3
2019-01-23;10:09:40.91;-14.5206;-76.524;21;4.3
2019-01-24;15:55:59.67;-9.5407;-74.7261;18;5.3
2019-01-24;21:07:36.86;-14.6648;-71.5848;18;4
2019-01-25;04:45:18.98;-14.7345;-75.7;56;6
2019-01-25;07:25:33.95;-9.285;-78.9638;61;4.2
2019-01-25;09:11:45.28;-18.3512;-70.0336;138;4
2019-01-25;13:02:27.21;-14.6914;-75.6388;45;4.5
2019-01-25;17:40:52.24;-15.2344;-71.7032;169;4.8
2019-01-25;18:57:05.24;-10.1573;-79.4982;47;4
2019-01-25;20:35:13.43;-11.0972;-74.3985;112;4
2019-01-26;08:59:17.62;-9.5315;-74.7386;20;4
2019-01-28;13:02:30.48;-14.6754;-71.5803;10;4
2019-01-28;23:55:52.43;-15.5043;-73.1244;107;4.5
2019-01-29;14:26:17.17;-7.8136;-74.5948;169;4.2
2019-01-29;23:34:59.87;-15.6132;-72.6161;125;5.5
2019-02-02;02:51:06.41;-2.4768;-77.4812;19;4.3
2019-02-02;17:36:34.45;-9.0505;-79.1701;55;4.1
2019-02-03;09:18:13.18;-15.0578;-74.6235;34;4.5
2019-02-03;20:08:34.96;-16.0545;-74.4231;26;4.3
2019-02-04;10:51:05.24;-7.94;-80.2814;32;4
2019-02-05;06:04:27.35;-17.0896;-71.0902;15;4.1
2019-02-06;07:18:31.58;-10.7718;-74.6958;33;4.2
2019-02-06;13:39:43.86;-17.7309;-69.8977;169;4.2
2019-02-07;05:41:00.72;-7.8461;-74.5177;144;4.1
2019-02-07;17:24:46.42;-15.8816;-69.8184;228;4.4
2019-02-07;21:56:32.94;-10.758;-78.6116;46;4.9
2019-02-09;03:20:16.87;-7.1938;-80.9663;46;4.5
2019-02-09;10:02:56.33;-9.3921;-79.2267;42;4
2019-02-09;20:16:20.78;-15.0341;-70.8202;203;4.4
2019-02-10;08:49:00.25;-14.3583;-76.0025;25;4.6
2019-02-12;06:51:19.90;-11.9146;-75.7265;114;4.2
2019-02-12;08:51:40.79;-7.5488;-75.8334;43;4
2019-02-13;17:03:17.78;-11.5666;-75.5576;9;4.9
2019-02-14;02:24:15.65;-5.2792;-79.1069;104;4
2019-02-14;04:02:43.53;-15.195;-72.0441;141;4.4
2019-02-14;10:25:07.07;-8.6563;-74.4934;136;4
2019-02-14;13:42:48.90;-3.261;-80.4983;47;4.7
2019-02-14;14:33:18.81;-12.1858;-74.3222;28;5.5
2019-02-16;23:10:21.19;-12.1436;-74.3284;17;4.3
2019-02-17;22:10:37.00;-8.5878;-76.2194;22;4
2019-02-18;22:48:32.78;-17.6311;-71.4609;43;4
2019-02-19;04:37:11.48;-15.2499;-73.1852;123;4.1
2019-02-19;06:11:42.86;-11.0892;-75.6487;126;4.5
2019-02-19;08:32:14.17;-14.7714;-75.9205;28;5.1
2019-02-20;02:28:48.25;-8.8451;-80.4595;7;4.1
2019-02-20;13:26:13.11;-16.196;-73.2895;82;4
2019-02-21;05:58:36.05;-10.5669;-75.4747;128;4.3
2019-02-21;07:06:14.89;-8.4325;-74.3274;152;4.4
2019-02-21;22:17:34.63;-15.4339;-73.1484;107;5.2
2019-02-22;10:53:54.17;-2.5761;-77.391;288;4.3
2019-02-22;12:31:38.71;-8.4253;-75.1756;134;4.6
2019-02-22;18:19:35.72;-2.4312;-76.9987;137;4.2
2019-02-23;01:46:58.28;-9.8464;-78.8253;35;4
2019-02-24;00:15:47.64;-2.2569;-76.9772;119;4
2019-02-24;00:18:33.07;-9.3429;-75.3416;139;4.1
2019-02-24;12:54:42.72;-2.4542;-77.2943;142;4.2
2019-02-26;09:05:38.68;-8.0133;-73.6589;153;4.3
2019-02-28;08:56:25.86;-2.4284;-77.2571;165;4.1
2019-02-28;12:23:30.53;-10.6667;-74.947;143;4.2
2019-02-28;20:43:22.14;-17.684;-69.8394;164;4.8
2019-03-01;08:50:41.99;-14.9521;-70.0337;265;7
2019-03-03;02:42:58.21;-7.3496;-74.9714;137;4.1
2019-03-03;07:12:39.56;-14.5613;-73.4741;10;4.2
2019-03-03;08:12:37.54;-8.5342;-74.4195;160;4.6
2019-03-04;11:03:00.57;-13.6591;-76.7224;32;4.8
2019-03-05;22:53:23.44;-9.9371;-75.7074;13;4.9
2019-03-06;15:05:41.92;-9.6243;-74.8993;21;4.1
2019-03-07;04:05:03.35;-6.4595;-79.6308;18;5.2
2019-03-07;19:32:17.82;-6.4622;-76.063;127;4
2019-03-09;11:13:00.15;-11.5045;-77.8688;49;4.1
2019-03-10;03:41:25.22;-15.1641;-72.3351;144;4.5
2019-03-11;06:06:23.52;-2.4468;-77.1361;161;4
2019-03-11;06:56:12.94;-15.2941;-75.6149;32;4
2019-03-12;12:51:07.48;-14.8959;-72.578;124;4.5
2019-03-12;18:06:32.53;-14.4851;-72.4156;91;4.5
2019-03-13;11:16:58.61;-5.4742;-80.1805;55;4.3
2019-03-14;06:04:39.10;-5.5561;-76.4379;47;4.1
2019-03-14;09:02:05.15;-2.4438;-77.0991;134;4.5
2019-03-14;17:18:39.15;-12.5997;-74.9494;21;4.3
2019-03-15;04:36:01.81;-18.3132;-69.8741;153;4.2
2019-03-16;13:43:16.84;-12.0791;-77.6444;35;4
2019-03-18;08:05:47.27;-7.653;-76.3154;144;4.2
2019-03-18;08:55:20.39;-3.7909;-81.3474;19;4.3
2019-03-20;05:41:40.39;-15.4519;-70.5727;226;4.6
2019-03-20;16:23:20.55;-2.8931;-77.3586;30;5.3
2019-03-21;10:12:46.21;-15.4175;-74.2667;96;4.7
2019-03-21;12:00:06.51;-8.715;-76.3624;14;4
2019-03-21;19:47:20.38;-12.8084;-74.9725;108;4.8
2019-03-22;12:50:28.01;-12.785;-76.8886;43;4.9
2019-03-24;09:55:20.68;-5.4944;-79.5772;98;4
2019-03-25;14:03:25.33;-2.4336;-76.8455;164;4.5
2019-03-26;07:13:40.32;-10.2409;-74.9529;125;4.1
2019-03-27;08:43:58.88;-9.5858;-74.9104;13;4
2019-03-27;17:51:47.31;-16.0152;-74.4895;24;4.5
2019-03-28;00:59:35.76;-14.0491;-76.6528;28;4.2
2019-03-28;15:39:59.06;-3.1145;-77.3095;137;4.7
2019-03-28;16:38:09.78;-14.1122;-76.7603;23;4
2019-03-30;03:53:00.49;-15.8481;-74.6009;34;4.3
2019-03-30;07:53:48.54;-16.2597;-73.4118;71;4
2019-03-30;08:44:33.06;-9.5342;-75.8823;135;4
2019-03-31;07:45:20.05;-15.4701;-70.6676;222;4.5
2019-03-31;15:27:51.89;-10.0589;-79.6949;24;5.7
2019-04-01;20:35:07.70;-16.0535;-74.5212;38;4.6
2019-04-02;03:36:39.97;-17.7971;-69.6702;179;4.3
2019-04-02;09:14:19.52;-2.8536;-77.3165;144;4.3
2019-04-03;21:27:24.86;-16.41;-71.7295;130;4.4
2019-04-05;07:06:40.74;-2.6634;-77.327;151;4.1
2019-04-05;09:45:04.37;-13.5589;-77.1345;13;4.6
2019-04-05;16:58:42.14;-18.4254;-71.1452;26;4.8
2019-04-07;01:15:01.83;-15.9365;-72.7682;103;4.7
2019-04-07;17:13:38.96;-11.2674;-79.6509;28;4.3
2019-04-07;23:25:41.12;-9.9107;-78.8142;54;4.2
2019-04-10;03:19:26.24;-15.6952;-74.1177;82;4
2019-04-10;06:05:16.79;-14.5599;-75.5488;55;4.2
2019-04-10;13:08:10.67;-16.1971;-69.6336;218;4.6
2019-04-11;15:50:31.51;-13.6574;-76.3434;64;5.1
2019-04-12;07:54:27.15;-6.967;-74.1169;190;4.6
2019-04-12;08:07:16.48;-4.9748;-76.748;39;4.1
2019-04-12;12:53:06.09;-7.2355;-80.3774;12;4
2019-04-12;13:03:28.65;-13.7056;-76.7168;43;4.1
2019-04-13;03:07:51.00;-4.3266;-79.7885;107;4.3
2019-04-13;12:43:10.98;-18.4809;-71.1043;27;4.3
2019-04-15;03:11:27.92;-3.0969;-75.673;147;4.8
2019-04-16;03:19:21.90;-7.9815;-71.4542;608;5.2
2019-04-17;14:20:04.72;-7.0625;-80.7708;28;4.2
2019-04-17;15:01:00.89;-5.1198;-78.3634;51;5.3
2019-04-18;04:36:11.45;-5.4293;-80.4143;47;4
2019-04-19;06:21:32.04;-13.2236;-76.6852;54;4
2019-04-19;08:55:55.57;-15.218;-73.5746;113;4.1
2019-04-19;22:12:31.16;-8.4665;-80.1781;7;4.6
2019-04-20;01:42:05.63;-8.5066;-77.853;15;4.1
2019-04-20;02:20:55.03;-9.2934;-79.1084;25;4.2
2019-04-20;07:40:07.85;-7.989;-73.8318;126;4.6
2019-04-21;05:45:02.03;-9.7765;-79.0129;24;4
2019-04-21;19:32:41.93;-14.7272;-76.4013;25;4
2019-04-22;01:04:48.29;-3.5217;-80.8752;22;4.8
2019-04-23;03:10:56.93;-17.4805;-71.1128;35;4
2019-04-23;08:08:33.96;-18.3498;-69.5407;130;4
2019-04-23;08:58:03.02;-16.0999;-74.1635;34;4
2019-04-23;10:16:17.86;-18.3508;-70.169;63;4.1
2019-04-26;19:24:21.38;-5.3249;-80.9963;25;4.4
2019-04-27;08:01:47.46;-15.7547;-72.6316;132;4
2019-04-27;11:43:46.99;-5.7666;-78.4842;26;4.1
2019-04-28;12:46:13.43;-15.6078;-75.1404;36;4.5
2019-04-29;00:19:13.27;-8.5382;-75.0558;132;4.2
2019-04-29;03:15:02.96;-4.0547;-80.4863;64;4.3
2019-04-29;08:07:40.95;-14.5782;-75.7582;54;4.7
2019-04-30;23:33:39.68;-2.8994;-76.3588;152;4.1
2019-05-01;18:31:15.46;-12.2524;-73.3154;24;4
2019-05-02;11:05:59.81;-5.3596;-77.4544;15;4.5
2019-05-03;14:54:54.62;-14.8858;-75.8587;47;4.2
2019-05-04;19:30:59.58;-14.9058;-71.6017;150;4.2
2019-05-05;04:37:00.90;-3.7617;-80.2854;47;4
2019-05-05;12:40:04.26;-12.7325;-75.5561;111;4.2
2019-05-06;05:16:46.74;-15.0303;-73.4579;98;4
2019-05-06;06:47:50.26;-16.5819;-73.6997;14;4.2
2019-05-07;13:17:01.60;-8.6333;-80.1906;18;4.3
2019-05-08;06:20:45.51;-15.9926;-74.3508;23;4
2019-05-08;13:47:18.62;-15.9013;-75.1269;22;5.8
2019-05-08;17:12:29.40;-15.9126;-75.1647;18;4.1
2019-05-08;18:21:27.40;-15.9186;-75.1134;18;4.4
2019-05-09;02:50:19.29;-15.8001;-75.1124;21;4
2019-05-09;04:10:13.80;-16.0101;-74.1021;59;4.4
2019-05-09;10:33:51.12;-14.7012;-75.6813;66;4.3
2019-05-09;21:18:29.21;-15.7986;-75.0576;22;4.2
2019-05-11;20:03:43.58;-5.1455;-80.8605;38;4
2019-05-12;15:19:25.63;-8.0205;-76.1576;138;4.5
2019-05-12;21:52:12.08;-17.8302;-69.6699;166;4.5
2019-05-13;07:10:30.52;-12.2647;-75.0125;106;5.4
2019-05-13;12:41:52.86;-14.1609;-74.5217;90;5.2
2019-05-14;01:13:32.12;-12.4897;-75.3236;113;4
2019-05-14;01:39:28.80;-18.3742;-70.5586;73;4.1
2019-05-14;02:04:53.36;-16.194;-74.0775;48;4.5
2019-05-14;14:13:36.73;-14.0773;-74.1038;105;4
2019-05-15;07:39:08.00;-8.8046;-74.8746;139;4.3
2019-05-16;04:04:56.47;-2.5256;-77.3738;136;5.3
2019-05-16;11:37:58.64;-7.7547;-74.4221;164;4
2019-05-16;14:32:50.08;-17.8734;-70.2984;113;5.1
2019-05-16;23:49:21.30;-14.5469;-70.9859;16;4.4
2019-05-17;06:48:01.21;-7.1265;-80.938;37;4.2
2019-05-18;03:55:39.44;-5.0138;-75.249;48;4.7
2019-05-18;21:36:34.38;-9.8679;-74.7791;20;4
2019-05-21;12:55:27.73;-15.7875;-71.8314;12;4.7
2019-05-21;13:37:36.95;-15.7975;-71.8472;12;4.9
2019-05-22;01:15:00.86;-8.926;-80.2585;23;4.8
2019-05-22;19:56:23.89;-10.6077;-78.6034;46;4.1
2019-05-22;20:49:46.27;-2.5889;-77.8279;114;4.2
2019-05-23;06:32:04.97;-14.4454;-73.0543;92;4.2
2019-05-23;08:37:32.91;-14.6617;-75.4636;36;4
2019-05-23;23:16:10.07;-16.4108;-72.4332;76;4.2
2019-05-25;01:49:18.96;-6.4858;-80.9552;29;4.4
2019-05-25;06:07:36.82;-8.2258;-74.4427;159;4.3
2019-05-25;09:50:18.24;-4.191;-78.0179;33;4.2
2019-05-25;12:56:21.39;-8.6107;-79.7594;34;4.7
2019-05-26;07:41:16.28;-5.7373;-75.5542;135;8
2019-05-26;07:55:19.52;-4.6175;-75.2724;154;5.4
2019-05-26;07:58:13.88;-3.0442;-74.9353;279;4.8
2019-05-26;08:00:58.88;-3.0442;-74.9353;279;4.4
2019-05-26;08:18:16.71;-6.3556;-75.1252;135;4.6
2019-05-26;08:22:41.54;-4.4487;-75.6147;156;5
2019-05-26;09:20:08.01;-6.39;-76.396;124;4
2019-05-26;09:44:02.45;-4.5773;-75.4418;123;4.4
2019-05-26;09:57:43.43;-3.9233;-76.8038;116;4.5
2019-05-26;10:04:39.80;-5.821;-75.2154;151;4.3
2019-05-26;10:23:02.45;-5.9954;-75.1479;166;4.4
2019-05-26;10:41:14.11;-13.3232;-75.2324;110;4.7
2019-05-26;23:42:16.37;-15.9138;-71.7827;11;4.3
2019-05-27;00:46:59.77;-9.4671;-79.1032;30;4.2
2019-05-27;06:55:36.63;-16.2273;-71.6618;134;4
2019-05-27;10:53:26.34;-10.7036;-74.7376;114;4
2019-05-27;15:36:36.31;-9.0895;-75.1535;25;4.2
2019-05-27;22:30:49.09;-10.5947;-78.2667;59;4
2019-05-28;03:14:34.46;-12.4171;-77.599;27;4.8
2019-05-28;03:28:12.86;-15.9634;-75.187;19;4.9
2019-05-28;14:41:44.13;-8.8437;-74.4938;137;4.6
2019-05-28;22:39:30.62;-8.3302;-80.012;43;4.2
2019-05-29;04:11:08.16;-17.993;-69.8454;161;4.2
2019-05-29;23:40:24.14;-4.6502;-75.4156;128;5
2019-05-30;09:20:36.88;-15.1126;-75.7304;31;4.9
2019-05-30;09:36:41.42;-15.1903;-75.8507;31;4.7
2019-05-30;12:03:27.67;-15.0541;-75.6223;35;4
2019-05-30;12:09:18.11;-15.1797;-75.8515;35;4.6
2019-05-30;18:55:16.62;-15.1063;-72.2;127;4.7
2019-05-31;09:22:24.24;-15.7409;-71.9298;10;4
2019-05-31;17:17:34.88;-16.1625;-74.3517;25;4.2
2019-06-01;00:09:04.81;-10.4585;-74.8552;130;4.2
2019-06-01;09:16:10.64;-13.5429;-75.9793;82;4.1
2019-06-01;14:27:29.92;-4.3191;-80.6421;51;4
2019-06-01;17:55:38.49;-14.485;-71.318;30;4.6
2019-06-01;23:32:41.41;-10.8454;-73.5733;30;4.1
2019-06-02;16:11:22.96;-17.7733;-70.2995;90;4.1
2019-06-02;18:04:28.49;-16.3612;-69.7876;221;4.1
2019-06-02;19:51:07.30;-15.596;-70.765;190;4.1
2019-06-04;01:20:11.49;-10.897;-76.5076;121;4
2019-06-04;02:04:04.63;-15.708;-71.9208;10;4.3
2019-06-04;05:34:17.25;-9.6484;-75.1984;149;4.1
2019-06-04;08:07:18.29;-16.3411;-69.9012;239;4
2019-06-06;04:25:55.26;-9.4351;-77.6056;6;4
2019-06-08;04:58:12.07;-9.8668;-78.7751;29;4.6
2019-06-08;07:52:20.78;-6.2062;-80.9885;30;4
2019-06-08;21:09:14.19;-16.8564;-74.3913;38;4.4
2019-06-09;14:02:41.82;-8.8471;-79.8441;9;4.4
2019-06-11;05:37:48.26;-11.8025;-77.7538;44;4.1
2019-06-11;12:28:09.02;-3.9054;-80.2385;66;4.7
2019-06-12;06:40:17.60;-7.473;-73.9424;111;4.1
2019-06-13;02:12:07.57;-8.4781;-79.6607;47;4.1
2019-06-13;05:55:15.24;-8.196;-79.9725;26;4.1
2019-06-13;08:19:27.06;-10.2066;-73.5496;15;4.1
2019-06-15;07:07:51.29;-4.0539;-77.0121;105;4.5
2019-06-17;09:03:39.27;-16.1156;-73.7143;40;4
2019-06-17;20:27:42.94;-16.829;-72.7879;57;4
2019-06-18;23:43:52.94;-14.9806;-75.7656;35;4.1
2019-06-19;02:07:22.38;-11.322;-73.3829;30;4.2
2019-06-19;23:02:58.47;-4.0534;-76.1509;121;5.1
2019-06-20;04:43:01.08;-11.8084;-76.9356;93;4.5
2019-06-20;10:28:51.08;-15.4009;-71.806;139;4
2019-06-20;16:54:42.31;-8.9542;-80.1826;38;4.2
2019-06-22;14:24:37.59;-7.7257;-75.9058;132;4
2019-06-24;14:34:53.18;-8.7674;-80.3579;18;4.2
2019-06-24;16:30:24.33;-4.4346;-76.8535;116;4.2
2019-06-26;01:38:52.84;-9.4054;-75.9195;12;4.6
2019-06-26;07:33:34.13;-6.9942;-80.3703;40;4
2019-06-26;20:35:19.37;-12.9618;-77.3335;35;4.3
2019-06-27;06:40:41.06;-14.4456;-76.3518;17;4.1
2019-06-27;11:45:32.89;-18.4747;-70.1171;93;4.5
2019-06-27;14:58:21.42;-8.1723;-75.1359;150;4
2019-06-27;23:38:00.63;-17.6828;-69.8385;163;4
2019-06-29;01:06:33.54;-14.5459;-76.3913;15;4.6
2019-06-29;05:00:19.15;-16.2564;-74.4486;38;4.9
2019-06-29;14:51:50.51;-17.063;-70.2211;182;4
2019-06-29;15:02:45.11;-14.4981;-76.4362;18;4.3
2019-06-30;06:01:05.07;-3.5694;-75.4487;208;4
2019-06-30;07:41:05.95;-17.3637;-69.6063;182;4.4
2019-06-30;23:18:09.71;-17.5045;-69.5375;180;4.3
2019-07-02;08:04:42.61;-3.806;-79.9405;101;4
2019-07-02;23:09:26.07;-15.2069;-75.9474;29;4.4
2019-07-03;22:50:19.85;-9.497;-75.5233;18;4.2
2019-07-04;06:41:29.23;-11.348;-78.4711;33;4.2
2019-07-04;07:12:28.15;-3.2442;-77.6797;119;4.5
2019-07-04;18:20:57.76;-4.3062;-80.5699;50;5
2019-07-05;01:54:51.67;-8.9936;-79.6118;14;4.5
2019-07-06;02:21:42.13;-7.2037;-75.7577;47;4
2019-07-06;12:25:06.92;-4.8596;-80.8521;32;4.2
2019-07-08;08:05:48.73;-15.8098;-73.3822;43;4.4
2019-07-08;14:15:54.86;-4.2998;-78.0104;27;4
2019-07-08;21:05:38.51;-18.2221;-70.027;108;4
2019-07-10;02:07:24.17;-15.6227;-69.9997;261;4.3
2019-07-10;03:51:18.73;-4.5301;-76.9895;95;4.2
2019-07-10;05:53:19.55;-5.9907;-76.3564;123;4
2019-07-11;06:39:57.23;-9.0173;-79.2794;41;4
2019-07-11;08:18:34.50;-5.9146;-76.9421;132;4
2019-07-13;14:39:37.07;-15.0885;-73.4354;117;4.5
2019-07-13;15:05:26.01;-3.3883;-80.0373;84;4
2019-07-13;20:21:14.50;-5.5939;-75.4532;158;4.1
2019-07-14;06:27:52.84;-8.9279;-74.5074;24;4
2019-07-14;13:07:19.94;-15.9005;-74.5939;44;4.2
2019-07-15;19:30:23.79;-8.9958;-80.1758;21;4.2
2019-07-19;03:25:52.15;-14.3708;-75.5469;86;4.2
2019-07-19;05:37:33.44;-6.7583;-74.7519;175;4.2
2019-07-19;07:28:15.06;-2.619;-77.057;126;4.2
2019-07-19;08:09:55.48;-12.6231;-76.3028;98;4.1
2019-07-20;01:00:09.66;-5.1307;-75.5565;144;4
2019-07-20;22:29:25.72;-7.5544;-75.8063;45;4.3
2019-07-21;00:34:28.65;-9.0377;-79.5408;13;4
2019-07-22;10:49:19.90;-11.2859;-75.1761;14;4.3
2019-07-23;06:53:05.45;-7.752;-75.9555;125;4.4
2019-07-23;11:41:19.57;-15.8917;-74.6945;37;4.9
2019-07-23;11:44:54.17;-2.5293;-76.4935;152;4.9
2019-07-24;02:25:35.18;-18.2933;-69.6481;138;4.2
2019-07-24;02:41:28.87;-2.8833;-77.8081;113;4.6
2019-07-24;04:16:38.34;-11.2945;-75.1806;17;4
2019-07-24;05:54:04.27;-3.3918;-77.6796;88;4
2019-07-24;06:17:18.09;-2.3551;-77.216;123;4.3
2019-07-24;08:02:39.68;-4.1433;-80.8877;14;4.1
2019-07-24;11:54:10.78;-15.7795;-74.5048;30;4
2019-07-25;04:00:20.32;-14.653;-74.2583;103;4.1
2019-07-25;04:57:26.60;-11.7244;-77.6813;25;4
2019-07-25;06:14:03.18;-8.9155;-74.5173;169;4
2019-07-25;17:22:45.17;-9.9745;-75.6609;9;4
2019-07-26;09:19:55.65;-13.4754;-70.4921;11;4.3
2019-07-26;10:06:19.50;-6.7422;-76.7385;51;4.1
2019-07-26;10:41:16.35;-14.4758;-74.342;104;4
2019-07-29;07:18:43.78;-11.4119;-78.2413;31;4.3
2019-07-29;18:46:50.81;-15.662;-74.9321;33;4
2019-08-02;00:09:53.83;-14.2366;-75.6833;69;4.1
2019-08-03;07:25:06.29;-4.2116;-80.8311;32;4.2
2019-08-04;01:34:10.66;-16.7918;-69.7202;198;4.2
2019-08-04;08:54:02.16;-8.9326;-79.3962;43;4.2
2019-08-05;07:48:47.41;-11.7166;-76.5955;99;4.5
2019-08-06;20:00:55.97;-3.8859;-77.3537;109;4.7
2019-08-07;07:40:01.29;-8.904;-79.4212;28;4.2
2019-08-08;04:39:21.31;-14.9308;-76.1155;20;4.9
2019-08-09;22:27:50.84;-16.0181;-70.339;216;4.7
2019-08-10;13:32:14.34;-5.7423;-78.7513;31;4.3
2019-08-11;04:36:36.82;-8.8324;-74.6641;153;4.7
2019-08-12;07:45:35.09;-8.4611;-75.0076;136;4.2
2019-08-13;15:49:58.81;-10.1632;-77.4916;22;5.1
2019-08-14;05:02:52.18;-15.8237;-71.9304;13;4.4
2019-08-14;05:18:35.60;-9.886;-75.4721;13;4
2019-08-15;08:19:49.38;-10.1051;-74.1269;140;4.1
2019-08-15;11:19:13.93;-17.8363;-69.4908;166;4
2019-08-15;16:06:49.49;-8.2592;-75.0972;142;5.1
2019-08-17;05:05:02.71;-15.2991;-72.0886;135;4
2019-08-17;09:30:08.04;-5.5903;-76.1021;21;4.3
2019-08-19;05:37:40.04;-12.4008;-75.2416;17;4.7
2019-08-20;18:11:19.70;-15.5185;-71.8146;172;4
2019-08-22;04:29:16.97;-9.9774;-75.6973;8;4
2019-08-22;05:40:00.99;-15.4718;-70.2116;247;4.3
2019-08-22;10:59:07.52;-17.3149;-70.2477;128;4.7
2019-08-22;12:51:42.99;-11.6909;-77.0693;88;4
2019-08-22;23:33:53.48;-18.4387;-69.8317;136;4.4
2019-08-23;03:41:51.67;-17.478;-69.3863;173;4.1
2019-08-23;03:55:36.94;-8.4589;-76.1817;137;4.3
2019-08-23;11:32:22.31;-10.7311;-75.4404;28;4.5
2019-08-23;21:14:11.81;-5.4318;-77.2887;11;4.6
2019-08-25;04:32:11.64;-9.5117;-75.6569;20;4
2019-08-25;14:19:15.43;-17.3427;-70.4411;125;4
2019-08-27;00:08:29.40;-8.426;-74.9852;130;4.8
2019-08-27;02:20:17.62;-10.8134;-73.9292;115;4.9
2019-08-29;04:21:30.63;-9.84;-76.5622;142;4.6
2019-08-29;05:51:19.54;-15.4861;-72.982;136;4.2
2019-08-30;11:25:30.25;-17.8029;-69.7507;167;4.4
2019-08-30;13:54:43.14;-18.1622;-69.4325;149;4.2
2019-08-30;13:59:55.15;-8.7349;-79.5318;35;4.3
2019-08-31;07:16:29.43;-17.2847;-70.2146;154;4
2019-09-01;07:11:56.35;-12.5006;-76.9293;46;4.2
2019-09-02;16:35:28.34;-14.1887;-72.7683;89;5.1
2019-09-03;10:10:12.85;-8.895;-76.2227;134;5
2019-09-05;11:09:03.01;-17.7151;-69.4753;174;4.8
2019-09-05;13:52:47.86;-9.2607;-79.2715;32;4.6
2019-09-06;13:32:21.39;-12.5579;-76.3287;96;4.5
2019-09-06;13:33:48.00;-5.6632;-75.4077;129;4.4
2019-09-07;19:02:50.66;-6.3876;-75.7344;44;4.6
2019-09-09;01:20:19.78;-7.534;-79.9746;33;4
2019-09-09;07:08:53.96;-16.7326;-71.2362;119;4
2019-09-09;21:33:11.76;-10.4758;-74.3419;26;4.2
2019-09-11;14:52:31.53;-18.0917;-70.0598;90;5
2019-09-12;08:20:30.41;-9.0522;-79.8162;20;4
2019-09-14;08:19:13.22;-14.3027;-76.5838;31;4
2019-09-14;19:44:34.45;-15.5458;-75.8045;34;4.2
2019-09-15;03:25:39.64;-18.0382;-69.7006;142;4.3
2019-09-15;23:05:29.92;-3.3458;-80.1451;55;4.1
2019-09-16;05:54:17.49;-3.8427;-76.3631;111;4.8
2019-09-17;11:10:23.24;-10.9048;-74.9987;27;4.1
2019-09-18;07:27:27.68;-15.8394;-72.732;124;4
2019-09-18;09:12:05.93;-8.4369;-74.2906;171;4
2019-09-18;13:13:53.84;-15.7632;-74.1937;87;4.8
2019-09-19;07:02:52.38;-14.6504;-72.7059;105;4
2019-09-20;05:33:48.27;-16.4022;-71.9137;111;4.2
2019-09-21;00:31:43.30;-8.8234;-79.4763;44;4
2019-09-21;02:54:13.55;-7.2455;-76.4137;136;4.2
2019-09-21;08:35:13.77;-15.2991;-71.7625;158;4.5
2019-09-22;05:28:24.92;-14.7288;-73.7206;93;4.9
2019-09-23;18:56:04.43;-2.5132;-77.2178;142;4.4
2019-09-25;20:08:54.02;-9.9777;-75.1147;126;4.7
2019-09-27;03:17:59.56;-8.2224;-74.4224;164;5.1
2019-09-27;04:32:40.25;-9.0099;-75.0982;26;4.6
2019-09-27;13:57:44.60;-15.4178;-72.1757;120;4.6
2019-09-28;05:05:14.73;-13.6615;-76.6461;25;4
2019-09-30;02:27:35.90;-11.5333;-75.8519;126;4.1
2019-09-30;20:57:48.36;-3.8354;-81.6988;6;4
2019-10-01;00:28:44.50;-5.9649;-75.7726;44;4.1
2019-10-02;07:04:31.58;-14.0565;-76.0872;55;4.5
2019-10-02;07:31:19.38;-9.3229;-75.1836;29;4.2
2019-10-02;16:26:04.80;-7.353;-73.7439;184;4.3
2019-10-02;21:42:56.84;-5.7391;-80.9308;34;4.5
2019-10-03;01:36:16.84;-6.8555;-75.1967;112;4.1
2019-10-03;01:58:49.78;-16.3818;-72.9378;53;4.1
2019-10-03;06:56:39.47;-8.757;-75.74;34;4
2019-10-03;11:46:10.67;-8.7009;-74.9723;52;4
2019-10-06;06:39:25.75;-4.456;-76.4783;29;4.1
2019-10-06;12:57:56.54;-11.2468;-76.3565;118;4.2
2019-10-07;09:24:02.81;-2.3339;-77.2243;148;4.1
2019-10-07;10:11:10.86;-4.9293;-79.7623;111;4.1
2019-10-07;15:08:05.84;-4.9629;-81.1736;28;4.2
2019-10-08;06:18:05.37;-18.1547;-69.7076;131;4.9
2019-10-08;14:54:42.73;-5.7258;-77.1762;126;4.1
2019-10-09;04:33:41.14;-9.1172;-75.7971;30;4
2019-10-09;08:19:57.57;-5.4684;-77.1431;130;4
2019-10-09;18:08:15.53;-17.1698;-70.1592;166;4.3
2019-10-10;17:26:41.68;-16.1525;-73.4091;51;4.8
2019-10-11;10:59:51.48;-2.6367;-77.477;116;4.3
2019-10-12;23:17:58.48;-15.6547;-69.9093;244;4.2
2019-10-13;06:49:21.23;-3.5747;-75.5506;217;4.3
2019-10-13;13:29:20.72;-17.7155;-69.8196;155;4.2
2019-10-16;02:19:21.55;-16.7069;-69.4865;212;4
2019-10-16;22:34:45.41;-6.4822;-75.741;39;4
2019-10-18;08:49:35.52;-10.2732;-78.8708;20;4.1
2019-10-19;07:57:10.05;-17.7378;-69.5665;172;4.4
2019-10-19;09:13:19.81;-7.1908;-80.8309;19;4.5
2019-10-19;20:17:06.97;-13.4029;-75.029;101;4.1
2019-10-20;06:33:34.94;-15.572;-73.3808;9;4.1
2019-10-20;21:58:59.04;-3.9402;-80.5234;35;4
2019-10-21;00:12:02.97;-8.2543;-74.3545;155;4
2019-10-21;14:55:35.54;-7.2399;-74.9227;149;4
2019-10-21;17:26:02.50;-8.7655;-79.3994;45;4
2019-10-21;20:22:35.10;-6.561;-76.0676;138;4.3
2019-10-21;20:50:36.83;-15.5412;-74.9336;49;4.9
2019-10-22;16:15:35.06;-3.1215;-80.0916;50;4.7
2019-10-24;11:56:33.65;-15.4111;-71.6646;168;4.2
2019-10-25;01:51:36.81;-5.4361;-78.301;142;4
2019-10-25;02:35:57.95;-11.8631;-77.5817;48;4.5
2019-10-26;14:37:23.78;-16.3574;-73.4615;30;4
2019-10-27;01:22:15.17;-8.1762;-73.9445;185;4.2
2019-10-27;06:45:21.43;-14.087;-74.599;110;4.4
2019-10-28;00:35:37.41;-16.105;-69.8851;218;4.3
2019-10-28;00:41:27.87;-17.8783;-72.0023;34;4.2
2019-10-28;02:05:32.50;-2.618;-77.0429;131;4
2019-10-29;21:15:20.29;-15.3437;-73.1358;118;4.1
2019-10-30;09:29:16.94;-2.9423;-77.5276;20;4
2019-10-30;12:03:11.16;-16.9908;-69.7564;200;4
2019-10-30;14:56:54.59;-15.5527;-70.355;243;4.6
2019-10-31;17:21:01.09;-14.1817;-74.9167;108;4.3
2019-11-03;10:33:38.38;-17.4626;-70.0614;151;4.2
2019-11-03;18:29:20.04;-17.9325;-69.8258;130;4.5
2019-11-09;13:37:16.17;-3.4129;-80.843;27;4
2019-11-10;16:14:22.13;-7.1965;-75.9815;127;5.4
2019-11-11;04:51:58.84;-16.266;-71.6003;136;4
2019-11-11;09:20:16.56;-14.764;-72.6719;104;4.2
2019-11-11;12:25:39.56;-5.1433;-78.3269;18;4.1
2019-11-12;01:17:28.81;-8.8675;-74.4387;152;4.4
2019-11-12;05:53:51.85;-9.4893;-75.182;126;4.3
2019-11-12;21:47:32.36;-11.8186;-77.47;62;4.6
2019-11-13;00:09:17.29;-15.4041;-70.5902;213;5.1
2019-11-13;14:05:58.60;-10.2503;-75.9421;135;4
2019-11-14;09:29:58.67;-9.2428;-80.2223;32;4.3
2019-11-14;20:52:25.85;-8.6272;-74.7425;151;4.9
2019-11-15;14:07:17.41;-17.108;-71.9984;34;4.3
2019-11-15;23:08:56.60;-15.0042;-75.4184;52;4
2019-11-17;03:22:09.18;-10.8246;-74.0467;15;4.1
2019-11-17;06:12:34.66;-9.1816;-79.8906;35;4.1
2019-11-17;07:14:51.32;-2.4009;-81.5412;39;4.2
2019-11-17;08:59:51.95;-10.6631;-78.5506;53;4.1
2019-11-17;18:57:55.87;-9.7353;-78.8974;30;4.3
2019-11-18;07:18:53.86;-16.2468;-73.7423;43;4.2
2019-11-19;00:00:47.01;-7.4701;-80.1463;34;4.2
2019-11-19;16:23:05.40;-3.4306;-77.8044;124;4.4
2019-11-19;17:35:48.71;-14.4862;-76.6954;33;4.3
2019-11-19;20:47:39.35;-5.6352;-77.0811;41;4.5
2019-11-20;06:29:49.40;-15.1002;-74.4264;105;4.1
2019-11-20;08:53:28.54;-14.7744;-73.876;108;4.3
2019-11-21;21:45:25.89;-15.3403;-74.8166;66;4
2019-11-22;11:51:04.91;-8.4943;-74.5361;115;4.3
2019-11-24;18:34:28.12;-15.3139;-71.7661;137;4
2019-11-26;01:49:57.92;-5.9569;-81.4004;30;4.1
2019-11-27;09:16:02.46;-15.881;-74.1782;70;4
2019-11-27;14:58:31.42;-15.9516;-71.6802;141;4.2
2019-11-28;08:08:00.91;-7.0408;-75.8603;20;4
2019-11-29;04:29:20.99;-13.7996;-76.8574;11;4.3
2019-12-01;01:34:15.38;-15.8391;-72.1364;138;4.2
2019-12-02;02:51:03.97;-18.0879;-70.0685;126;4
2019-12-03;00:33:58.42;-14.6875;-76.2617;35;4.2
2019-12-03;07:16:53.00;-15.7918;-73.0279;107;4.7
2019-12-03;19:07:05.88;-5.1482;-76.6616;25;4.2
2019-12-03;20:36:37.80;-10.6412;-75.4636;9;4
2019-12-05;02:15:21.11;-5.1166;-76.6106;29;4.2
2019-12-05;03:23:18.41;-13.8251;-76.2927;71;5.3
2019-12-05;18:25:09.51;-12.5724;-75.3164;123;4.3
2019-12-06;00:07:38.30;-17.5221;-69.6603;172;4.4
2019-12-06;22:14:38.29;-5.3669;-77.4591;19;4.1
2019-12-08;02:24:47.03;-9.7787;-75.6435;122;4.7
2019-12-08;23:23:10.00;-5.1326;-77.3423;123;4.4
2019-12-09;15:43:45.05;-15.5983;-71.5997;151;4.9
2019-12-10;01:59:55.85;-3.1766;-80.9655;49;4.2
2019-12-11;00:50:37.40;-2.4576;-77.0529;134;4.5
2019-12-11;03:26:31.66;-17.8469;-71.8738;34;4
2019-12-12;06:54:15.45;-5.4453;-79.8719;79;4
2019-12-12;11:14:22.15;-16.8074;-69.6134;202;4
2019-12-12;17:13:05.83;-13.9818;-72.5194;74;4.1
2019-12-14;06:05:58.71;-11.1923;-73.799;121;4
2019-12-15;00:19:26.53;-6.5146;-80.9513;23;4.1
2019-12-15;19:23:37.48;-14.3081;-72.2637;99;4.9
2019-12-16;05:07:36.31;-6.218;-75.9298;43;4.4
2019-12-16;18:07:23.33;-14.7973;-73.6317;112;4
2019-12-18;12:24:56.87;-15.2729;-72.3072;136;4.6
2019-12-19;13:55:35.47;-13.784;-76.2972;59;4.3
2019-12-20;01:46:38.72;-14.8899;-72.8081;109;4.1
2019-12-20;06:23:23.89;-6.9907;-74.5279;153;4.1
2019-12-22;13:02:04.99;-7.0996;-80.9084;38;4.3
2019-12-25;22:53:31.85;-12.565;-76.8807;51;4
2019-12-26;08:18:11.67;-16.0087;-72.8001;92;4.1
2019-12-28;05:56:58.55;-10.7969;-78.6358;39;4.7
2019-12-29;00:11:10.07;-14.8023;-72.0594;112;4.6
2019-12-29;13:45:26.02;-10.8745;-74.9124;10;4.1
2019-12-30;00:38:31.79;-10.9876;-74.6467;112;4
2019-12-30;06:16:50.98;-8.3698;-76.2193;140;4.6
2019-12-31;08:27:34.14;-7.3184;-74.8617;162;4
2019-12-31;09:35:09.49;-15.9453;-74.416;38;4
2019-12-31;11:48:40.82;-7.0085;-80.5129;47;4.5
2019-12-31;23:20:07.51;-10.8035;-79.7861;36;4.5
2020-01-01;15:54:05;-8.669;-76.2077;32;4
2020-01-02;20:17:27;-18.5369;-69.9329;83;4.1
2020-01-03;02:38:55;-8.4736;-76.1291;133;4
2020-01-03;14:16:39;-3.328;-80.2922;57;5
2020-01-03;22:39:17;-15.6515;-71.5752;11;3.5
2020-01-04;01:24:44;-15.6771;-71.5883;13;3.5
2020-01-04;09:52:15;-7.5803;-74.6424;166;4
2020-01-06;01:21:53;-15.872;-74.6719;55;4.1
2020-01-06;07:54:05;-9.4269;-75.5707;38;4.3
2020-01-06;12:21:16;-6.8064;-76.8129;126;4.4
2020-01-06;18:20:31;-9.0927;-74.1966;22;4.1
2020-01-07;02:05:37;-11.033;-75.2602;16;4
2020-01-08;11:14:36;-5.0545;-80.9879;31;3.5
2020-01-08;13:50:00;-9.9172;-75.5748;11;3.9
2020-01-08;20:21:49;-14.7076;-74.0072;104;4
2020-01-09;09:43:09;-7.4399;-76.2515;136;4
2020-01-09;15:30:19;-16.0927;-70.4635;10;3.3
2020-01-11;06:20:29;-8.8999;-75.0083;136;4.6
2020-01-11;11:06:50;-17.7407;-70.2457;122;4
2020-01-12;12:58:27;-10.4245;-75.4906;13;3.9
2020-01-12;20:11:47;-16.3433;-73.9996;37;4.2
2020-01-13;10:35:46;-15.7622;-72.2072;10;3.6
2020-01-15;09:45:14;-10.3954;-78.8467;26;5.4
2020-01-16;00:51:55;-7.889;-74.5281;150;4.6
2020-01-16;02:03:14;-4.0803;-77.1037;111;4.6
2020-01-16;05:22:49;-9.8215;-75.6288;21;4
2020-01-16;23:45:27;-10.7861;-77.7237;81;4.4
2020-01-17;05:08:50;-16.7791;-72.6928;42;3.9
2020-01-17;11:44:03;-9.7805;-74.5801;21;4.2
2020-01-17;17:51:53;-8.5644;-73.9933;177;4.4
2020-01-17;17:56:05;-15.4624;-70.1406;252;4.2
2020-01-18;18:01:41;-17.12;-71.3019;97;4.2
2020-01-19;16:26:05;-6.0476;-76.6891;132;4.2
2020-01-20;08:00:07;-9.5853;-75.7351;17;3.8
2020-01-20;23:54:44;-15.881;-71.7796;9;3.5
2020-01-21;01:01:19;-15.8761;-71.7701;11;3.5
2020-01-23;17:43:42;-13.9266;-71.8091;8;3.7
2020-01-23;18:46:37;-13.9193;-71.8076;11;3.4
2020-01-24;05:13:50;-17.4929;-71.0724;79;5.2
2020-01-24;17:01:07;-18.4065;-69.9288;126;4.4
2020-01-24;20:37:24;-14.4006;-69.1867;13;3.2
2020-01-24;23:38:29;-17.5127;-71.1235;57;3.8
2020-01-25;09:16:31;-16.7021;-69.6652;203;4.2
2020-01-26;06:23:09;-15.6509;-71.8556;9;3.3
2020-01-26;10:39:04;-15.7212;-71.9349;12;3.2
2020-01-26;14:59:45;-15.7519;-71.9002;9;3.4
2020-01-26;22:22:39;-15.6529;-71.8151;7;3.3
2020-01-27;03:25:10;-15.6293;-71.83;11;3.3
2020-01-27;04:14:34;-15.6528;-71.8159;12;3.4
2020-01-27;07:16:26;-12.3352;-76.8767;63;3.9
2020-01-27;16:36:28;-15.6629;-71.8153;10;3.2
2020-01-27;19:42:11;-11.5301;-77.7161;53;4.1
2020-01-27;23:10:09;-5.078;-76.1681;41;4.3
2020-01-28;02:46:45;-15.6473;-71.8088;12;3.4
2020-01-28;02:47:57;-15.6546;-71.8259;9;3.6
2020-01-28;03:01:11;-15.6655;-71.8281;13;3.5
2020-01-28;03:25:40;-17.2431;-70.8296;19;3.6
2020-01-28;03:31:37;-15.642;-71.8296;7;3.4
2020-01-28;08:21:25;-15.6501;-71.835;13;3.5
2020-01-28;09:12:04;-15.6595;-71.8329;6;3.9
2020-01-28;10:23:15;-15.6613;-71.8371;10;3.6
2020-01-28;11:07:31;-15.655;-71.829;5;3.6
2020-01-28;12:34:24;-15.6597;-71.8244;5;3.4
2020-01-28;14:55:32;-15.6836;-71.7634;11;3.8
2020-01-28;20:06:50;-15.6456;-71.82;10;3.3
2020-01-29;01:08:48;-15.665;-71.7943;10;3.3
2020-01-29;14:46:37;-15.6571;-71.8301;10;3.5
2020-01-29;18:13:16;-15.6529;-71.8012;10;3.3
2020-01-30;04:49:10;-10.7895;-73.5978;26;4.1
2020-01-30;09:21:55;-12.8748;-74.0097;79;4.1
2020-01-30;22:10:12;-3.8642;-75.5683;181;5
2020-01-31;04:57:05;-6.818;-80.6344;10;3.9
2020-01-31;23:06:09;-12.5729;-76.8088;74;4.7
2020-02-02;06:10:00;-15.6674;-71.9073;17;3.5
2020-02-02;15:20:32;-3.5469;-80.4717;48;4.1
2020-02-02;15:50:29;-15.6402;-71.8177;7;3.4
2020-02-02;17:07:40;-13.6387;-76.346;43;4
2020-02-04;02:24:16;-15.6281;-71.8115;12;3.5
2020-02-04;18:41:52;-15.0723;-75.163;40;4
2020-02-05;00:10:17;-15.6598;-71.7868;10;3.3
2020-02-05;01:51:42;-5.7951;-80.9335;44;5.2
2020-02-05;05:22:54;-17.3198;-71.1969;44;3.7
2020-02-05;07:57:18;-4.4268;-77.4414;17;5.1
2020-02-06;00:00:52;-15.1502;-71.1112;17;3.5
2020-02-06;17:10:06;-17.41;-71.2251;41;3.7
2020-02-06;17:41:15;-11.2049;-79.4171;11;4.4
2020-02-07;07:04:47;-15.6543;-71.8268;14;3.4
2020-02-08;09:57:00;-4.4057;-77.5596;18;4.2
2020-02-08;18:30:43;-15.7327;-72.0611;8;3.5
2020-02-09;02:26:47;-16.9789;-69.6189;200;4.1
2020-02-09;08:27:55;-9.8339;-78.793;35;4.2
2020-02-09;19:25:03;-15.6473;-71.8268;8;3.4
2020-02-10;02:24:00;-12.2885;-77.5592;36;3.6
2020-02-10;20:24:06;-8.3823;-77.8063;18;3.6
2020-02-11;03:45:46;-16.5091;-72.855;51;3.6
2020-02-11;05:20:19;-17.1324;-71.0446;108;4
2020-02-11;12:01:56;-15.6605;-71.8184;8;3.5
2020-02-11;15:39:17;-14.1067;-75.8784;46;3.6
2020-02-11;22:15:01;-15.2077;-75.8987;41;4.6
2020-02-12;11:22:46;-16.2363;-72.6289;104;4.2
2020-02-12;16:20:38;-15.9685;-74.5985;24;3.8
2020-02-12;16:55:22;-15.6778;-74.1988;36;4
2020-02-13;00:08:09;-15.3804;-72.0584;149;4.1
2020-02-13;04:31:49;-16.0946;-74.697;24;5.2
2020-02-13;06:24:45;-16.4949;-71.9499;34;3.6
2020-02-13;10:50:41;-16.1685;-74.7982;24;4.3
2020-02-13;22:28:25;-13.9366;-74.5596;103;4.1
2020-02-13;22:33:49;-4.2755;-80.9382;21;3.8
2020-02-14;10:44:28;-8.1944;-75.2439;134;4
2020-02-14;13:50:45;-16.6392;-72.9837;45;4.7
2020-02-14;15:10:47;-12.5604;-78.0684;25;4.8
2020-02-15;17:01:27;-11.9413;-77.7607;61;4.2
2020-02-15;19:54:41;-14.2317;-73.7099;108;4.5
2020-02-15;21:47:26;-16.5303;-72.7187;48;4
2020-02-16;06:28:52;-14.9553;-76.2451;39;4.3
2020-02-17;18:53:10;-7.6454;-74.7718;165;5
2020-02-18;09:05:48;-19.1586;-70.699;48;4
2020-02-18;11:32:04;-7.5985;-76.3699;128;4.2
2020-02-18;19:59:05;-11.1512;-78.1689;36;3.9
2020-02-19;07:13:32;-15.314;-72.2851;131;4
2020-02-19;07:20:32;-6.5022;-80.816;24;4
2020-02-19;09:23:19;-7.7663;-80.3345;22;4.1
2020-02-19;10:45:09;-11.5882;-77.8367;51;3.7
2020-02-19;21:55:50;-15.6517;-74.9269;26;3.8
2020-02-20;23:58:05;-16.4495;-72.0224;22;4.2
2020-02-21;06:44:45;-9.1304;-79.4177;16;4.8
2020-02-21;18:35:14;-9.1507;-79.4393;15;4
2020-02-22;02:52:09;-15.7056;-72.6277;111;4
2020-02-22;05:33:33;-12.779;-77.6029;18;4.1
2020-02-22;08:56:20;-3.3456;-77.6123;47;4.3
2020-02-24;22:58:57;-16.4623;-72.0003;24;3.6
2020-02-25;04:14:58;-8.2103;-80.2557;34;5.2
2020-02-25;09:45:52;-9.4696;-79.1449;35;4.3
2020-02-26;01:05:34;-10.3957;-78.5372;41;4
2020-02-26;09:18:13;-6.1701;-76.342;41;4.2
2020-02-27;02:48:56;-8.3769;-74.412;170;4.1
2020-02-27;06:27:33;-16.453;-72.0107;23;3.7
2020-02-29;02:55:34;-15.7326;-72.0754;9;3.6
2020-02-29;02:56:04;-13.182;-75.1212;110;4.2
2020-02-29;20:02:31;-13.1311;-75.0259;95;4.1
2020-03-01;07:07:21;-16.2446;-72.9787;36;3.9
2020-03-02;07:01:38;-10.8967;-73.9277;124;4.3
2020-03-02;13:55:05;-15.8256;-74.295;49;4
2020-03-02;22:15:16;-11.7079;-76.9556;90;4
2020-03-02;23:07:51;-18.1159;-70.7489;34;5
2020-03-03;06:00:09;-16.3615;-73.4571;29;4.9
2020-03-04;02:29:31;-15.8684;-75.2704;21;3.9
2020-03-04;03:39:31;-14.8618;-73.8429;106;4.1
2020-03-04;11:01:31;-12.9105;-76.7716;52;3.5
2020-03-05;23:27:24;-18.4609;-71.468;27;3.9
2020-03-06;05:18:15;-16.381;-69.7213;225;4.2
2020-03-06;07:24:05;-9.9308;-75.6845;14;4.1
2020-03-08;19:11:38;-8.2162;-80.081;38;4.3
2020-03-09;09:35:40;-4.7848;-80.2673;69;4.8
2020-03-12;00:21:31;-2.6212;-77.2184;130;4.2
2020-03-12;14:37:00;-17.4896;-70.6813;16;3.7
2020-03-13;02:08:02;-20.0854;-69.8455;95;5.2
2020-03-13;21:59:47;-15.4676;-74.2161;104;4.4
2020-03-15;02:37:56;-15.6584;-71.8432;12;3.4
2020-03-15;15:35:07;-8.9321;-74.6314;147;4.5
2020-03-16;23:55:49;-12.8856;-75.0044;12;3.4
2020-03-17;03:35:19;-12.8745;-75.0175;13;3.4
2020-03-17;06:14:44;-12.867;-75.0016;12;3.4
2020-03-17;17:47:39;-12.8393;-75.0095;7;3.3
2020-03-17;19:25:07;-15.7387;-71.7543;9;3.3
2020-03-17;19:55:47;-15.6848;-72.0093;9;3.3
2020-03-17;22:36:45;-12.8621;-75.0231;8;3.3
2020-03-18;06:34:40;-12.8734;-75.0266;9;3.8
2020-03-18;09:49:32;-12.8713;-75.0155;9;3.4
2020-03-18;10:29:35;-12.8594;-75.0267;8;4
2020-03-18;11:42:49;-12.8745;-74.9901;11;3.3
2020-03-18;13:45:38;-12.8676;-75.0053;13;3.3
2020-03-18;18:19:25;-17.5939;-72.9218;20;4
2020-03-18;19:23:50;-10.8373;-75.3538;13;3.5
2020-03-19;01:51:28;-19.1202;-70.1769;75;4.2
2020-03-19;01:51:40;-12.8525;-74.998;13;3.3
2020-03-19;05:26:19;-12.8913;-74.9869;13;3.3
2020-03-19;13:00:40;-12.8767;-75.0018;14;3.3
2020-03-19;17:45:41;-12.8661;-75.0209;11;3.4
2020-03-20;01:53:26;-15.7528;-71.7754;13;3.4
2020-03-20;02:22:46;-15.7343;-71.7732;12;3.6
2020-03-20;05:11:40;-12.8683;-75.0085;8;3.4
2020-03-20;05:56:36;-12.8741;-75.027;9;3.9
2020-03-20;06:58:57;-7.1699;-80.84;22;4.1
2020-03-20;08:18:36;-7.1755;-80.8534;17;4.4
2020-03-20;10:50:20;-12.8656;-75.0209;10;3.4
2020-03-20;21:52:10;-16.4191;-73.1138;53;4
2020-03-21;14:18:44;-12.3934;-76.8751;58;3.5
2020-03-21;20:53:07;-13.7272;-71.9666;11;3.4
2020-03-22;17:22:01;-8.5279;-74.5906;104;4
2020-03-23;06:24:55;-12.1346;-74.2814;16;4
2020-03-23;08:59:41;-12.8664;-75.0166;14;3.4
2020-03-23;22:16:44;-18.9668;-70.2494;73;4.9
2020-03-24;00:49:23;-12.9106;-73.9398;86;4
2020-03-24;21:33:52;-12.4103;-74.7483;10;3.4
2020-03-25;10:17:37;-15.67;-71.9217;10;3.9
2020-03-26;04:35:12;-15.6618;-71.9304;9;3.7
2020-03-26;09:58:28;-12.2307;-77.1479;49;3.8
2020-03-26;21:24:04;-10.0926;-74.1659;154;4.5
2020-03-27;16:48:04;-9.385;-75.8746;131;4.2
2020-03-28;02:33:35;-16.674;-71.6744;22;3.8
2020-03-28;04:02:04;-9.3624;-79.1503;40;4
2020-03-28;05:04:29;-7.8515;-80.2626;22;4.1
2020-03-28;08:44:02;-11.6893;-76.3464;13;3.4
2020-03-29;02:16:39;-15.7947;-71.8495;12;3.6
2020-03-29;22:02:47;-16.4505;-71.9944;27;3.8
2020-03-30;08:28:57;-16.9304;-72.0072;59;4
2020-03-30;14:24:33;-12.5448;-76.8298;48;3.8
2020-04-01;07:31:06;-15.6515;-71.8467;10;3.4
2020-04-01;08:05:42;-17.8562;-70.6078;72;4.1
2020-04-01;11:46:19;-16.4921;-72.5144;91;4
2020-04-01;13:58:20;-11.8729;-77.0723;74;4.5
2020-04-01;17:42:46;-15.6729;-71.905;10;3.4
2020-04-01;22:50:38;-15.673;-71.9112;12;3.4
2020-04-02;10:05:22;-12.8126;-76.8488;54;3.7
2020-04-02;10:21:39;-18.4883;-70.6131;39;4.2
2020-04-02;10:30:31;-6.0559;-80.691;43;4.6
2020-04-02;10:45:38;-5.8038;-75.9843;51;4.1
2020-04-02;22:22:53;-5.2813;-80.9957;42;4
2020-04-02;22:35:07;-15.6698;-71.9011;10;3.4
2020-04-03;03:36:09;-15.7568;-72.7644;15;3.6
2020-04-03;14:28:43;-8.6803;-76.3083;126;4.1
2020-04-05;09:45:07;-15.8914;-74.223;77;3.9
2020-04-05;12:59:21;-12.5229;-76.763;49;3.9
2020-04-05;17:36:06;-12.5554;-76.7909;44;4.1
2020-04-07;14:02:58;-14.5862;-76.2726;15;4
2020-04-08;08:38:11;-8.6647;-75.7663;141;4
2020-04-08;18:43:52;-15.7866;-72.673;127;4.1
2020-04-08;21:38:56;-15.5377;-70.322;251;4.2
2020-04-09;11:09:35;-9.4923;-77.0083;15;4.2
2020-04-09;14:06:53;-18.3175;-69.5131;146;5
2020-04-10;09:14:53;-14.9837;-71.0196;10;3.7
2020-04-10;11:25:38;-10.3756;-73.8323;144;4.1
2020-04-10;21:21:16;-11.879;-76.8228;79;3.9
2020-04-10;23:27:49;-8.526;-74.3633;163;4.6
2020-04-11;08:02:37;-7.2946;-80.2594;30;4
2020-04-11;22:36:43;-9.8423;-78.8046;51;4.3
2020-04-12;05:00:25;-10.3806;-74.9062;124;4.3
2020-04-12;05:03:06;-19.2635;-70.1348;27;4.2
2020-04-12;07:21:52;-14.5202;-75.5309;88;4.1
2020-04-12;22:10:29;-16.3281;-72.1438;19;3.6
2020-04-13;10:07:24;-5.2734;-78.502;38;4.2
2020-04-13;13:18:29;-14.3489;-73.4157;96;5.2
2020-04-13;21:28:42;-16.06;-72.4436;22;3.7
2020-04-13;21:38:35;-15.6556;-71.8679;11;3.8
2020-04-15;03:17:50;-15.6776;-71.8731;9;3.4
2020-04-15;08:52:16;-13.6361;-76.9631;13;4.1
2020-04-15;09:03:11;-13.6682;-77.0069;15;4
2020-04-15;15:37:19;-15.687;-71.8739;12;3.4
2020-04-15;21:10:55;-9.1116;-80.0805;31;4.7
2020-04-16;09:57:57;-5.8496;-77.3;37;4
2020-04-17;03:13:31;-2.4549;-77.095;154;4.7
2020-04-17;08:15:43;-15.3953;-72.162;144;4.1
2020-04-17;09:58:04;-8.8669;-76.1206;130;4
2020-04-18;05:41:04;-15.2604;-70.971;15;3.5
2020-04-19;01:04:33;-14.6148;-74.4126;97;4
2020-04-19;09:50:02;-12.9521;-76.7299;54;3.7
2020-04-19;12:34:11;-15.6462;-72.8713;17;3.7
2020-04-19;17:34:39;-11.1071;-74.8921;30;4.2
2020-04-19;18:48:00;-13.9613;-71.9556;13;3.3
2020-04-20;13:46:57;-18.1822;-70.618;50;4
2020-04-20;23:47:34;-8.0085;-74.5136;168;5.1
2020-04-21;07:36:11;-4.1741;-77.8492;26;4
2020-04-21;09:47:28;-13.3415;-76.5704;41;3.8
2020-04-21;16:02:00;-15.2088;-74.2835;87;4.1
2020-04-21;20:44:02;-4.2214;-77.9952;18;3.9
2020-04-21;21:14:56;-15.0467;-75.9921;21;4
2020-04-21;21:43:16;-15.6619;-71.8819;11;3.5
2020-04-22;18:11:54;-15.2283;-74.9268;41;4.2
2020-04-22;22:35:40;-15.6539;-71.8717;12;3.4
2020-04-23;00:37:21;-7.6082;-78.9077;18;3.7
2020-04-23;06:52:28;-5.2777;-80.0139;86;4
2020-04-23;07:24:18;-12.615;-76.9346;42;3.6
2020-04-23;17:28:13;-16.8288;-71.7754;28;3.8
2020-04-24;01:40:07;-16.589;-73.4255;24;4.1
2020-04-24;10:37:23;-12.8579;-76.89;46;3.9
2020-04-24;10:55:29;-15.3312;-71.5018;159;4.1
2020-04-24;21:51:41;-16.7229;-72.3627;31;3.8
2020-04-25;01:58:46;-11.9654;-77.2208;57;4.3
2020-04-25;14:35:09;-5.7688;-77.5692;22;4.5
2020-04-26;01:38:57;-15.7402;-71.7881;13;3.4
2020-04-26;03:18:22;-15.7229;-71.8647;8;3.7
2020-04-26;22:28:11;-9.8264;-75.243;111;4.5
2020-04-26;23:23:04;-4.2031;-77.8517;24;4.1
2020-04-27;01:17:27;-12.7277;-77.012;38;3.7
2020-04-28;00:35:03;-18.5393;-70.599;45;4
2020-04-28;02:02:24;-14.2398;-73.4613;99;4
2020-04-28;07:13:56;-15.7531;-71.7766;13;3.4
2020-04-28;09:06:07;-2.9046;-77.4683;10;4.7
2020-04-28;10:07:39;-2.7444;-77.5081;39;4.1
2020-04-28;11:15:33;-14.7589;-75.1311;41;4
2020-04-28;11:39:11;-16.4326;-72.0129;22;3.6
2020-04-28;12:59:49;-15.7145;-73.0773;19;4.2
2020-04-28;18:52:54;-14.5616;-73.5098;14;3.7
2020-04-29;07:20:26;-2.8341;-77.3325;23;4.5
2020-04-29;14:53:58;-12.5769;-76.7953;49;4
2020-04-30;05:41:30;-9.3584;-79.1808;35;3.9
2020-04-30;16:46:19;-17.2839;-72.5582;26;4.1
2020-05-01;05:58:14;-14.0323;-72.9745;103;4
2020-05-01;06:08:12;-14.6733;-76.3931;20;4
2020-05-01;07:09:42;-12.5832;-76.7953;48;3.8
2020-05-01;11:45:30;-15.5154;-70.0809;254;4.3
2020-05-02;12:14:47;-12.5885;-76.8221;48;3.7
2020-05-03;00:44:26;-15.4242;-70.5319;214;5.6
2020-05-03;02:52:57;-17.5679;-69.3845;175;4.1
2020-05-03;03:20:06;-15.7577;-71.7637;12;3.5
2020-05-03;10:31:31;-12.6113;-76.8474;53;3.6
2020-05-03;13:34:21;-7.9449;-79.0223;84;4.2
2020-05-04;01:19:02;-15.7234;-71.7501;10;3.4
2020-05-04;04:24:39;-6.1664;-76.4654;44;4.4
2020-05-04;05:52:31;-12.5737;-76.754;49;3.7
2020-05-04;07:51:25;-16.816;-72.4882;58;4.7
2020-05-04;13:21:52;-10.4367;-78.6752;38;4.3
2020-05-05;02:15:56;-15.735;-71.758;12;3.4
2020-05-05;06:10:53;-7.9158;-74.4575;156;4.5
2020-05-05;07:41:39;-5.0429;-79.9116;89;4.1
2020-05-05;11:48:20;-15.9007;-71.717;16;3.5
2020-05-06;14:05:44;-12.6071;-76.8388;46;3.7
2020-05-06;15:43:09;-19.477;-70.6462;49;5.1
2020-05-06;20:01:08;-12.5743;-76.7647;52;3.8
2020-05-06;23:31:18;-15.7278;-71.7614;10;3.4
2020-05-07;00:49:08;-5.6213;-76.4926;104;5.7
2020-05-07;07:05:10;-5.6773;-76.7942;52;4.3
2020-05-07;18:04:17;-14.3616;-75.8187;63;4.5
2020-05-07;21:49:54;-8.5761;-74.3238;170;4.2
2020-05-08;01:47:57;-17.5972;-71.4627;36;3.9
2020-05-08;02:49:14;-8.6938;-74.899;147;5
2020-05-08;11:47:51;-9.3906;-79.2041;37;4
2020-05-09;04:27:36;-5.6065;-76.5282;103;4.7
2020-05-09;07:40:12;-9.1299;-75.062;34;4
2020-05-09;10:52:31;-12.2226;-76.0473;107;4
2020-05-09;16:48:24;-10.5518;-75.5736;21;3.9
2020-05-09;17:54:29;-7.24;-75.6568;146;4.1
2020-05-10;08:28:13;-17.347;-71.3546;42;3.9
2020-05-10;09:07:16;-5.8938;-76.2675;123;4.1
2020-05-11;02:32:04;-15.3838;-73.9882;104;4.2
2020-05-11;07:47:37;-14.61;-75.5804;64;3.9
2020-05-11;09:31:17;-7.8483;-76.1031;126;4.1
2020-05-11;14:34:04;-18.0025;-71.5484;36;4
2020-05-11;19:17:45;-15.9019;-74.9912;26;4.5
2020-05-12;08:13:03;-5.5993;-76.8084;38;4.3
2020-05-12;09:05:35;-5.268;-80.1775;64;4
2020-05-12;15:10:31;-10.6656;-78.3645;73;5
2020-05-13;10:11:36;-7.2386;-79.4203;69;4.5
2020-05-13;11:03:53;-10.4737;-78.6285;45;4.2
2020-05-14;09:10:11;-3.6719;-80.3858;71;4
2020-05-14;22:33:16;-9.2529;-79.1749;37;4
2020-05-15;11:16:05;-15.395;-74.1168;99;4.5
2020-05-16;04:47:58;-12.8729;-75.0194;14;3.4
2020-05-16;05:01:55;-13.123;-75.3621;92;4.3
2020-05-16;05:55:43;-17.7986;-69.8308;154;4.3
2020-05-17;04:37:54;-17.879;-70.4065;69;4
2020-05-17;08:43:32;-4.278;-80.4203;47;4.2
2020-05-17;19:27:08;-4.3963;-77.4403;17;4.5
2020-05-18;02:15:26;-12.8954;-76.6054;60;3.6
2020-05-18;03:34:19;-9.6151;-77.5637;25;3.8
2020-05-18;14:38:15;-12.7972;-73.1809;13;3.7
2020-05-19;00:24:51;-14.5087;-73.0046;126;5.4
2020-05-19;01:17:20;-9.0411;-75.4711;138;4.2
2020-05-19;11:33:55;-3.7516;-80.6176;21;3.8
2020-05-19;15:33:38;-7.7142;-76.2848;123;4
2020-05-19;19:26:36;-4.455;-77.5664;24;3.9
2020-05-19;20:50:01;-15.581;-71.8158;13;3.4
2020-05-20;03:08:22;-7.2391;-80.4967;24;4.5
2020-05-21;18:45:18;-12.6579;-76.8422;45;3.8
2020-05-21;22:59:46;-15.8027;-74.1728;69;4
2020-05-22;08:20:11;-13.628;-74.7529;102;4.4
2020-05-23;02:41:08;-5.7224;-78.7442;20;3.7
2020-05-23;05:41:37;-18.3227;-71.2725;26;3.8
2020-05-23;20:13:18;-15.7803;-72.889;13;3.5
2020-05-24;07:31:56;-15.6605;-71.8623;13;3.4
2020-05-24;09:59:20;-16.3304;-74.5209;23;4.4
2020-05-24;12:15:46;-11.2774;-78.1932;27;4
2020-05-25;08:46:49;-4.6579;-80.3592;35;3.9
2020-05-25;09:14:51;-15.3302;-72.01;12;3.6
2020-05-25;14:51:23;-17.3751;-69.934;14;3.5
2020-05-25;17:19:04;-3.9942;-81.0366;30;4.2
2020-05-25;18:10:58;-18.569;-70.5547;44;4
2020-05-26;04:14:10;-15.6544;-71.8634;9;3.4
2020-05-26;04:41:24;-10.6209;-76.76;119;4.8
2020-05-26;08:16:25;-8.6511;-79.3323;52;4.1
2020-05-27;03:30:42;-19.2349;-70.1684;34;3.9
2020-05-27;09:03:31;-15.7098;-72.1064;15;3.5
2020-05-27;09:49:26;-15.4682;-75.6341;19;3.8
2020-05-27;15:59:43;-15.8458;-71.7313;17;3.6
2020-05-28;10:47:04;-9.2437;-75.6387;13;4.1
2020-05-29;03:35:14;-7.8438;-77.9817;13;3.7
2020-05-29;03:35:48;-14.6236;-75.9952;31;4
2020-05-30;00:40:05;-9.9105;-78.9872;29;3.8
2020-05-30;04:12:54;-18.3695;-71.3909;25;3.7
2020-05-30;09:57:51;-15.7176;-71.7097;145;4
2020-05-30;19:56:57;-5.6758;-75.536;124;4.2
2020-05-31;02:41:09;-10.2564;-76.3879;11;4.1
2020-05-31;03:57:40;-10.1932;-76.4005;20;4.5
2020-05-31;05:09:35;-15.4084;-70.9434;210;5.8
2020-05-31;10:22:02;-17.3035;-71.0013;28;4.1
2020-05-31;17:22:37;-16.1313;-72.1774;14;3.7
2020-06-01;02:54:31;-10.2424;-76.3961;10;3.6
2020-06-02;07:45:42;-16.2739;-73.1155;62;4
2020-06-02;08:59:38;-10.8908;-75.8739;17;3.7
2020-06-02;10:29:16;-17.3388;-69.4126;167;4.7
2020-06-02;15:06:40;-15.8246;-71.9699;11;3.6
2020-06-02;23:25:20;-15.6043;-71.8189;10;3.3
2020-06-06;04:30:16;-8.5422;-77.4826;18;3.5
2020-06-06;14:17:22;-9.4618;-79.2476;34;4.6
2020-06-07;05:27:21;-9.5688;-78.893;71;4.8
2020-06-07;10:31:15;-4.027;-77.0852;128;5.9
2020-06-08;02:56:28;-17.0006;-71.5312;23;3.5
2020-06-08;07:13:15;-17.4818;-71.0141;48;3.6
2020-06-08;09:58:32;-10.986;-73.6837;18;3.5
2020-06-10;11:13:43;-16.724;-69.4561;212;4.3
2020-06-11;02:18:44;-4.313;-80.7371;36;4.1
2020-06-11;12:37:07;-16.5813;-72.7236;34;3.6
2020-06-11;13:45:14;-17.5576;-72.3746;23;3.8
2020-06-11;13:59:39;-17.5589;-72.3432;19;4
2020-06-12;09:16:42;-12.1923;-72.3197;17;4
2020-06-12;17:10:46;-15.6835;-71.8537;10;3.7
2020-06-13;14:14:22;-15.0818;-73.2392;13;3.5
2020-06-13;14:23:33;-15.2696;-74.1928;101;4.1
2020-06-14;01:30:35;-9.148;-75.2342;146;4.5
2020-06-14;15:27:39;-17.5168;-71.419;49;3.7
2020-06-15;02:18:25;-15.0305;-73.2531;100;4.2
2020-06-15;03:04:11;-9.303;-79.5145;38;4.5
2020-06-15;12:56:37;-15.7559;-72.1041;15;3.7
2020-06-15;16:27:40;-14.2016;-72.3407;16;3.7
2020-06-16;08:47:23;-12.4612;-76.7701;85;3.6
2020-06-18;00:58:32;-10.2703;-75.0678;122;4
2020-06-18;09:15:46;-15.6586;-71.8659;9;3.4
2020-06-20;14:39:13;-15.6532;-71.8748;12;3.6
2020-06-21;10:27:17;-11.701;-77.3967;74;3.6
2020-06-21;14:18:02;-10.8056;-74.7842;13;3.9
2020-06-21;17:35:27;-6.765;-78.6783;16;3.5
2020-06-22;01:15:35;-14.1735;-73.4818;106;4
2020-06-22;04:10:21;-11.3556;-77.9852;40;3.9
2020-06-22;13:08:57;-6.085;-81.6962;41;5.1
2020-06-23;09:01:20;-6.156;-81.179;13;4.1
2020-06-24;08:54:52;-17.7585;-70.5249;21;3.5
2020-06-25;06:20:18;-15.6537;-71.85;9;3.4
2020-06-25;06:47:59;-16.3267;-73.4299;20;4
2020-06-27;13:01:37;-4.0072;-81.0951;26;3.8
2020-06-27;17:50:32;-15.8793;-71.7864;11;3.6
2020-06-28;13:37:20;-7.9617;-74.7597;115;4.8
2020-06-28;18:58:38;-15.6647;-71.8716;14;3.6
2020-06-29;02:42:25;-15.879;-72.0261;136;4.3
2020-06-29;21:34:46;-15.6419;-71.8705;9;3.6
2020-07-01;04:06:36;-13.5669;-76.297;43;3.8
2020-07-02;02:02:40;-14.3576;-71.3631;10;3.6
2020-07-04;07:14:07;-18.9284;-69.7313;126;4.4
2020-07-04;07:40:08;-12.8739;-75.0158;12;3.6
2020-07-05;15:40:25;-9.647;-77.5313;13;3.4
2020-07-07;04:27:46;-16.5584;-72.718;46;3.9
2020-07-07;07:31:15;-11.2648;-77.0504;97;4
2020-07-08;04:53:21;-15.7546;-71.7675;12;3.5
2020-07-08;23:30:12;-17.4126;-69.945;11;3.7
2020-07-08;23:39:56;-8.0899;-74.5736;180;4.5
2020-07-10;15:08:21;-15.7092;-72.0152;11;3.6
2020-07-11;00:44:26;-6.0366;-80.0708;68;4
2020-07-11;06:07:17;-9.202;-75.7246;123;4.1
2020-07-12;03:32:26;-9.5442;-75.8569;17;4.1
2020-07-13;04:20:11;-17.2702;-70.9928;24;4.1
2020-07-15;22:25:23;-16.4456;-74.1309;37;4.8
2020-07-16;10:23:56;-6.2369;-76.5443;131;4.3
2020-07-17;05:04:02;-16.5849;-71.943;90;4.3
2020-07-17;05:40:37;-20.1915;-70.1821;71;5.9
2020-07-17;21:30:42;-10.7134;-78.402;41;4.3
2020-07-18;11:14:41;-16.9872;-71.8632;54;4
2020-07-18;11:56:08;-15.5949;-71.9331;8;3.4
2020-07-20;01:50:06;-8.4798;-80.2309;32;5.1
2020-07-21;02:12:38;-7.8613;-74.5669;150;4.4
2020-07-21;06:49:47;-19.118;-69.6451;86;4.4
2020-07-21;21:26:26;-15.8569;-73.5401;89;4.5
2020-07-21;22:57:34;-17.2607;-70.3891;15;3.4
2020-07-22;14:23:10;-16.5357;-71.8441;21;3.7
2020-07-22;16:14:44;-10.8848;-75.7583;18;3.6
2020-07-22;19:45:06;-16.4324;-74.0656;28;5
2020-07-23;00:30:33;-8.7569;-74.6964;153;4.1
2020-07-23;13:19:27;-17.5998;-70.9168;97;4.1
2020-07-24;06:19:17;-17.4137;-69.9159;10;3.6
2020-07-24;07:43:35;-16.4588;-74.0523;26;4.4
2020-07-24;10:08:41;-16.5057;-74.044;25;4.1
2020-07-25;05:51:20;-13.3986;-76.144;79;4.2
2020-07-25;08:00:30;-12.6323;-76.857;38;3.8
2020-07-25;16:31:14;-17.3861;-69.9024;11;4.2
2020-07-25;18:54:10;-17.4171;-69.9033;13;3.5
2020-07-25;21:16:13;-3.4907;-80.9935;16;4.5
2020-07-26;10:03:58;-17.4265;-69.9334;9;4.2
2020-07-26;10:07:12;-17.4172;-69.933;9;4.1
2020-07-26;11:06:23;-17.4114;-69.9387;12;3.8
2020-07-26;11:28:45;-17.4161;-69.939;10;4.2
2020-07-26;13:14:22;-17.4174;-69.9301;9;4
2020-07-28;16:40:05;-16.9141;-72.5488;47;5.3
2020-07-28;17:04:58;-9.764;-75.8014;16;3.6
2020-07-29;09:36:30;-10.2791;-75.0646;43;4.9
2020-07-29;16:01:52;-15.741;-74.6411;54;4.7
2020-07-30;07:21:46;-8.9221;-77.2924;16;3.4
2020-07-31;10:03:36;-14.1131;-73.0085;89;5
2020-08-01;08:25:27;-16.5214;-72.7949;86;5.1
2020-08-01;11:43:00;-15.6467;-71.8532;12;3.6
2020-08-03;07:13:56;-10.4457;-75.5382;24;4
2020-08-03;09:30:21;-8.8146;-74.8216;139;4.1
2020-08-03;11:56:50;-19.7635;-69.3783;125;5.5
2020-08-03;15:08:04;-7.3428;-77.9568;14;4.8
2020-08-05;05:27:40;-13.5823;-76.3238;46;4.5
2020-08-05;05:53:47;-14.7362;-75.3912;46;3.8
2020-08-05;07:29:56;-14.5801;-73.5335;11;3.8
2020-08-05;20:49:42;-11.2648;-73.3729;13;4
2020-08-06;22:18:10;-15.6819;-74.7629;42;5.6
2020-08-07;05:14:25;-9.468;-77.5926;16;3.7
2020-08-08;02:16:28;-11.2767;-75.8798;12;5
2020-08-08;07:14:14;-6.0763;-75.6923;46;4.4
2020-08-08;15:13:14;-11.1981;-73.3264;34;4.7
2020-08-08;20:30:34;-16.4416;-73.1296;29;3.9
2020-08-09;16:49:13;-13.8539;-76.1544;49;3.9
2020-08-10;13:41:34;-15.4245;-70.8732;14;3.6
2020-08-11;05:01:02;-6.6007;-76.3158;17;3.8
2020-08-12;04:48:56;-15.6399;-71.8181;9;3.5
2020-08-12;04:57:50;-12.2089;-77.1635;51;3.9
2020-08-12;17:37:03;-10.8885;-79.8433;26;4
2020-08-13;00:23:05;-10.5949;-75.4799;13;3.7
2020-08-14;07:20:28;-13.1845;-76.4504;65;4.2
2020-08-14;20:34:33;-15.7154;-71.9009;7;4.4
2020-08-15;15:36:29;-3.8717;-81.2084;48;4.3
2020-08-15;16:43:23;-15.7116;-71.8404;8;3.9
2020-08-15;23:40:09;-13.4554;-74.4133;91;4
2020-08-16;03:18:49;-19.2556;-70.3967;68;5.2
2020-08-16;07:42:40;-12.394;-76.7841;65;4
2020-08-16;08:54:18;-15.7016;-71.9031;8;3.6
2020-08-16;08:59:40;-15.7066;-71.9077;10;3.9
2020-08-16;10:21:14;-13.4669;-71.8871;7;3.4
2020-08-16;11:49:27;-14.1772;-72.8123;95;4
2020-08-16;11:58:07;-4.2939;-76.8082;116;4.1
2020-08-16;14:56:05;-15.6994;-71.8474;12;3.4
2020-08-16;16:26:09;-8.4075;-79.8663;18;4.2
2020-08-17;02:51:48;-12.0993;-77.3924;56;3.8
2020-08-18;05:49:54;-13.0771;-76.7331;40;3.8
2020-08-20;19:03:40;-13.1064;-75.2072;112;4.6
2020-08-21;02:22:31;-15.1572;-75.9397;36;4.6
2020-08-21;03:56:22;-16.1486;-71.646;142;4
2020-08-21;23:21:02;-5.4798;-77.3279;33;4
2020-08-23;00:08:31;-10.7974;-78.2582;41;3.7
2020-08-23;03:58:02;-17.0099;-71.6549;45;4.1
2020-08-24;10:05:16;-14.1411;-72.8972;105;4.2
2020-08-24;20:37:14;-15.726;-72.0327;11;3.5
2020-08-25;05:18:09;-4.1455;-80.9244;31;5.5
2020-08-25;05:53:39;-4.1166;-80.9057;25;4
2020-08-25;11:09:36;-15.6696;-71.7094;9;3.5
2020-08-26;09:18:44;-9.615;-75.8464;11;3.6
2020-08-27;21:09:58;-10.554;-76.5424;117;4.1
2020-08-28;00:57:30;-8.9298;-74.6198;141;4.1
2020-08-29;17:01:27;-5.4757;-77.1489;27;4.1
2020-08-29;20:31:19;-15.5667;-70.9616;13;3.7
2020-08-30;00:39:02;-15.5543;-70.9593;14;4
2020-08-30;00:55:17;-8.9563;-80.8819;17;4.6
2020-08-30;08:57:12;-7.9864;-76.3344;142;4.1
2020-08-30;11:07:12;-15.691;-71.8592;9;3.6
2020-08-31;05:30:00;-2.4348;-77.0596;148;4.3
2020-09-01;00:48:44;-9.7779;-75.6835;11;3.6
2020-09-01;08:10:11;-11.2394;-75.8836;10;3.6
2020-09-02;02:08:33;-4.861;-80.8453;28;4.1
2020-09-02;04:16:41;-15.6652;-71.9254;11;3.6
2020-09-02;22:46:48;-6.0934;-80.704;41;3.9
2020-09-02;23:10:45;-15.0495;-76.3558;28;4.4
2020-09-03;01:27:54;-11.0895;-78.0795;39;4.2
2020-09-03;04:20:59;-10.9759;-78.2356;28;4
2020-09-04;18:34:11;-10.3531;-75.4705;10;4
2020-09-04;19:36:25;-13.4927;-75.5484;97;4
2020-09-05;05:36:01;-16.159;-74.2813;28;4
2020-09-05;05:59:45;-15.6905;-71.8727;9;3.6
2020-09-07;14:13:38;-10.3841;-75.1257;35;3.9
2020-09-08;07:59:47;-8.9603;-79.472;31;4.1
2020-09-09;18:17:03;-12.0401;-76.9329;93;4.5
2020-09-10;16:55:05;-15.2007;-75.911;35;4.4
2020-09-13;08:07:47;-8.3256;-80.0898;13;4.6
2020-09-13;19:04:43;-14.889;-75.4708;44;3.8
2020-09-15;03:58:29;-12.644;-76.4478;74;3.8
2020-09-15;06:44:03;-3.4958;-80.7814;34;4.7
2020-09-15;16:22:53;-11.1147;-73.9125;20;4
2020-09-15;19:09:33;-18.1564;-71.3436;28;3.9
2020-09-16;14:14:26;-5.6465;-80.7706;38;3.8
2020-09-16;17:15:03;-14.8544;-75.3662;40;4.1
2020-09-16;18:27:18;-11.9237;-77.6025;22;3.8
2020-09-17;10:02:58;-17.7044;-69.42;165;4
2020-09-17;14:47:31;-11.3894;-73.5143;10;4
2020-09-17;16:57:52;-7.6293;-75.6883;42;4.5
2020-09-18;01:06:37;-8.9998;-79.2955;51;4.5
2020-09-19;00:25:47;-9.6393;-75.7379;13;3.9
2020-09-20;03:07:53;-9.1859;-79.1711;41;4
2020-09-20;05:29:42;-15.134;-71.5003;143;4.8
2020-09-20;06:57:02;-13.4508;-76.5715;40;4
2020-09-21;20:18:48;-18.5179;-69.8417;96;4.2
2020-09-21;20:23:47;-12.5422;-77.135;48;3.2
2020-09-22;15:26:04;-11.2803;-78.2664;31;4
2020-09-23;10:29:53;-16.4098;-74.012;22;3.8
2020-09-23;19:56:11;-5.4157;-78.6613;21;3.9
2020-09-25;03:41:14;-15.3555;-70.9272;10;3.6
2020-09-25;03:55:34;-15.6594;-71.792;10;3.5
2020-09-25;12:59:53;-8.5727;-79.8433;25;4.5
2020-09-25;14:19:45;-2.949;-77.0496;118;4.5
2020-09-26;03:06:43;-12.2387;-77.694;52;3.4
2020-09-27;02:50:51;-10.8951;-74.7482;24;4.5
2020-09-27;16:43:51;-9.7582;-79.0223;44;4.1
2020-09-27;18:55:12;-13.252;-76.6095;56;4
2020-09-29;07:22:37;-13.5156;-76.2579;48;4.3
2020-10-01;01:44:28;-9.2819;-79.1323;38;4
2020-10-02;08:51:18;-8.9991;-80.6388;14;4.4
2020-10-02;09:06:51;-8.96;-80.6393;15;5
2020-10-02;09:18:17;-8.8839;-80.4927;25;4.9
2020-10-02;10:00:29;-15.6554;-71.8954;10;3.6
2020-10-02;16:44:33;-8.8022;-80.3041;25;4.5
2020-10-02;19:18:19;-8.8183;-80.4059;20;4.5
2020-10-02;22:26:05;-8.9525;-80.5625;17;4.4
2020-10-03;19:52:13;-16.8802;-72.0442;52;4.1
2020-10-04;20:21:10;-5.9446;-76.8918;20;4.7
2020-10-05;05:39:33;-5.9743;-76.8833;16;4.4
2020-10-05;10:38:57;-8.1219;-74.4104;151;4.8
2020-10-06;12:53:59;-9.8807;-76.4246;11;3.7
2020-10-08;03:24:33;-19.1148;-69.5607;130;4.3
2020-10-08;16:24:35;-15.8233;-74.6164;30;3.8
2020-10-09;11:46:44;-7.9276;-74.5069;154;4.3
2020-10-09;23:51:03;-12.8735;-77.1635;41;3.7
2020-10-10;17:04:23;-3.5798;-79.0443;95;4.2
2020-10-11;00:41:06;-14.2569;-72.955;125;4.4
2020-10-12;01:00:53;-14.9672;-74.125;112;4.4
2020-10-12;14:37:42;-8.5348;-77.8257;11;3.7
2020-10-12;21:02:57;-16.5005;-70.987;134;4.8
2020-10-12;23:09:27;-2.6007;-77.9014;125;4.6
2020-10-13;05:19:46;-15.1486;-71.6913;158;4.4
2020-10-13;10:38:16;-15.5321;-71.8256;144;4
2020-10-13;21:09:22;-8.2651;-74.3645;188;4.8
2020-10-14;19:19:23;-6.0737;-76.8983;30;4.2
2020-10-17;04:16:10;-15.7025;-74.9156;40;4.1
2020-10-17;04:46:26;-16.5144;-73.3741;53;4.2
2020-10-17;22:17:39;-10.7143;-78.4032;45;4.3
2020-10-18;02:22:21;-12.2048;-77.0855;51;3.5
2020-10-18;04:54:57;-15.4085;-70.8753;14;3.4
2020-10-18;06:58:26;-3.7723;-82.0227;27;5.4
2020-10-18;18:38:54;-14.0743;-72.7876;113;4.2
2020-10-19;02:26:29;-16.6977;-71.911;25;3.7
2020-10-19;13:18:48;-10.7523;-74.6055;27;4.6
2020-10-19;21:50:40;-10.9397;-75.5378;14;4.2
2020-10-20;08:33:27;-10.9378;-75.5375;13;4.1
2020-10-20;14:47:17;-12.9012;-77.156;60;3.5
2020-10-20;16:54:44;-15.4709;-73.813;108;4.5
2020-10-22;06:15:24;-4.277;-81.6052;31;4
2020-10-22;17:03:36;-8.6313;-77.8837;132;4.1
2020-10-22;21:15:31;-17.4069;-70.9162;33;3.7
2020-10-23;00:45:36;-5.4548;-76.8523;38;4
2020-10-24;03:36:22;-10.8399;-78.3339;45;4.1
2020-10-25;04:52:47;-12.1714;-76.9394;63;4
2020-10-25;08:33:02;-14.3617;-75.8262;47;4.3
2020-10-25;08:40:00;-14.4361;-74.5126;111;4
2020-10-25;10:47:03;-10.6754;-75.0956;12;3.7
2020-10-25;12:09:02;-15.7594;-72.0991;10;3.6
2020-10-25;14:24:37;-12.9164;-77.0209;41;3.5
2020-10-26;03:39:47;-7.5377;-74.5226;170;4.2
2020-10-26;15:23:01;-16.5741;-72.1047;21;4
2020-10-27;00:25:39;-7.889;-74.4493;154;4.6
2020-10-27;07:50:26;-9.2689;-79.2431;27;3.8
2020-10-27;08:29:50;-12.4907;-76.5566;79;3.6
2020-10-27;11:40:06;-14.3574;-72.8214;99;4
2020-10-27;13:30:51;-7.6428;-76.4402;147;4.1
2020-10-27;22:42:44;-10.4947;-74.8062;131;4
2020-10-28;05:49:33;-15.6522;-71.9786;10;3.6
2020-10-28;09:02:33;-14.9726;-75.878;41;5.5
2020-10-28;18:47:27;-15.0945;-75.9245;36;4.6
2020-10-29;05:13:05;-13.8089;-71.8486;11;3.6
2020-10-29;16:08:39;-17.8118;-69.9408;149;4.6
2020-10-30;08:03:28;-3.6004;-79.5981;89;4.2
2020-10-30;18:24:41;-10.2349;-75.2508;39;5.6
2020-11-01;00:27:21;-8.3419;-74.4246;165;4
2020-11-01;14:16:45;-15.7373;-71.8232;9;3.6
2020-11-01;16:07:34;-18.093;-71.5873;27;4
2020-11-02;13:42:17;-13.0937;-77.0058;27;4.6
2020-11-03;03:47:10;-12.8079;-77.2119;30;3.8
2020-11-03;06:30:00;-12.1062;-76.7902;99;3.9
2020-11-04;13:44:16;-16.5591;-72.5187;73;4
2020-11-06;02:46:26;-15.6444;-71.5899;9;3.5
2020-11-06;07:16:15;-8.7671;-74.7893;136;4.7
2020-11-06;14:37:36;-8.0216;-76.1365;143;4.2
2020-11-06;23:19:28;-16.7381;-71.7062;26;3.8
2020-11-08;10:46:00;-5.6152;-76.7346;32;4.6
2020-11-09;04:00:30;-5.0588;-80.7932;38;4
2020-11-09;16:02:35;-12.3592;-76.9709;43;3.4
2020-11-09;21:16:48;-6.7071;-80.5902;46;4
2020-11-10;13:27:58;-3.9641;-77.5426;106;4
2020-11-10;20:37:33;-2.8323;-77.0978;116;4.3
2020-11-11;08:08:52;-16.9682;-71.8469;60;3.7
2020-11-11;11:59:13;-4.3274;-80.7271;38;4
2020-11-12;02:18:30;-15.175;-72.5572;125;4.5
2020-11-12;02:43:54;-12.1758;-77.5252;50;3.9
2020-11-12;08:43:03;-4.7742;-77.3983;120;4.4
2020-11-12;11:21:51;-15.7636;-74.7028;60;4.4
2020-11-12;13:21:52;-8.6809;-74.7543;143;4.1
2020-11-12;15:57:02;-9.823;-78.9797;18;4
2020-11-12;16:33:11;-10.7821;-78.5519;39;4.1
2020-11-12;17:55:50;-15.7071;-71.7463;15;3.7
2020-11-13;00:28:56;-8.9634;-74.9215;30;4.7
2020-11-13;04:38:12;-15.8974;-74.676;49;4.5
2020-11-14;03:56:16;-12.0211;-77.5516;52;3.9
2020-11-15;06:01:03;-15.5928;-72.6546;8;3.7
2020-11-15;06:10:32;-12.99;-76.9383;41;3.9
2020-11-15;08:28:56;-10.7596;-77.9146;74;4
2020-11-15;17:40:14;-8.1226;-74.4867;149;4.1
2020-11-15;20:02:18;-16.3478;-74.363;23;4.1
2020-11-16;17:09:09;-9.9453;-74.8257;23;4
2020-11-17;05:12:57;-8.7319;-76.9645;12;3.7
2020-11-18;00:49:01;-4.0073;-77.0656;120;4.6
2020-11-18;06:27:51;-8.612;-74.7813;139;4.2
2020-11-18;10:31:48;-15.6268;-74.758;68;4.2
2020-11-19;17:27:21;-15.7483;-71.7611;14;3.2
2020-11-20;00:11:10;-14.9223;-71.2568;175;4.2
2020-11-20;17:02:41;-18.2632;-70.0352;133;5
2020-11-20;20:48:53;-7.541;-74.7439;152;4.6
2020-11-21;01:35:50;-15.6307;-71.7858;10;3.4
2020-11-21;02:52:24;-7.3212;-80.4111;32;4.3
2020-11-21;08:10:54;-12.7642;-76.7149;54;3.7
2020-11-21;22:43:46;-12.6115;-76.9411;41;3.6
2020-11-23;00:01:23;-12.6447;-76.9451;31;3.6
2020-11-23;04:13:32;-9.989;-74.9483;10;3.7
2020-11-23;08:22:03;-15.1235;-74.9521;51;3.9
2020-11-23;08:38:05;-11.7214;-77.6577;47;3.5
2020-11-23;09:13:42;-15.1562;-73.036;107;4
2020-11-24;03:30:54;-14.7465;-75.5364;49;4
2020-11-24;20:21:02;-16.2922;-73.7086;28;4.7
2020-11-24;22:14:34;-13.9455;-76.291;59;3.8
2020-11-26;05:37:21;-11.1227;-77.9483;41;4.4
2020-11-26;15:21:11;-15.7471;-71.7095;13;3.6
2020-11-26;21:19:32;-12.6632;-76.8686;42;4
2020-11-27;01:34:35;-15.0437;-72.8127;114;4
2020-11-27;01:41:12;-10.3949;-74.0839;18;3.8
2020-11-27;15:05:28;-13.0509;-76.7105;56;3.8
2020-11-27;20:13:24;-14.768;-76.141;17;4.1
2020-11-28;05:08:08;-18.856;-70.1169;41;4
2020-11-28;07:29:31;-9.1469;-75.7419;15;3.8
2020-11-28;08:03:16;-5.1133;-81.0119;39;3.9
2020-11-28;17:44:48;-15.6983;-72.0032;15;3.5
2020-11-29;10:37:03;-5.1916;-79.2652;18;4.8
2020-11-30;09:31:07;-15.1897;-75.8921;29;3.9
2020-11-30;12:57:19;-11.2016;-73.3856;15;4.3
2020-12-01;01:38:41;-15.7246;-72.0864;11;3.9
2020-12-01;12:31:58;-14.5204;-75.7069;59;4.2
2020-12-02;02:42:32;-9.0361;-74.9526;17;3.9
2020-12-02;03:27:16;-12.8928;-77.226;21;4.8
2020-12-02;07:37:12;-17.8719;-71.2983;54;4
2020-12-03;04:02:10;-12.5367;-76.8824;43;3.3
2020-12-03;05:15:56;-14.9718;-72.5819;119;4.3
2020-12-04;15:42:54;-7.5276;-74.6114;126;4
2020-12-05;10:50:44;-10.6974;-73.7287;24;3.9
2020-12-07;15:10:46;-8.9549;-79.3446;31;4
2020-12-07;19:53:11;-19.2308;-70.4989;59;4.1
2020-12-08;06:09:02;-16.4618;-71.8491;20;3.8
2020-12-08;17:10:00;-16.9326;-72.1952;30;3.5
2020-12-09;13:45:02;-17.2929;-69.9366;15;3.8
2020-12-10;03:58:18;-10.0799;-74.8566;27;4.2
2020-12-10;23:04:57;-14.9483;-75.3455;45;4
2020-12-11;13:38:23;-8.9311;-79.9911;9;4
2020-12-11;22:11:38;-19.2434;-70.2686;56;4.4
2020-12-12;04:43:24;-15.7182;-71.7488;15;3.6
2020-12-12;07:20:34;-11.8995;-77.0818;78;4.1
2020-12-12;11:09:20;-15.9663;-74.4846;24;3.9
2020-12-12;13:51:40;-12.5986;-76.7474;52;4.2
2020-12-13;06:38:27;-14.4596;-72.9514;11;3.3
2020-12-13;13:48:08;-12.9352;-77.1618;32;3.6
2020-12-13;14:14:24;-15.7204;-71.8984;8;3.4
2020-12-15;14:23:51;-9.318;-76.1503;20;4
2020-12-15;19:18:41;-8.5326;-79.5802;47;4
2020-12-16;17:48:45;-16.7226;-71.7838;93;5.5
2020-12-16;18:28:24;-16.717;-71.8115;88;3.9
2020-12-17;01:35:15;-16.5911;-70.3692;178;4.2
2020-12-17;07:24:59;-15.7336;-71.9638;7;3.5
2020-12-17;14:29:58;-15.7449;-71.9659;10;3.6
2020-12-17;21:54:55;-15.9297;-72.8061;115;4.1
2020-12-18;13:03:43;-13.4643;-71.882;7;3.4
2020-12-18;22:08:38;-15.7145;-72.0127;12;3.5
2020-12-19;02:22:39;-10.227;-75.5954;14;3.9
2020-12-19;20:57:50;-17.3157;-71.8292;31;3.8
2020-12-20;15:55:05;-16.351;-73.781;20;4.8
2020-12-21;16:30:18;-3.6381;-77.8651;28;4.5
2020-12-22;10:46:14;-3.5681;-77.5214;147;4
2020-12-22;16:16:46;-9.8189;-78.8111;36;4.1
2020-12-22;23:21:22;-16.9536;-71.1297;14;3.6
2020-12-23;07:08:43;-9.424;-79.3579;31;4.3
2020-12-23;12:01:14;-3.5701;-80.2156;59;4.2
2020-12-24;03:20:07;-12.482;-76.5698;69;3.7
2020-12-24;08:15:34;-16.7179;-71.4853;17;3.5
2020-12-25;08:13:50;-11.3742;-76.0006;128;4.1
2020-12-25;15:48:41;-12.5543;-76.7565;50;3.6
2020-12-25;15:57:56;-13.5123;-76.2932;67;4.1
2020-12-25;23:52:13;-17.4713;-71.2867;44;4.5
2020-12-26;07:19:19;-15.7048;-71.7497;10;3.4
2020-12-26;11:10:40;-16.5453;-71.821;23;3.7
2020-12-26;23:32:44;-11.3444;-73.3573;26;4.9
2020-12-27;07:11:09;-16.1402;-74.4222;41;6
2020-12-27;13:55:20;-19.1226;-69.7226;121;5.2
2020-12-27;21:12:30;-11.6639;-76.3317;8;3.6
2020-12-29;05:45:02;-18.5814;-71.0856;32;4
2020-12-29;08:20:50;-16.0895;-74.3887;37;4
2020-12-30;03:49:33;-5.6122;-77.2993;133;4
2020-12-30;08:13:01;-5.1335;-80.7949;44;4.2
2020-12-30;20:22:40;-11.3012;-75.6121;12;3.7
2020-12-31;00:10:36;-16.1055;-74.4257;44;4
2020-12-31;02:28:28;-15.7803;-75.0419;18;4.2
2020-12-31;03:40:31;-15.7166;-71.8202;13;3.5
2020-12-31;11:20:39;-15.0872;-74.5657;94;4
2021-01-01;03:09:38;-15.6684;-73.8533;90;4.3
2021-01-01;13:15:40;-8.2573;-79.7605;37;4.4
2021-01-03;03:42:51;-16.2533;-73.7271;38;4.1
2021-01-03;10:14:19;-7.2251;-80.9195;31;4.6
2021-01-03;12:06:59;-15.8968;-74.2001;61;3.9
2021-01-03;14:51:31;-17.5621;-70.04;11;3.5
2021-01-04;16:24:24;-15.5917;-74.857;55;4.1
2021-01-06;16:38:41;-19.6883;-69.4649;108;5
2021-01-06;23:00:04;-15.7106;-72.0329;7;3.4
2021-01-07;23:53:00;-4.721;-75.9001;146;4.4
2021-01-08;08:25:07;-6.3476;-78.7238;17;3.9
2021-01-08;22:55:06;-16.4913;-71.9079;12;3.6
2021-01-09;06:40:59;-17.2285;-71.3018;36;3.5
2021-01-11;04:00:11;-12.7169;-78.1989;42;4.4
2021-01-11;06:05:50;-3.6921;-74.8913;152;4.7
2021-01-11;08:22:20;-14.6113;-75.6962;52;4.2
2021-01-12;18:48:32;-12.452;-76.9323;47;4.1
2021-01-13;01:12:06;-15.0003;-75.6142;25;4
2021-01-15;05:47:50;-10.2711;-75.5307;16;4
2021-01-15;15:13:44;-3.9402;-81.2469;45;4.6
2021-01-15;23:51:16;-12.6995;-77.1242;51;4.5
2021-01-16;04:46:59;-13.8529;-76.7581;29;4.5
2021-01-16;19:44:19;-10.7254;-78.527;21;4.5
2021-01-17;01:05:08;-14.7413;-76.1022;39;4.6
2021-01-17;06:09:31;-13.5512;-74.8169;106;4
2021-01-17;07:15:01;-8.15;-79.1401;73;3.8
2021-01-17;09:58:12;-11.8615;-77.8184;22;3.6
2021-01-18;04:13:29;-15.1272;-75.7619;34;4
2021-01-19;01:41:30;-17.0572;-72.3286;64;4.1
2021-01-19;08:51:35;-15.8334;-74.3299;52;4
2021-01-20;00:26:48;-11.4012;-75.9082;21;3.7
2021-01-20;06:58:44;-9.7114;-75.4651;131;4.1
2021-01-20;22:27:43;-15.1498;-75.7829;41;5.5
2021-01-20;22:49:29;-15.0279;-75.5881;33;4.7
2021-01-20;22:59:13;-15.0621;-75.6662;42;5.1
2021-01-20;23:09:15;-15.1073;-75.79;23;5.5
2021-01-21;00:27:47;-14.9737;-75.5767;32;5.2
2021-01-21;10:15:32;-2.2996;-79.701;73;4.8
2021-01-21;10:50:50;-7.2548;-80.8309;12;4
2021-01-21;12:57:45;-18.1027;-70.7614;75;3.8
2021-01-23;11:23:55;-13.9943;-76.044;55;4.2
2021-01-24;14:19:19;-12.1333;-77.2088;51;3.7
2021-01-25;01:46:04;-15.0594;-71.168;18;3.8
2021-01-28;21:16:31;-16.4953;-74.0804;35;4
2021-01-29;04:58:02;-13.4867;-74.9395;109;4.3
2021-01-29;10:56:59;-14.9788;-72.0532;132;4.4
2021-01-29;15:46:03;-8.3283;-74.3484;157;4.4
2021-01-30;08:22:05;-18.2831;-69.7948;123;4.4
2021-01-30;08:35:44;-4.9971;-78.5156;24;3.9
2021-01-30;13:24:57;-19.891;-70.5124;31;5.1
2021-01-31;22:36:55;-11.9106;-77.4207;50;3.6
2021-02-01;04:39:46;-16.7717;-71.5498;23;3.7
2021-02-01;13:12:12;-5.8992;-77.0798;139;4.7
2021-02-01;14:36:08;-7.5351;-76.5483;135;4.1
2021-02-01;15:20:17;-17.321;-70.99;106;4
2021-02-02;08:25:11;-17.0983;-72.075;52;3.6
2021-02-02;09:01:57;-14.8671;-71.9162;139;4.2
2021-02-02;21:44:11;-15.1939;-75.8782;36;4.3
2021-02-02;22:57:54;-15.2158;-75.9369;23;4.5
2021-02-03;01:00:12;-16.5278;-73.8837;28;4
2021-02-03;11:41:51;-2.9858;-77.533;90;4.7
2021-02-03;17:20:22;-15.6356;-71.7877;14;3.3
2021-02-04;06:46:31;-10.6204;-75.2033;15;4
2021-02-05;10:08:11;-10.2473;-74.9909;121;4.3
2021-02-05;23:55:15;-11.0763;-78.2306;36;4.8
2021-02-06;01:23:07;-6.1151;-75.471;45;4.5
2021-02-07;12:50:51;-15.7083;-71.7902;8;3.6
2021-02-08;21:11:01;-16.4588;-71.9266;111;4.9
2021-02-09;01:40:57;-5.4435;-77.4638;36;5.1
2021-02-09;11:28:21;-18.6277;-69.9875;93;4.8
2021-02-10;03:10:33;-15.4398;-71.6607;160;4.2
2021-02-10;06:20:11;-8.7933;-79.0748;59;3.9
2021-02-11;07:04:40;-9.7003;-78.9547;26;4
2021-02-12;15:34:11;-15.1712;-72.3753;131;4
2021-02-12;20:14:54;-11.2463;-78.2051;37;4.4
2021-02-13;04:41:57;-17.4485;-69.9045;7;3.6
2021-02-13;05:18:31;-4.1493;-80.4579;75;5.4
2021-02-13;05:48:23;-17.4798;-69.9166;9;3.6
2021-02-15;09:17:41;-3.4755;-76.8544;110;4.4
2021-02-15;10:32:44;-8.6645;-80.6921;49;4.8
2021-02-15;12:12:48;-8.5731;-74.4152;164;4.4
2021-02-15;13:44:16;-17.4507;-69.8764;11;3.7
2021-02-15;17:31:14;-14.986;-73.1191;104;3.9
2021-02-15;20:48:54;-4.0057;-77.4557;104;4.6
2021-02-16;17:04:41;-16.3292;-72.8996;74;4
2021-02-16;17:16:39;-17.4306;-69.8842;14;3.6
2021-02-17;01:08:34;-16.8107;-71.3762;14;3.5
2021-02-18;10:51:27;-3.9874;-79.003;111;5
2021-02-19;15:15:51;-9.0077;-77.953;14;3.8
2021-02-20;19:49:46;-9.1755;-74.8175;27;5
2021-02-21;18:09:34;-9.1833;-74.887;29;4.5
2021-02-21;23:52:03;-9.2505;-74.9101;19;4
2021-02-22;12:41:47;-17.1134;-71.6705;53;4
2021-02-22;15:21:31;-15.3852;-75.8775;38;4.6
2021-02-22;19:08:28;-9.6294;-74.8746;130;4.4
2021-02-22;19:31:55;-9.2381;-74.8899;19;4.4
2021-02-23;15:51:30;-12.954;-76.8012;52;3.6
2021-02-24;22:07:32;-12.408;-77.0608;43;4
2021-02-25;16:28:33;-11.9773;-76.1177;124;4
2021-02-26;03:57:13;-15.6351;-71.9646;14;3.4
2021-02-26;08:09:48;-3.5362;-77.1682;101;4.2
2021-02-28;00:13:05;-9.3727;-77.6993;17;3.7
2021-02-28;02:16:03;-17.633;-72.613;25;5.7
2021-03-01;01:40:51;-17.601;-72.6153;28;4.5
2021-03-01;03:41:36;-18.4669;-69.8453;96;4.1
2021-03-02;14:44:36;-12.2945;-75.2126;13;3.7
2021-03-02;17:50:46;-17.2813;-69.9528;15;3.7
2021-03-02;21:02:26;-15.6694;-71.8269;10;3.6
2021-03-03;01:30:56;-5.6215;-80.962;39;4.9
2021-03-03;19:30:22;-14.8893;-76.0341;38;4
2021-03-04;21:31:08;-15.2071;-75.0751;44;4.2
2021-03-05;13:42:13;-4.7581;-81.0166;24;4.1
2021-03-05;20:05:24;-18.3728;-69.9648;104;3.8
2021-03-06;00:09:48;-9.2369;-79.2022;33;5
2021-03-06;05:19:48;-14.6095;-76.126;23;4
2021-03-06;06:18:59;-15.7894;-71.7656;11;3.6
2021-03-06;06:39:57;-10.8234;-73.9636;127;4.2
2021-03-06;10:54:56;-7.5018;-80.0282;31;4
2021-03-06;17:19:10;-15.7793;-72.0879;8;4.6
2021-03-06;17:23:37;-15.7766;-72.1009;7;4.2
2021-03-06;21:07:27;-15.7161;-71.9881;12;3.8
2021-03-06;22:47:44;-15.7775;-72.0952;9;3.6
2021-03-07;01:45:35;-15.7327;-71.9873;9;3.6
2021-03-07;02:27:50;-15.7222;-71.9826;10;3.5
2021-03-07;02:32:41;-15.6281;-71.7908;10;3.4
2021-03-07;06:49:31;-17.5194;-69.8289;17;3.9
2021-03-07;09:21:58;-16.7159;-71.4989;21;3.5
2021-03-07;13:47:55;-15.7116;-72.0756;11;3.6
2021-03-07;18:30:39;-9.6463;-75.0891;138;4.4
2021-03-07;23:36:32;-15.7336;-71.9849;8;3.7
2021-03-09;07:47:45;-8.6741;-79.8808;17;4.6
2021-03-09;19:16:31;-8.9163;-75.8867;128;5.4
2021-03-10;10:57:01;-14.3649;-71.3448;11;4.2
2021-03-11;06:35:35;-15.4642;-74.5997;62;4
2021-03-11;10:29:11;-16.6624;-73.3341;26;4
2021-03-11;11:36:08;-15.7567;-72.0947;11;3.6
2021-03-12;09:55:41;-4.2678;-77.4836;18;4
2021-03-12;11:43:44;-10.1309;-75.8612;12;3.5
2021-03-12;14:10:57;-16.3639;-71.9994;21;3.6
2021-03-13;15:36:11;-3.9988;-77.2804;119;4
2021-03-13;21:25:20;-10.6359;-75.3665;8;3.7
2021-03-14;03:21:14;-15.6413;-70.2284;239;4.4
2021-03-14;18:46:23;-17.0203;-71.6625;36;3.7
2021-03-15;17:39:16;-15.0016;-74.7611;89;4.2
2021-03-16;05:39:33;-15.7797;-74.4469;49;4.3
2021-03-16;19:52:51;-17.4615;-69.9094;12;3.5
2021-03-16;22:16:38;-5.963;-80.4701;51;4
2021-03-19;04:29:27;-8.8367;-74.5062;153;4.3
2021-03-19;15:03:36;-6.7113;-75.8376;107;4.3
2021-03-20;13:03:52;-16.7982;-71.4923;23;3.7
2021-03-21;23:23:13;-15.6878;-71.9208;7;3.6
2021-03-22;21:58:40;-15.8833;-74.179;56;4.3
2021-03-23;05:41:26;-14.3375;-76.0166;51;4
2021-03-23;06:42:55;-9.8606;-78.8932;28;4.9
2021-03-24;10:39:42;-11.0533;-78.2198;32;4.2
2021-03-24;13:27:18;-17.8138;-77.0503;12;5.1
2021-03-25;06:51:51;-13.6913;-75.9984;72;4
2021-03-25;13:45:46;-13.1015;-72.9314;5;3
2021-03-26;05:19:30;-15.6714;-71.6379;165;4.3
2021-03-26;20:17:47;-15.7704;-72.1096;14;3.6
2021-03-27;20:40:01;-15.7631;-72.0901;14;3.5
2021-03-28;06:07:54;-16.6428;-73.457;20;3.9
2021-03-28;07:14:21;-15.3239;-72.0639;146;4.6
2021-03-28;14:22:16;-12.3645;-76.8936;43;3.8
2021-03-30;06:12:43;-7.5678;-76.3146;133;4.1
2021-03-30;09:17:18;-10.6132;-78.7168;29;4.8
2021-03-31;07:26:09;-16.5115;-72.395;85;4.6
2021-03-31;11:20:36;-3.0391;-80.0845;63;4
2021-03-31;12:04:12;-8.7227;-74.5781;147;4
2021-04-01;10:50:14;-13.9193;-72.6914;86;4.3
2021-04-01;22:35:40;-16.8203;-71.7943;85;3.9
2021-04-03;03:00:21;-13.9111;-72;16;3.4
2021-04-04;03:27:54;-6.0885;-76.9433;13;3.8
2021-04-04;10:17:54;-9.0252;-75.1356;132;4
2021-04-04;15:08:30;-15.6551;-71.9589;8;3.6
2021-04-05;06:48:34;-15.2333;-71.6764;149;4.1
2021-04-05;16:41:57;-3.4952;-80.8204;28;4.3
2021-04-06;00:15:29;-8.1219;-74.6349;141;4.4
2021-04-06;19:36:18;-5.8469;-81.1097;37;4.2
2021-04-07;19:33:16;-16.2863;-70.3679;188;4.1
2021-04-07;21:18:34;-10.8322;-78.3669;46;4.4
2021-04-08;07:59:43;-7.4175;-74.6522;144;4.7
2021-04-08;09:27:35;-13.9504;-71.9932;7;3.3
2021-04-11;01:50:08;-7.035;-80.3418;47;4
2021-04-13;00:11:52;-15.7782;-75.4137;35;4
2021-04-15;03:13:26;-3.1454;-75.8211;139;4.8
2021-04-15;10:05:50;-15.7657;-74.6356;38;4.5
2021-04-15;19:16:26;-8.8249;-80.2478;27;4.8
2021-04-17;18:12:14;-15.7965;-71.7109;11;3.4
2021-04-17;18:52:23;-15.8081;-71.7084;10;3.7
2021-04-17;19:07:37;-15.7951;-71.7248;13;3.8
2021-04-17;23:45:28;-16.7781;-72.3126;40;4.9
2021-04-17;23:47:40;-16.7282;-72.3179;42;4.3
2021-04-18;00:51:36;-15.8153;-71.7221;12;3.9
2021-04-18;04:55:28;-15.8329;-71.7343;12;3.9
2021-04-18;09:02:22;-16.8086;-72.3378;33;3.9
2021-04-18;14:51:57;-12.5326;-76.0711;19;4.3
2021-04-19;00:27:33;-17.7449;-70.5484;24;4.7
2021-04-19;03:15:20;-16.3341;-71.6833;17;3.2
2021-04-19;18:38:21;-15.8036;-71.7177;7;3.4
2021-04-19;20:31:51;-17.6069;-70.7727;93;4
2021-04-19;22:47:01;-15.8042;-71.7178;10;3.9
2021-04-20;00:17:13;-15.4588;-75.3971;30;4.3
2021-04-20;04:53:29;-12.648;-76.8788;44;5
2021-04-20;08:34:27;-16.7884;-72.3062;51;4
2021-04-20;11:01:46;-16.748;-72.31;40;3.8
2021-04-20;19:41:44;-12.3604;-77.7007;33;3.7
2021-04-21;13:19:13;-15.652;-71.8138;9;3.6
2021-04-21;16:11:09;-12.4116;-77.1026;63;4
2021-04-21;17:24:53;-11.8157;-77.2888;62;3.8
2021-04-22;07:27:37;-15.4087;-72.5439;127;4.3
2021-04-23;01:20:43;-10.3204;-78.7778;25;4.5
2021-04-23;08:59:02;-15.6645;-71.913;9;3.7
2021-04-23;16:58:15;-7.8895;-77.9828;11;3.6
2021-04-24;05:01:39;-8.3554;-79.8779;36;4.7
2021-04-24;15:28:23;-16.4389;-72.9549;57;4.4
2021-04-25;03:25:26;-17.2682;-69.9303;13;3.7
2021-04-25;05:02:33;-17.2713;-69.9351;14;3.7
2021-04-25;10:37:58;-17.2789;-69.9432;14;3.7
2021-04-25;23:50:32;-15.7295;-74.7059;50;5.3
2021-04-26;01:18:20;-8.6838;-78.7842;90;3.9
2021-04-26;19:54:16;-15.6991;-71.469;151;4.6
2021-04-27;00:28:22;-15.8108;-72.0792;14;3.2
2021-04-27;11:18:58;-13.6856;-74.7097;115;4.4
2021-04-27;14:35:38;-15.7696;-72.067;9;3.6
2021-04-27;17:31:59;-10.7191;-75.318;9;3.8
2021-04-27;19:38:50;-16.73;-71.4741;22;3.7
2021-04-28;23:46:07;-17.2701;-69.9867;9;3.6
2021-04-29;00:02:30;-17.2475;-69.968;13;3.7
2021-04-29;02:47:46;-17.2781;-70.0052;15;3.7
2021-04-29;02:49:39;-17.2588;-69.9342;13;4.7
2021-04-29;05:06:56;-16.4309;-71.8208;13;3.8
2021-04-29;07:08:13;-17.3226;-69.9591;13;3.7
2021-04-29;17:21:06;-13.2454;-76.5825;58;3.9
2021-04-30;10:02:30;-17.2952;-69.9561;17;3.8
2021-04-30;10:08:11;-17.29;-69.95;18;3.6
2021-04-30;11:40:21;-17.3103;-69.9308;14;3.6
2021-04-30;13:02:30;-16.7194;-72.7398;44;4
2021-04-30;13:31:58;-17.2735;-69.9232;15;3.9
2021-05-01;09:44:50;-15.7955;-71.6994;8;3.6
2021-05-01;16:28:43;-13.0014;-76.7019;50;4
2021-05-03;07:47:22;-11.4974;-77.6635;51;3.7
2021-05-03;10:26:50;-16.7474;-71.6939;22;3.7
2021-05-03;11:46:44;-6.0944;-81.6523;14;4.4
2021-05-03;13:25:37;-12.654;-76.8737;46;3.9
2021-05-03;13:52:32;-15.7898;-71.7049;10;3.6
2021-05-03;15:12:35;-15.8052;-71.6851;8;3.7
2021-05-03;20:47:22;-15.1679;-72.5028;126;4.3
2021-05-04;02:44:01;-14.2639;-72.8322;97;4
2021-05-04;08:01:45;-4.8472;-76.7147;137;4.9
2021-05-04;15:15:34;-7.5607;-74.8597;139;4.1
2021-05-04;16:04:06;-15.854;-75.3596;38;4.3
2021-05-05;07:47:09;-7.9992;-74.5562;175;4.5
2021-05-05;16:38:56;-17.2729;-69.9496;14;3.6
2021-05-06;04:27:09;-17.2888;-69.9626;12;3.8
2021-05-06;05:22:45;-14.453;-75.3908;83;4
2021-05-06;06:45:00;-16.775;-71.323;18;3.5
2021-05-07;03:30:10;-15.8102;-71.7145;9;3.6
2021-05-07;16:53:40;-16.6346;-71.7942;21;3.8
2021-05-07;21:46:27;-4.9225;-80.7649;41;4.5
2021-05-08;02:55:37;-16.3626;-71.6924;18;3.7
2021-05-08;03:28:14;-16.4056;-71.6806;22;3.6
2021-05-08;09:56:48;-17.3124;-69.9716;17;3.6
2021-05-08;11:28:19;-10.7404;-75.484;13;4
2021-05-08;19:42:04;-8.8858;-80.0167;27;4.8
2021-05-09;03:14:14;-8.7012;-79.3422;44;4.5
2021-05-09;21:58:03;-7.7817;-74.1708;38;4
2021-05-10;06:30:17;-8.2232;-76.4088;136;4.3
2021-05-10;08:13:07;-17.2874;-70.0034;16;4.1
2021-05-10;09:22:20;-4.7731;-81.0145;36;4
2021-05-10;15:36:15;-10.1132;-75.6488;22;4.8
2021-05-10;17:04:32;-17.4071;-69.9113;16;3.9
2021-05-11;08:43:48;-9.8498;-75.3634;53;4.5
2021-05-12;00:27:36;-17.4456;-69.9154;16;3.8
2021-05-12;07:53:23;-17.2926;-69.9848;17;5
2021-05-12;11:27:08;-15.65;-71.76;11;3.1
2021-05-12;15:56:57;-14.2742;-75.904;59;5.8
2021-05-13;00:00:18;-15.7322;-72.0884;8;3.8
2021-05-13;00:07:53;-15.7472;-72.0971;8;3.4
2021-05-13;01:51:02;-15.6332;-71.7792;11;3.6
2021-05-13;02:53:48;-15.6879;-71.7739;10;3.8
2021-05-13;11:43:26;-9.4105;-79.267;30;3.8
2021-05-13;15:18:13;-11.6953;-76.3693;20;3.7
2021-05-13;17:03:20;-14.2102;-75.785;53;4.5
2021-05-14;04:17:10;-17.4305;-69.9042;14;3.7
2021-05-14;20:02:13;-15.726;-71.8898;15;3.7
2021-05-15;02:27:56;-15.7006;-71.7691;7;3.3
2021-05-16;01:28:32;-17.4402;-69.8962;10;3.7
2021-05-16;13:28:17;-17.4617;-69.9016;10;4
2021-05-16;19:47:40;-4.6571;-80.2023;66;4
2021-05-17;14:42:49;-10.7129;-75.1161;8;4.2
2021-05-18;02:01:14;-13.5611;-72.5184;9;3.4
2021-05-18;05:51:05;-13.5581;-72.5187;11;3.8
2021-05-18;09:17:23;-16.0386;-72.4544;24;4.1
2021-05-18;11:20:44;-17.4943;-69.8569;14;3.7
2021-05-18;15:19:27;-9.0754;-80.2277;22;4.3
2021-05-18;19:49:25;-16.0531;-74.5638;32;4.4
2021-05-18;20:23:30;-17.2822;-70.0358;13;4.2
2021-05-18;23:16:15;-15.14;-75.04;57;4
2021-05-19;02:13:51;-17.2607;-69.9627;15;4
2021-05-19;07:59:14;-10.9463;-74.0428;119;4.5
2021-05-21;04:04:43;-17.3072;-69.9938;13;3.6
2021-05-21;09:58:04;-17.3423;-69.9653;9;3.7
2021-05-21;18:00:11;-5.8945;-80.851;19;4.2
2021-05-22;07:42:18;-17.4297;-69.8627;14;4.5
2021-05-22;14:35:50;-16.9848;-71.2777;28;4.6
2021-05-22;19:45:12;-3.9333;-77.4678;108;4.8
2021-05-23;07:28:58;-15.2144;-74.1111;88;4
2021-05-24;08:09:44;-8.709;-79.4941;37;4.2
2021-05-26;00:25:56;-15.69;-71.77;10;3.4
2021-05-26;12:10:29;-14.73;-75.45;55;4.5
2021-05-26;13:24:33;-13.9225;-72.0169;18;3.5
2021-05-26;16:17:47;-10.0988;-75.7307;12;3.8
2021-05-26;23:57:34;-15.7281;-72.0613;13;3.6
2021-05-27;06:56:18;-9.1982;-75.7378;22;4.1
2021-05-27;08:34:39;-17.2699;-69.9895;19;3.9
2021-05-27;18:42:04;-9.4852;-79.1332;29;4
2021-05-28;05:23:28;-15.7302;-72.0706;8;3.5
2021-05-28;10:32:12;-15.8162;-71.7198;9;3.7
2021-05-28;18:59:51;-15.8;-71.71;8;3.6
2021-05-29;09:04:15;-17.4544;-69.8702;14;4.4
2021-05-30;09:20:51;-8.1087;-78.1398;11;3.6
2021-05-30;20:51:08;-16.0808;-73.8125;41;5
2021-05-30;21:13:42;-17.4386;-69.8763;11;3.5
2021-05-31;00:01:13;-18.3486;-69.9059;135;4
2021-05-31;09:31:20;-16.341;-74.2031;29;4.3
2021-06-01;03:56:20;-13.9933;-74.6214;105;4.1
2021-06-01;22:48:44;-17.2697;-69.9877;15;3.6
2021-06-03;17:09:32;-15.7411;-75.3858;27;4.6
2021-06-04;03:35:38;-15.0591;-75.7387;37;4
2021-06-04;14:19:48;-17.4565;-69.8345;15;3.7
2021-06-04;17:54:03;-7.8656;-74.5544;163;4.3
2021-06-04;22:36:54;-15.73;-75.3;38;4.5
2021-06-05;13:58:50;-12.4674;-76.7134;61;3.4
2021-06-06;02:44:36;-10.3067;-74.4851;8;4.1
2021-06-06;18:50:10;-4.4616;-78.3322;116;4.3
2021-06-07;09:59:13;-8.82;-74.54;132;4.3
2021-06-07;22:00:49;-11.8483;-76.5812;97;4
2021-06-08;01:47:39;-12.6953;-77.0571;44;3.6
2021-06-08;03:46:38;-6.6154;-81.4505;36;4.1
2021-06-08;07:21:44;-16.8165;-74.2006;23;5
2021-06-08;14:07:59;-16.672;-74.0487;31;4.7
2021-06-13;04:35:26;-18.5383;-70.1685;106;4.1
2021-06-13;07:31:40;-16.1127;-71.6731;156;4.8
2021-06-13;17:15:38;-12.5094;-76.9129;48;3.8
2021-06-15;00:47:51;-14.7044;-72.6504;120;4.5
2021-06-15;14:10:00;-4.0406;-76.8106;119;4.6
2021-06-15;20:25:16;-16.8098;-70.6996;11;3.5
2021-06-15;21:48:22;-16.81;-70.7;10;3.4
2021-06-15;23:19:39;-9.9556;-78.8563;46;4.1
2021-06-17;04:33:53;-15.5453;-72.0061;12;3.5
2021-06-17;08:27:49;-13.729;-71.9952;12;4
2021-06-18;11:01:20;-13.0942;-76.8407;23;4.2
2021-06-18;14:15:21;-12.2988;-77.0948;45;3.8
2021-06-18;17:19:48;-4.1105;-81.1066;18;4
2021-06-19;02:39:48;-17.4897;-69.8787;14;4
2021-06-20;04:34:16;-17.3368;-70.0324;11;3.6
2021-06-20;07:46:03;-11.3281;-78.1586;31;3.9
2021-06-20;15:08:34;-9.0903;-75.3608;131;4
2021-06-21;03:11:22;-16.7837;-70.6594;16;3.5
2021-06-21;10:19:19;-16.5466;-74.0722;28;4
2021-06-21;13:23:03;-3.0842;-76.5553;156;4.8
2021-06-21;15:54:00;-16.7711;-70.6449;10;3.4
2021-06-23;02:54:17;-12.7668;-77.0052;45;6
2021-06-23;06:33:35;-12.6814;-76.8186;47;3.5
2021-06-23;07:05:21;-13.11;-74.46;14;3.8
2021-06-23;12:02:28;-12.7388;-76.9302;46;4.7
2021-06-23;19:31:08;-17.4767;-69.8648;17;3.7
2021-06-24;01:44:47;-12.4611;-76.865;48;3.6
2021-06-24;06:21:35;-16.7;-71.65;26;3.7
2021-06-24;09:55:53;-12.7388;-76.8556;47;3.5
2021-06-24;11:50:32;-11.7;-77.3527;75;3.4
2021-06-24;14:50:30;-8.2065;-74.5239;153;4.2
2021-06-24;21:51:02;-12.6982;-76.8441;48;3.4
2021-06-24;23:02:57;-15.502;-71.9465;140;4
2021-06-25;14:27:55;-12.7263;-76.8964;42;3.7
2021-06-26;02:35:28;-18.5333;-69.4079;130;4.6
2021-06-27;08:56:02;-13.3938;-76.4621;59;4.2
2021-06-28;02:47:09;-11.5869;-76.8539;109;4.5
2021-06-28;03:33:45;-17.5132;-69.8583;9;3.2
2021-06-28;08:00:46;-12.6078;-76.7696;50;3.9
2021-06-28;12:41:19;-12.7627;-76.8919;43;4
2021-06-28;15:07:18;-13.7179;-76.3805;50;4
2021-06-28;20:54:01;-15.6902;-71.9766;11;3.6
2021-06-29;06:05:18;-12.7395;-76.8973;46;3.5
2021-06-30;08:42:07;-14.5923;-74.3947;108;4.1
2021-06-30;21:17:14;-16.0973;-73.3118;95;4.1
2021-06-30;22:23:30;-5.3111;-78.8084;29;4.1
2021-07-01;13:18:57;-8.4551;-75.0331;133;4.1
2021-07-02;06:41:32;-18.0201;-72.0169;28;4.1
2021-07-02;14:47:51;-15.8042;-72.0797;12;3.7
2021-07-02;15:17:03;-6.2222;-80.7008;30;4
2021-07-02;20:56:47;-12.6958;-76.8777;30;4
2021-07-04;04:28:45;-15.7949;-72.1069;8;4.2
2021-07-04;17:25:53;-16.4399;-71.8561;27;3.5
2021-07-04;21:00:39;-15.3307;-75.2104;61;4.1
2021-07-04;22:12:22;-15.8153;-71.9577;13;3.5
2021-07-05;05:41:08;-16.8583;-71.7208;37;4
2021-07-05;08:03:56;-14.7039;-76.1983;22;4.5
2021-07-05;14:41:03;-12.6678;-76.8988;39;3.7
2021-07-07;06:38:49;-12.6767;-76.8809;34;3.7
2021-07-07;12:43:22;-12.6549;-76.8625;32;3.6
2021-07-08;04:13:21;-18.1013;-69.7885;152;4
2021-07-08;04:53:07;-18.1426;-70.3119;42;3.7
2021-07-08;10:30:36;-18.4814;-71.4169;46;5.1
2021-07-08;20:42:41;-15.7115;-71.7996;12;3.9
2021-07-09;07:08:09;-15.9739;-73.893;34;4
2021-07-09;09:26:01;-11.7928;-75.5932;14;3.8
2021-07-09;16:07:01;-12.8546;-73.9939;87;5
2021-07-10;17:49:27;-11.6252;-75.2012;10;3.6
2021-07-11;09:32:10;-7.949;-74.5164;163;4.3
2021-07-11;14:46:30;-15.7007;-71.4718;153;4.7
2021-07-11;17:40:51;-7.7015;-74.9676;122;4.3
2021-07-11;19:53:34;-17.5854;-70.3694;22;3.9
2021-07-11;21:09:55;-11.989;-76.5909;105;4
2021-07-16;20:42:44;-3.5642;-77.3355;30;5.2
2021-07-17;06:44:35;-5.119;-80.8154;51;4.4
2021-07-17;14:47:30;-15.6487;-71.851;11;3.6
2021-07-17;16:21:00;-12.7561;-76.9581;45;4.2
2021-07-18;03:33:43;-14.8705;-71.6544;152;4.7
2021-07-18;09:40:40;-16.5485;-71.4758;10;3.3
2021-07-18;10:10:50;-15.653;-71.688;20;4.1
2021-07-19;06:17:51;-17.2773;-70.9563;117;4.3
2021-07-19;18:08:15;-11.597;-77.728;50;4.1
2021-07-20;05:35:46;-12.6155;-77.0551;40;3.6
2021-07-21;15:07:31;-5.1753;-79.1888;18;5.2
2021-07-23;07:59:22;-15.0127;-74.778;28;4
2021-07-23;17:03:51;-13.6821;-76.8856;23;3.9
2021-07-23;19:59:03;-15.7242;-71.7198;7;3.2
2021-07-24;09:14:34;-15.79;-71.74;8;3.4
2021-07-24;12:29:52;-12.9181;-76.1834;92;4
2021-07-24;19:49:23;-3.7773;-80.4068;32;4
2021-07-24;22:31:08;-17.2917;-69.9785;16;3.8
2021-07-25;22:45:23;-15.8108;-71.8967;11;3.9
2021-07-26;07:34:55;-11.1156;-74.6331;9;4.4
2021-07-27;16:58:36;-13.6429;-76.4184;45;4.1
2021-07-28;08:46:27;-15.7035;-72.3339;131;4.2
2021-07-28;09:45:19;-12.53;-76.93;42;4.3
2021-07-28;11:09:52;-18.5751;-70.6557;45;4.4
2021-07-28;14:09:18;-13.59;-76.3;51;4.1
2021-07-29;00:32:12;-8.3571;-80.1332;32;5.8
2021-07-29;00:46:08;-8.4187;-80.1469;25;4.9
2021-07-29;00:54:10;-8.5035;-80.2783;25;4.6
2021-07-30;04:18:42;-15.5793;-73.8661;105;4.6
2021-07-30;17:10:18;-4.8503;-80.841;32;6.1
2021-07-30;19:33:28;-4.9091;-80.7847;29;3.8
2021-07-30;20:14:08;-4.922;-80.7819;34;4.4
2021-07-31;04:33:01;-4.9103;-80.8278;35;4.1
2021-07-31;07:10:09;-9.841;-76.426;135;4.3
2021-07-31;09:07:38;-4.9436;-80.7562;32;3.8
2021-07-31;09:31:09;-4.9251;-80.7812;33;4
2021-07-31;13:00:46;-4.9483;-80.7676;34;3.8
2021-07-31;13:46:17;-17.0796;-69.7702;198;4.1
2021-07-31;20:54:48;-4.8617;-80.796;32;3.8
2021-07-31;21:04:47;-4.8773;-80.8027;28;3.9
2021-08-01;00:06:01;-4.9389;-80.7846;31;3.7
2021-08-01;06:22:23;-4.9194;-80.8116;36;3.8
2021-08-01;06:42:00;-4.9799;-80.7668;33;4
2021-08-01;07:07:12;-4.9382;-80.8061;37;4.3
2021-08-01;10:42:48;-4.9286;-80.8125;35;3.9
2021-08-01;11:51:10;-4.9121;-80.7292;29;3.8
2021-08-01;17:48:34;-12.7758;-76.9074;47;3.7
2021-08-01;22:18:08;-8.2321;-74.4785;159;5.3
2021-08-02;00:19:22;-6.3898;-80.711;37;4
2021-08-02;03:34:22;-4.9089;-80.8054;35;3.6
2021-08-03;06:31:21;-4.9123;-80.8021;35;3.8
2021-08-03;07:35:14;-4.9476;-80.7868;33;4.2
2021-08-03;11:03:24;-4.9674;-80.7738;30;3.7
2021-08-04;03:30:03;-4.9007;-80.7893;36;3.8
2021-08-04;03:40:48;-4.552;-76.8683;43;4.2
2021-08-04;06:16:53;-18.4873;-69.536;126;4.6
2021-08-04;13:02:19;-10.0033;-75.9654;140;4
2021-08-04;17:51:37;-17.2266;-69.9892;12;4
2021-08-05;03:04:40;-15.6605;-71.767;7;3.5
2021-08-05;22:36:08;-4.9094;-80.8447;38;4.1
2021-08-06;05:07:56;-7.8219;-77.9951;8;3.6
2021-08-06;09:57:54;-4.9128;-80.7873;35;3.7
2021-08-07;00:59:03;-12.7717;-76.8301;44;3.6
2021-08-07;07:02:50;-13.2447;-74.669;95;4.4
2021-08-07;09:36:37;-8.8114;-75.0771;29;4
2021-08-08;15:41:25;-14.8461;-76.3513;40;4.7
2021-08-09;09:52:30;-5.0204;-80.7229;32;3.6
2021-08-09;20:08:00;-12.7191;-76.8906;42;3.6
2021-08-09;21:03:23;-14.7661;-76.1888;15;5.2
2021-08-09;21:21:38;-8.03;-74.5276;151;4.4
2021-08-10;11:24:37;-4.6685;-80.3423;64;4.1
2021-08-10;14:15:49;-14.7485;-76.2269;23;4.9
2021-08-10;14:37:03;-14.7307;-76.1902;20;4.6
2021-08-10;15:20:21;-14.7151;-76.1709;21;4.7
2021-08-11;07:21:41;-4.8736;-80.8127;35;4.3
2021-08-11;17:09:45;-4.8981;-80.7982;41;4.3
2021-08-11;18:24:37;-4.9481;-80.7677;32;3.7
2021-08-11;19:44:02;-4.8999;-80.8004;37;3.5
2021-08-11;21:49:04;-4.9058;-80.81;29;3.5
2021-08-11;23:35:07;-14.7808;-76.1903;17;4.2
2021-08-12;19:34:32;-14.2363;-73.4828;89;4.3
2021-08-15;05:40:01;-3.7145;-77.2255;119;5.5
2021-08-15;10:14:05;-4.5689;-80.0629;35;3.9
2021-08-15;17:09:27;-14.5114;-73.1447;8;3.6
2021-08-16;06:50:00;-4.9327;-80.7933;35;4.8
2021-08-16;21:06:02;-15.0895;-75.964;38;4.2
2021-08-17;10:14:01;-16.65;-71.99;38;3.6
2021-08-17;13:12:22;-15.7255;-72.0848;10;3.9
2021-08-17;18:59:35;-4.9139;-80.7683;34;4.4
2021-08-18;06:29:20;-18.2645;-69.9961;113;4
2021-08-18;11:12:20;-16.1722;-71.6496;126;3.9
2021-08-18;13:11:10;-8.6746;-77.8449;16;3.6
2021-08-19;06:14:37;-13.2676;-76.4791;65;4.3
2021-08-20;00:44:30;-8.678;-77.8573;12;3.6
2021-08-20;03:11:08;-9.6467;-74.4301;29;3.8
2021-08-20;18:33:34;-4.885;-80.7629;31;4
2021-08-20;20:44:21;-7.9818;-74.6795;149;4.4
2021-08-21;22:07:49;-18.4546;-70.4272;41;4.6
2021-08-22;06:57:55;-15.6935;-72.0391;12;3.6
2021-08-22;08:28:08;-8.2241;-74.3218;166;5
2021-08-22;15:34:14;-8.5883;-80.2828;24;4.6
2021-08-22;18:44:16;-15.7163;-72.085;11;3.4
2021-08-23;04:33:41;-11.1665;-76.4241;114;4.1
2021-08-24;08:16:54;-17.8503;-70.2129;109;4.2
2021-08-24;19:39:36;-12.2651;-77.4349;46;4.4
2021-08-25;02:45:10;-4.8786;-80.8107;30;4.1
2021-08-25;06:01:50;-12.6136;-76.7239;52;3.6
2021-08-25;07:15:09;-12.4127;-77.5699;31;5
2021-08-26;20:27:33;-15.8177;-70.5763;15;3.6
2021-08-27;04:07:11;-12.6762;-76.9108;64;3.4
2021-08-27;21:00:15;-15.9012;-70.6054;10;4.2
2021-08-27;22:23:10;-15.9526;-70.6323;8;3.7
2021-08-29;09:25:11;-10.6448;-75.0916;13;3.7
2021-08-30;09:06:13;-8.675;-77.8435;16;3.9
2021-08-31;09:11:02;-3.34;-78.1963;27;5
2021-08-31;11:44:28;-13.5477;-76.086;80;4.5
2021-09-01;21:21:53;-4.9125;-80.8104;35;4.2
2021-09-02;08:42:17;-3.8818;-76.4696;110;5.1
2021-09-02;12:53:51;-7.5939;-78.2462;12;3.6
2021-09-03;03:33:19;-9.3206;-78.569;39;3.2
2021-09-03;05:06:18;-14.3981;-76.6834;14;5.1
2021-09-03;19:36:29;-15.8028;-71.7197;13;3.7
2021-09-03;20:19:46;-4.8415;-80.8419;28;3.8
2021-09-03;22:37:53;-3.4867;-80.4473;28;4
2021-09-04;08:04:15;-15.8049;-71.7253;10;3.7
2021-09-04;09:07:28;-15.8212;-71.7336;14;4.1
2021-09-04;10:34:18;-15.8012;-71.7224;10;3.8
2021-09-04;11:48:17;-15.763;-71.8288;10;3.9
2021-09-05;05:41:41;-8.6773;-77.8369;16;3.6
2021-09-05;08:59:13;-4.888;-80.7913;31;4
2021-09-05;09:47:27;-15.7237;-71.8071;12;3.6
2021-09-06;21:42:51;-8.1568;-76.0172;133;4.9
2021-09-07;02:12:20;-9.1062;-79.1025;50;3.9
2021-09-07;04:51:06;-8.8986;-79.1617;48;3.5
2021-09-07;13:22:13;-17.4915;-69.564;182;4.5
2021-09-07;15:43:27;-8.8455;-79.1864;65;3.8
2021-09-08;13:25:37;-12.6195;-76.9318;29;3.6
2021-09-08;18:09:20;-15.44;-72.08;8;3.5
2021-09-09;00:11:26;-4.9444;-80.778;32;3.6
2021-09-09;17:58:18;-9.9203;-80.0111;31;4.4
2021-09-10;03:25:40;-18.2597;-70.0099;91;4.5
2021-09-10;12:47:23;-8.5585;-79.2141;53;3.8
2021-09-10;13:17:54;-12.1243;-77.9256;44;3.7
2021-09-11;06:52:15;-11.0461;-79.2427;33;4.3
2021-09-11;10:01:48;-18.4936;-71.4888;27;4
2021-09-11;12:26:14;-18.4621;-71.4502;37;4.1
2021-09-11;14:08:21;-9.9652;-78.8258;23;4.3
2021-09-11;16:41:22;-18.464;-71.4019;36;4.1
2021-09-11;19:41:16;-3.6346;-80.7573;30;3.9
2021-09-11;21:24:24;-8.553;-80.5879;20;4.5
2021-09-12;10:59:56;-8.5417;-80.6036;20;4.7
2021-09-13;07:53:10;-15.7431;-71.7796;8;3.6
2021-09-13;07:56:02;-15.7447;-71.7933;8;3.7
2021-09-13;16:33:11;-15.5541;-70.2435;233;4.6
2021-09-14;00:03:05;-15.384;-73.9554;103;4.5
2021-09-14;02:33:54;-16.4909;-73.6804;21;4.1
2021-09-14;08:43:19;-11.4083;-77.2998;78;3.8
2021-09-16;05:13:59;-12.4809;-73.9826;12;4.1
2021-09-16;10:14:00;-4.8544;-80.857;29;4.2
2021-09-16;12:06:51;-3.5852;-80.2755;45;4.3
2021-09-16;12:37:56;-17.3989;-69.9036;15;3.7
2021-09-16;18:58:24;-9.0665;-79.3026;28;4.1
2021-09-17;22:26:36;-4.8973;-80.7521;31;4.2
2021-09-18;03:39:26;-15.712;-71.7504;10;3.6
2021-09-18;06:25:33;-16.56;-71.6639;23;3.8
2021-09-19;02:53:16;-15.7298;-71.8037;9;3.5
2021-09-19;03:21:25;-15.7503;-71.7846;9;4.5
2021-09-19;03:51:49;-15.7451;-71.7949;13;3.8
2021-09-19;03:59:35;-15.7313;-71.7939;17;3.6
2021-09-19;05:47:34;-16.2995;-69.8695;218;4.3
2021-09-19;12:23:13;-3.0362;-78.2517;19;4.6
2021-09-19;20:02:13;-8.6889;-77.838;22;4
2021-09-20;07:53:01;-15.2789;-71.7456;146;4.2
2021-09-20;12:43:49;-18.227;-71.1078;51;4.1
2021-09-21;08:18:41;-17.4461;-72.2082;25;4
2021-09-23;04:06:07;-7.0798;-80.8009;28;4.5
2021-09-23;07:56:38;-7.0588;-80.7385;41;4.1
2021-09-23;22:54:26;-15.6464;-75.2207;17;4.2
2021-09-24;01:20:59;-13.6165;-72.796;9;3.4
2021-09-24;09:42:24;-8.6833;-77.821;13;3.8
2021-09-25;01:42:50;-7.1908;-76.8528;33;3.8
2021-09-25;22:58:34;-16.3785;-71.9978;13;3.4
2021-09-26;06:59:38;-9.1099;-75.2912;139;4.7
2021-09-26;16:04:53;-15.7156;-71.7951;10;3.5
2021-09-26;17:23:00;-12.7146;-76.8595;40;3.9
2021-09-26;22:06:55;-6.9484;-76.6579;46;4
2021-09-27;01:14:45;-9.3291;-79.3778;38;4
2021-09-27;20:32:36;-9.5828;-79.0223;42;4.3
2021-09-28;20:50:47;-16.2635;-70.7945;165;4
2021-09-28;23:15:07;-4.5763;-80.8257;18;3.6
2021-09-29;00:15:59;-10.1621;-75.1179;129;4
2021-09-29;22:40:41;-11.0667;-78.0753;29;3.6
2021-09-30;20:19:54;-19.3272;-70.2834;33;4.6
2021-10-01;02:14:15;-15.6492;-71.7523;9;3.2
2021-10-01;03:06:32;-8.2144;-74.8406;163;4.6
2021-10-01;05:34:23;-16.5205;-72.9057;57;3.6
2021-10-01;06:13:23;-4.1618;-80.8903;37;4.1
2021-10-02;09:21:02;-17.0031;-71.7271;35;3.7
2021-10-02;12:52:32;-9.4838;-71.1994;585;5.9
2021-10-03;01:17:50;-16.2741;-69.7681;226;4.3
2021-10-03;02:17:15;-15.6811;-71.5262;12;3.7
2021-10-03;06:39:04;-13.1196;-75.1336;102;4.1
2021-10-03;10:02:48;-15.8728;-70.6173;16;3.5
2021-10-04;04:39:27;-16.204;-73.667;45;3.8
2021-10-04;11:35:57;-15.6982;-71.5113;11;3.3
2021-10-04;12:27:30;-15.7004;-72.1654;22;3.5
2021-10-04;21:32:37;-9.493;-74.8316;148;5
2021-10-06;11:16:54;-4.9458;-80.8028;40;3.8
2021-10-07;20:43:39;-15.2684;-72.0978;140;4
2021-10-08;07:22:58;-16.0587;-73.7612;54;4
2021-10-08;09:27:57;-15.6584;-71.9038;8;4.2
2021-10-08;09:41:49;-14.1026;-74.5095;106;4.1
2021-10-08;09:59:30;-15.6624;-71.9034;11;3.6
2021-10-08;11:33:56;-15.68;-71.9022;12;3.8
2021-10-08;13:11:38;-15.6755;-71.9221;9;3.6
2021-10-08;13:31:28;-15.6607;-71.9075;6;3.4
2021-10-08;17:05:27;-15.6525;-71.8977;9;3.8
2021-10-08;21:00:05;-11.3756;-78.0244;67;4.3
2021-10-08;23:14:24;-15.6397;-71.8805;10;3.6
2021-10-09;01:14:07;-15.6557;-71.9396;7;3.4
2021-10-09;04:20:42;-17.076;-72.8911;20;3.9
2021-10-09;04:47:45;-15.6679;-71.9428;10;5.5
2021-10-09;05:20:56;-15.6599;-71.9161;11;4.3
2021-10-09;05:49:58;-15.6119;-71.9295;10;4.2
2021-10-09;06:12:51;-15.6828;-71.9097;13;3.8
2021-10-09;06:25:06;-15.6649;-71.9386;13;3.8
2021-10-09;07:41:22;-15.7;-71.8571;10;4
2021-10-09;08:02:50;-12.5738;-76.8823;57;4.3
2021-10-09;09:16:10;-15.6773;-71.8665;11;3.4
2021-10-09;09:33:47;-15.6536;-71.8792;8;3.4
2021-10-09;09:40:39;-15.7346;-71.8928;11;4
2021-10-09;11:25:09;-15.6627;-71.9452;9;3.5
2021-10-09;11:48:03;-15.6611;-71.8865;9;3.4
2021-10-09;13:23:23;-15.6804;-71.8883;9;3.8
2021-10-09;14:31:17;-15.6843;-71.8768;9;3.9
2021-10-09;14:46:45;-15.6449;-71.9179;11;3.9
2021-10-09;17:55:33;-15.6869;-71.8529;9;4
2021-10-09;23:11:00;-15.6594;-71.9335;10;4.1
2021-10-10;00:20:41;-11.7352;-71.787;21;5.5
2021-10-10;00:39:43;-15.667;-71.9237;12;3.9
2021-10-10;00:46:55;-15.6719;-71.9377;9;4
2021-10-10;02:15:34;-15.6047;-71.8352;10;3.7
2021-10-10;04:06:18;-8.7628;-74.7172;149;4.7
2021-10-10;09:23:27;-16.4261;-71.9851;15;4.1
2021-10-10;09:56:54;-15.6804;-71.8613;9;3.6
2021-10-10;14:32:45;-15.693;-71.8651;8;3.5
2021-10-10;15:05:30;-11.8177;-71.6784;10;4.5
2021-10-11;00:09:19;-15.6398;-71.9177;8;3.4
2021-10-11;05:53:30;-15.6532;-71.951;12;3.9
2021-10-11;07:47:55;-15.6737;-71.8668;8;4.1
2021-10-12;01:52:47;-15.6689;-71.8627;6;3.4
2021-10-12;04:00:02;-15.6889;-71.8644;10;4.6
2021-10-12;04:05:59;-15.6604;-71.8617;12;3.7
2021-10-12;04:07:45;-15.6516;-71.8749;11;3.6
2021-10-13;09:07:40;-9.2198;-79.1619;56;4.8
2021-10-13;17:30:23;-15.6605;-71.9082;9;3.5
2021-10-14;03:22:01;-16.3533;-73.1182;54;4.6
2021-10-14;19:29:06;-4.9859;-80.7687;32;3.6
2021-10-15;02:51:45;-12.9816;-71.4961;13;4.1
2021-10-15;04:48:15;-15.6648;-71.8589;6;3.5
2021-10-15;06:48:08;-8.6758;-77.8129;17;4
2021-10-15;14:51:58;-14.3315;-76.7642;23;4.1
2021-10-16;06:18:07;-12.2831;-76.5969;99;3.9
2021-10-16;12:53:39;-11.6638;-77.852;47;4.5
2021-10-18;00:13:16;-16.3852;-71.9893;16;3.9
2021-10-19;07:59:09;-12.6873;-77.0739;47;3.4
2021-10-20;05:19:01;-7.1664;-80.2237;35;3.9
2021-10-22;18:06:26;-11.0215;-74.6127;119;4.1
2021-10-23;04:14:12;-15.7141;-71.991;15;4
2021-10-23;04:20:42;-15.7155;-71.9919;12;4
2021-10-23;16:34:53;-16.1175;-74.0015;31;4
2021-10-24;10:28:35;-12.1758;-73.3728;10;4.5
2021-10-26;14:48:10;-12.0476;-76.434;100;4.1
2021-10-27;02:24:24;-4.9239;-80.7336;32;3.8
2021-10-28;01:36:32;-11.7135;-76.2469;12;3.7
2021-10-28;05:19:50;-12.526;-77.0344;28;3.8
2021-10-28;05:40:18;-13.5258;-76.1404;17;3.8
2021-10-28;17:28:57;-8.0812;-74.5083;161;4.4
2021-10-29;06:08:29;-8.0183;-78.9337;78;3.9
2021-10-29;09:19:29;-15.2658;-72.3333;128;4.2
2021-10-29;19:55:27;-15.1713;-74.1412;106;5.2
2021-10-29;22:43:48;-15.1912;-74.1221;103;4.2
2021-10-30;11:39:22;-17.7228;-70.982;37;3.6
2021-10-31;04:45:18;-11.9423;-71.8073;11;4
2021-10-31;08:23:46;-15.2895;-75.0472;38;4.1
2021-11-01;17:07:57;-12.7838;-76.9612;38;4.4
2021-11-02;00:02:58;-2.9102;-76.4115;130;4.6
2021-11-04;02:52:51;-4.8098;-80.8225;18;3.8
2021-11-04;03:28:05;-4.8812;-80.856;31;4.1
2021-11-04;13:19:17;-15.8643;-73.2034;94;4.1
2021-11-04;14:55:02;-15.6646;-71.8744;9;3.5
2021-11-05;18:48:21;-19.2852;-69.9224;87;4
2021-11-05;23:19:47;-5.9821;-81.7157;35;4.9
2021-11-06;19:00:33;-11.8577;-73.4708;31;4.5
2021-11-06;20:31:27;-18.3409;-69.5508;116;4.1
2021-11-07;16:00:35;-15.4088;-75.5918;27;4
2021-11-08;10:28:16;-12.5965;-76.9111;40;3.7
2021-11-08;23:17:55;-9.1797;-79.3218;44;3.7
2021-11-09;05:20:11;-16.1879;-73.38;52;4.1
2021-11-09;12:54:25;-15.652;-71.8778;12;3.4
2021-11-10;09:28:06;-4.9436;-80.8156;38;3.9
2021-11-11;04:33:17;-14.2283;-72.9672;93;4.2
2021-11-12;20:41:34;-16.3088;-74.8015;37;4.8
2021-11-13;13:30:48;-14.3665;-72.3038;103;4
2021-11-14;03:50:37;-9.7311;-78.6113;50;4.1
2021-11-14;16:17:35;-13.0722;-76.4521;88;4
2021-11-15;03:24:10;-14.3727;-72.8538;99;4.1
2021-11-15;03:27:22;-12.4901;-77.1209;35;3.8
2021-11-15;14:58:21;-11.6774;-76.3741;20;3.7
2021-11-17;10:48:08;-16.5236;-72.7741;72;3.9
2021-11-17;19:08:28;-8.0661;-74.5549;152;4.3
2021-11-18;09:41:23;-4.8751;-80.6242;43;3.8
2021-11-19;08:39:29;-9.1798;-75.6455;22;4.1
2021-11-19;11:47:41;-10.4619;-78.6281;23;4.1
2021-11-20;07:16:32;-15.3958;-75.8778;40;4
2021-11-20;19:37:35;-12.2563;-77.4444;36;3.8
2021-11-21;03:59:33;-11.6662;-76.6222;97;4
2021-11-21;08:09:09;-10.6667;-75.0575;122;4.5
2021-11-21;10:57:22;-6.8414;-75.9866;121;4.4
2021-11-21;19:58:43;-15.6247;-71.8229;13;3.5
2021-11-21;22:22:16;-16.9811;-72.0928;58;4.7
2021-11-22;10:23:25;-15.6562;-71.8506;9;3.7
2021-11-22;14:29:59;-15.6807;-71.8369;13;3.6
2021-11-22;15:13:32;-3.2621;-80.7202;50;4.1
2021-11-23;20:05:17;-8.9423;-78.6509;83;4
2021-11-24;08:04:32;-16.2898;-70.5501;16;3.6
2021-11-24;08:40:25;-10.1533;-75.7022;12;3.8
2021-11-24;11:03:17;-8.9325;-79.1874;53;4.1
2021-11-25;02:54:57;-12.1329;-75.4928;120;4.2
2021-11-25;04:55:58;-8.8384;-79.8705;17;4.1
2021-11-26;00:30:54;-12.0554;-77.4767;38;3.5
2021-11-26;16:26:05;-10.2566;-75.1583;147;4
2021-11-26;21:48:34;-6.5374;-75.8744;124;5.1
2021-11-27;01:46:45;-14.9032;-71.9165;135;4.2
2021-11-27;07:15:37;-15.282;-76.9737;31;4.6
2021-11-28;00:28:30;-11.7102;-76.8406;102;3.8
2021-11-28;04:53:10;-14.9746;-73.5804;105;4
2021-11-28;06:32:30;-12.0563;-77.5417;64;5.2
2021-11-28;10:52:12;-4.4251;-76.9396;126;7.5
2021-11-30;09:16:51;-12.5396;-77.0096;30;3.4
2021-11-30;13:02:23;-17.2956;-69.9975;9;3.5
2021-12-01;02:29:00;-13.5291;-76.1959;44;4
2021-12-01;11:36:50;-15.7092;-71.968;11;4
2021-12-01;15:58:01;-4.7789;-76.9751;114;4.1
2021-12-01;18:25:43;-19.3459;-69.4223;108;4.7
2021-12-01;22:56:53;-8.1322;-80.0543;29;4.2
2021-12-02;13:41:40;-8.1665;-80.089;34;4
2021-12-02;23:31:28;-16.1798;-74.5512;20;4.2
2021-12-03;11:38:04;-13.9528;-76.9615;22;4.6
2021-12-03;12:50:40;-16.0739;-74.372;31;4
2021-12-03;21:14:38;-5.6923;-79.4186;105;4.1
2021-12-03;22:24:07;-13.359;-76.5772;54;4.1
2021-12-04;11:41:28;-5.7965;-77.3872;129;4.6
2021-12-04;17:47:41;-15.6695;-71.8598;9;3.4
2021-12-04;21:57:20;-12.7295;-76.9489;36;3.6
2021-12-05;08:59:54;-6.4785;-79.9664;60;4.1
2021-12-05;19:54:56;-15.6845;-71.9517;7;3.5
2021-12-05;20:36:15;-11.3555;-77.21;95;4.1
2021-12-06;06:19:55;-8.9641;-79.4237;45;4.1
2021-12-06;06:30:48;-2.5246;-77.4346;103;5.1
2021-12-07;09:39:37;-18.6774;-71.1667;32;5.5
2021-12-08;01:44:19;-14.1302;-75.7827;39;3.9
2021-12-08;04:23:55;-16.7834;-71.5405;34;3.4
2021-12-08;05:03:00;-9.2052;-79.284;37;3.8
2021-12-08;06:03:51;-16.7783;-69.6014;206;4.3
2021-12-08;08:54:20;-13.6492;-76.1216;46;4
2021-12-09;04:48:59;-15.875;-71.9521;140;4.3
2021-12-09;18:54:52;-17.5458;-69.8529;24;3.7
2021-12-09;21:12:54;-18.5536;-71.1813;38;4
2021-12-09;21:40:40;-10.4719;-74.6984;130;4.6
2021-12-10;09:09:13;-17.0256;-70.1114;179;4.2
2021-12-10;18:59:34;-17.687;-70.7135;71;4
2021-12-11;12:51:18;-4.8753;-77.1182;115;4.1
2021-12-12;07:04:23;-14.3135;-74.8401;103;4
2021-12-12;07:40:09;-17.5333;-69.8698;9;3.6
2021-12-12;07:48:03;-17.8345;-71.7482;37;3.8
2021-12-12;10:51:38;-17.5257;-69.8576;13;3.7
2021-12-12;14:05:52;-17.5199;-69.8482;11;3.7
2021-12-13;01:01:44;-8.6569;-77.8527;15;3.7
2021-12-13;04:55:47;-14.9919;-71.8617;134;4
2021-12-13;06:27:46;-4.5628;-76.9909;127;4.1
2021-12-13;17:51:36;-15.7097;-74.6918;33;4.6
2021-12-13;22:05:27;-13.3986;-76.529;56;3.9
2021-12-14;04:33:25;-16.8955;-71.7754;40;3.9
2021-12-14;17:33:13;-17.5128;-69.8481;9;3.7
2021-12-15;16:47:55;-16.3491;-73.3654;52;3.9
2021-12-15;17:25:29;-14.6779;-75.4314;45;3.8
2021-12-17;06:40:20;-8.4808;-74.3199;143;4.3
2021-12-17;14:42:43;-8.848;-74.4913;140;4
2021-12-19;08:32:24;-4.6231;-77.7594;59;4.7
2021-12-19;11:45:48;-17.437;-70.9832;27;3.7
2021-12-20;03:10:53;-13.3321;-76.5363;51;4
2021-12-20;05:28:53;-15.6889;-72.047;14;3.4
2021-12-20;06:47:21;-15.6442;-71.8064;15;3.5
2021-12-20;07:51:31;-2.865;-80.235;60;4.2
2021-12-20;10:51:02;-15.6413;-71.8091;12;3.5
2021-12-20;12:08:20;-4.8779;-80.7718;24;3.8
2021-12-20;21:19:41;-11.8631;-77.4793;65;3.8
2021-12-22;08:14:18;-5.8621;-81.2652;27;4.2
2021-12-22;19:16:03;-15.3448;-73.8887;105;4.2
2021-12-23;04:05:55;-7.9299;-80.0815;31;4.3
2021-12-23;08:07:20;-16.7705;-71.0616;14;3.6
2021-12-23;23:02:34;-6.1297;-81.9684;5;4.6
2021-12-24;18:56:10;-17.4443;-71.6628;44;4
2021-12-24;19:44:56;-7.4486;-80.0076;31;4.4
2021-12-24;22:10:47;-9.2366;-79.3581;42;4.9
2021-12-25;02:25:48;-16.5706;-72.9577;46;4.4
2021-12-26;13:35:22;-7.5669;-79.7603;42;3.8
2021-12-29;08:12:06;-7.9554;-75.5877;35;4.3
2021-12-30;02:31:21;-10.6212;-76.1615;12;3.4
2021-12-31;01:30:50;-5.4455;-80.9701;33;3.9
2021-12-31;02:33:12;-9.486;-75.5815;21;4
2021-12-31;12:47:47;-5.8173;-77.204;37;3.8
2021-12-31;15:04:17;-12.6706;-76.9744;33;3.7
2021-12-31;15:35:29;-8.0493;-74.458;140;4.6
2021-12-31;16:56:08;-14.9097;-75.3355;42;3.9
2021-12-31;17:17:59;-5.5762;-76.3891;127;4.5
2021-12-31;17:54:16;-4.2185;-80.5715;38;4
2022-01-01;02:34:08;-15.6474;-71.8074;10;3.8
2022-01-01;15:26:36;-4.8673;-80.7908;25;3.8
2022-01-01;17:04:52;-4.939;-81.1582;24;4.2
2022-01-03;01:20:33;-9.6246;-79.5228;27;4.1
2022-01-03;01:51:38;-12.7803;-73.6406;97;4.3
2022-01-03;04:20:19;-5.8466;-80.8432;31;4
2022-01-04;01:38:06;-8.6863;-77.8341;17;3.6
2022-01-04;03:09:49;-4.9246;-81.0421;22;4.1
2022-01-05;03:32:53;-12.6327;-77.2495;22;4
2022-01-05;15:26:04;-4.7025;-80.3146;56;4.1
2022-01-06;15:19:25;-9.5565;-75.5176;19;3.7
2022-01-06;15:35:56;-5.6698;-77.2732;39;4
2022-01-06;21:24:08;-11.4047;-76.3428;108;4
2022-01-07;03:04:03;-12.8041;-76.9879;44;3.5
2022-01-07;06:04:43;-17.5233;-69.8723;12;4.4
2022-01-07;07:48:41;-4.7117;-76.9259;139;4
2022-01-07;10:27:05;-11.9721;-76.8429;105;5.6
2022-01-07;12:48:30;-17.4972;-69.8482;12;3.5
2022-01-08;02:13:09;-17.4917;-69.8353;16;3.7
2022-01-08;07:54:31;-12.7787;-76.9083;46;3.7
2022-01-08;16:47:10;-12.7642;-76.8848;36;3.9
2022-01-08;21:20:49;-16.7972;-71.8499;35;3.9
2022-01-08;23:36:00;-11.3023;-74.6381;13;3.7
2022-01-10;10:34:50;-8.9708;-78.1262;22;3.7
2022-01-11;02:24:58;-15.7957;-71.9348;10;3.7
2022-01-11;04:27:13;-8.9584;-78.7968;63;3.9
2022-01-12;11:04:58;-15.3716;-70.9382;10;3.4
2022-01-13;00:06:58;-14.1468;-71.4308;15;3.6
2022-01-13;07:53:50;-9.8137;-78.8227;32;3.8
2022-01-15;21:54:18;-17.6609;-69.6297;171;4
2022-01-16;16:36:46;-15.1846;-71.9464;136;4.2
2022-01-18;04:31:33;-7.636;-76.3461;152;4
2022-01-18;09:02:47;-17.661;-70.517;100;4.1
2022-01-18;14:45:54;-18.4496;-70.9152;32;4
2022-01-18;23:46:03;-4.5235;-77.0388;104;4
2022-01-19;11:17:22;-7.3104;-75.7099;34;4.1
2022-01-20;06:32:21;-9.8578;-75.0198;68;4.7
2022-01-20;10:45:57;-5.1217;-80.1891;84;4.2
2022-01-21;03:43:00;-8.2174;-74.2338;154;4
2022-01-22;07:23:32;-14.5845;-75.7354;51;4.8
2022-01-23;11:13:09;-9.3323;-78.9565;72;4.2
2022-01-24;12:17:51;-5.3387;-78.8041;27;4
2022-01-24;16:37:06;-16.068;-72.8268;102;4.3
2022-01-25;10:19:07;-10.5943;-80.538;10;4.3
2022-01-25;18:47:45;-8.3557;-74.1167;119;4.1
2022-01-26;14:54:53;-18.8399;-70.1077;74;4.1
2022-01-26;20:47:51;-14.8514;-75.5255;52;4.2
2022-01-27;14:21:00;-10.8968;-73.8053;126;4.5
2022-01-28;00:31:26;-19.276;-69.7501;109;5.5
2022-01-28;13:43:28;-18.811;-69.7297;124;5
2022-01-29;20:04:53;-5.5676;-80.921;32;4.1
2022-01-29;21:18:19;-9.4147;-75.4734;25;4.2
2022-01-29;22:37:41;-7.9454;-74.549;139;4.4
2022-01-30;14:06:06;-12.7673;-76.9805;47;4.3
2022-01-31;00:08:17;-14.9245;-73.9447;115;5
2022-01-31;02:05:17;-11.4371;-76.3364;112;4
2022-01-31;06:48:12;-11.1677;-73.383;29;4
2022-02-01;19:01:16;-15.2801;-75.3842;48;4.5
2022-02-02;19:28:46;-7.9904;-74.4022;122;4.6
2022-02-02;22:16:29;-10.8136;-78.5286;47;4.8
2022-02-03;07:00:42;-8.7692;-79.3971;42;4
2022-02-03;07:02:27;-3.764;-79.7525;96;4.5
2022-02-03;15:58:56;-4.4349;-76.9517;102;6.8
2022-02-05;10:04:39;-10.857;-77.8225;51;4.3
2022-02-07;07:43:54;-9.5011;-79.213;48;4.2
2022-02-09;14:30:35;-16.0334;-74.4696;31;5.1
2022-02-11;08:11:33;-10.7021;-75.6345;126;4.1
2022-02-12;06:56:48;-18.7753;-70.3689;37;4
2022-02-13;15:40:45;-5.9164;-76.9966;22;4
2022-02-16;06:08:04;-19.2538;-70.1278;56;4
2022-02-17;15:36:57;-14.2754;-74.4207;107;4
2022-02-18;04:58:35;-14.3526;-75.7889;55;4.2
2022-02-19;02:15:09;-17.2397;-72.7165;29;4
2022-02-20;03:09:44;-5.875;-81.0722;29;4
2022-02-20;11:58:19;-18.492;-71.3559;30;5.2
2022-02-20;23:24:27;-18.5038;-71.4197;40;4.2
2022-02-22;00:57:29;-6.5662;-80.9815;26;4.3
2022-02-22;09:32:45;-15.043;-71.9469;139;4.1
2022-02-24;23:36:44;-16.2726;-73.8124;39;4.2
2022-02-25;03:55:08;-5.8467;-77.2012;16;4.2
2022-02-28;23:18:40;-6.2775;-75.9521;36;4
2022-03-01;20:54:04;-8.9846;-79.32;51;4.3
2022-03-02;04:16:47;-14.277;-76.5162;20;4.5
2022-03-02;06:26:05;-18.7342;-69.7414;125;4
2022-03-02;07:14:27;-10.8132;-77.5275;91;4
2022-03-02;11:11:15;-5.8628;-81.4265;28;4.2
2022-03-02;14:38:50;-13.9863;-76.0334;68;4.2
2022-03-03;19:17:48;-17.0703;-70.1007;177;5
2022-03-05;07:45:27;-10.5489;-74.2725;144;5.6
2022-03-07;01:54:14;-15.294;-72.4592;127;4.2
2022-03-07;04:02:25;-14.7311;-74.7977;92;4.1
2022-03-07;20:12:45;-5.7289;-78.6816;13;4.2
2022-03-09;18:18:14;-14.3238;-76.4696;35;5
2022-03-11;20:02:27;-8.3521;-74.2103;160;4.9
2022-03-12;13:41:38;-12.8679;-76.9293;35;4
2022-03-12;14:30:34;-15.5247;-70.3524;240;4.1
2022-03-13;11:47:25;-6.1228;-80.6695;33;4
2022-03-13;19:14:00;-13.6815;-74.9347;91;4.1
2022-03-15;10:20:04;-15.655;-71.8051;9;4.7
2022-03-15;11:17:00;-11.428;-76.9015;100;4
2022-03-16;04:51:11;-15.6078;-71.8016;12;4.1
2022-03-16;04:54:00;-15.6272;-71.8059;11;4.3
2022-03-16;06:06:32;-15.6889;-71.8315;11;5.6
2022-03-17;03:52:45;-13.663;-75.2303;116;4
2022-03-17;07:54:45;-14.1669;-72.7831;82;4.1
2022-03-17;09:38:37;-15.7038;-71.8707;10;4
2022-03-17;18:07:13;-15.6574;-71.8035;10;4.1
2022-03-18;11:32:23;-17.05;-70.9391;123;4
2022-03-19;01:52:39;-15.6318;-71.8039;12;4
2022-03-20;14:39:47;-13.5292;-70.5638;17;4.5
2022-03-22;22:51:25;-8.3152;-80.1513;30;4.8
2022-03-23;21:06:07;-8.7603;-80.2026;22;4.2
2022-03-24;19:06:10;-14.5789;-76.2395;30;4
2022-03-25;00:56:23;-15.6827;-71.8568;141;5.1
2022-03-26;15:15:41;-12.1443;-73.173;10;4
2022-03-26;23:25:46;-8.3681;-75.0007;140;4.4
2022-03-27;08:32:54;-7.1715;-75.5523;111;4
2022-03-29;14:53:19;-13.6419;-72.8453;9;4.5
2022-03-29;16:37:49;-15.131;-71.77;134;4
2022-03-31;00:11:42;-11.2874;-78.4102;27;5.2
2022-03-31;01:01:02;-8.059;-74.5299;154;4
2022-03-31;21:54:38;-5.9213;-76.955;132;4.7
2022-04-01;04:05:21;-10.455;-78.5824;37;4.6
2022-04-03;17:29:29;-4.4144;-76.9487;108;4.7
2022-04-04;00:12:48;-16.8132;-69.602;215;4
2022-04-04;09:12:45;-7.7621;-74.5447;107;4.4
2022-04-05;14:11:21;-16.4639;-72.7991;49;4.4
2022-04-07;03:30:42;-13.3927;-75.4825;94;5.3
2022-04-10;03:04:03;-11.829;-75.0907;13;4.9
2022-04-10;03:37:20;-11.8228;-75.1198;15;4
2022-04-11;05:06:45;-17.7881;-70.5386;87;4
2022-04-11;19:44:54;-19.1911;-70.0887;59;4.6
2022-04-12;06:28:58;-8.7893;-74.8963;140;4.6
2022-04-12;18:43:58;-11.8334;-75.0944;14;4
2022-04-13;03:42:40;-18.7825;-69.7651;125;4.3
2022-04-13;16:21:25;-19.5766;-69.3045;131;4.4
2022-04-14;17:51:37;-7.7152;-76.2349;136;4.9
2022-04-16;19:54:19;-16.7328;-69.5706;186;4.2
2022-04-19;08:21:00;-7.7207;-73.8724;194;4.2
2022-04-19;10:12:24;-14.7369;-76.2279;16;4.2
2022-04-19;18:57:06;-14.2239;-73.5159;96;4
2022-04-20;17:49:22;-3.5963;-80.187;56;4
2022-04-21;01:15:00;-18.5585;-71.032;35;4
2022-04-21;05:30:12;-16.0319;-74.5208;33;4
2022-04-23;04:39:32;-5.0306;-76.8611;122;4.6
2022-04-23;10:02:07;-8.7566;-74.1706;17;4.4
2022-04-23;10:55:14;-13.9859;-75.8778;46;4
2022-04-25;22:04:57;-10.7248;-78.4034;40;4.3
2022-04-27;21:10:48;-4.8092;-79.1891;14;4
2022-04-28;22:29:25;-14.9693;-71.8484;153;4.4
2022-04-29;21:56:52;-15.4598;-73.036;108;4.4
2022-04-29;23:58:46;-13.2565;-70.9792;11;4
2022-05-03;18:07:46;-19.331;-70.5615;44;4.1
2022-05-05;18:45:10;-16.1948;-74.3685;40;4
2022-05-06;04:53:19;-8.5464;-75.7411;123;4.3
2022-05-06;14:02:12;-14.8221;-71.7611;135;4
2022-05-07;01:03:26;-14.703;-73.7606;120;4
2022-05-07;07:26:28;-15.7046;-71.9782;11;4.2
2022-05-08;05:31:33;-14.8858;-76.2772;32;4
2022-05-09;22:10:48;-8.3719;-81.1005;17;4.7
2022-05-09;22:24:56;-13.2508;-74.8017;91;4.6
2022-05-10;02:18:33;-17.6672;-70.4713;97;4.5
2022-05-11;13:40:17;-14.9993;-75.6522;44;4.7
2022-05-12;16:52:56;-6.5176;-80.8533;36;4.9
2022-05-12;21:55:47;-12.4752;-77.0732;41;5.5
2022-05-14;04:32:45;-15.6625;-72.1634;12;4
2022-05-14;18:22:04;-15.7368;-71.7679;156;4
2022-05-16;13:33:41;-17.7972;-73.0007;36;4.1
2022-05-17;04:45:21;-6.766;-76.9594;134;4.5
2022-05-17;04:58:10;-17.0414;-73.7188;29;4.2
2022-05-18;01:52:36;-14.964;-72.0172;129;4
2022-05-18;11:27:09;-18.0711;-69.9344;134;4.6
2022-05-20;00:04:10;-15.0045;-76.3941;11;4.8
2022-05-23;00:11:49;-18.8306;-70.2339;50;4.2
2022-05-24;12:57:59;-17.7018;-69.8159;162;5.5
2022-05-25;16:05:38;-8.7598;-74.6479;26;4.3
2022-05-26;03:40:04;-6.0863;-79.5251;104;4.1
2022-05-26;12:02:16;-14.9505;-70.3375;256;7.2
2022-05-27;01:07:29;-14.4695;-75.9562;54;5.4
2022-05-29;09:05:31;-9.9822;-79.6677;36;4
2022-05-29;22:10:13;-15.8737;-74.1385;69;4.1
2022-05-30;07:04:18;-12.7686;-76.9138;45;4.9
2022-05-30;11:40:42;-16.4661;-73.9593;12;4
2022-05-31;21:33:03;-16.9651;-70.7761;139;4.1
2022-06-01;03:48:34;-13.0835;-76.3359;71;4
2022-06-02;03:24:00;-17.9659;-70.1064;141;4.1
2022-06-02;05:12:18;-6.3518;-76.8361;15;4.4
2022-06-02;07:08:08;-18.3482;-69.8951;95;4
2022-06-03;04:46:08;-12.2739;-71.8635;13;4
2022-06-03;08:13:42;-17.672;-70.8791;19;4.1
2022-06-03;09:07:49;-19.2538;-69.4474;118;4.2
2022-06-03;22:22:40;-15.6479;-74.5974;65;4
2022-06-04;06:48:33;-15.3338;-71.4072;167;4.6
2022-06-05;04:45:13;-15.6378;-74.6626;67;4
2022-06-06;16:45:00;-10.7392;-78.3402;50;4.3
2022-06-07;03:48:08;-6.3275;-76.85;16;4.2
2022-06-08;00:55:39;-8.8982;-71.021;610;6.3
2022-06-08;01:53:23;-8.9598;-70.9669;601;5.3
2022-06-08;12:30:50;-13.3046;-74.6162;89;4
2022-06-09;18:06:46;-7.5156;-75.908;32;4.1
2022-06-11;09:23:53;-14.6773;-72.3482;113;4.3
2022-06-13;17:32:58;-8.9033;-77.2372;10;4
2022-06-15;06:31:18;-10.5575;-78.674;44;4.4
2022-06-15;18:52:13;-9.5893;-75.6918;121;4
2022-06-17;02:50:54;-16.7084;-71.0172;131;4.3
2022-06-19;01:49:34;-12.5886;-71.2681;11;4.3
2022-06-19;04:41:32;-15.9398;-71.8725;138;4
2022-06-19;05:03:51;-15.6006;-74.6295;65;4
2022-06-19;15:23:09;-3.9241;-77.5634;130;4.3
2022-06-19;18:58:49;-14.6559;-76.7234;19;4.7
2022-06-19;20:40:41;-16.4317;-74.2225;16;4.2
2022-06-20;00:13:13;-14.457;-76.4599;18;4
2022-06-20;09:28:27;-14.4781;-76.4086;19;4
2022-06-21;07:33:53;-16.3963;-74.2493;18;5.1
2022-06-21;14:51:49;-16.2889;-74.1403;23;4.1
2022-06-23;14:29:48;-17.8464;-69.829;151;4.5
2022-06-24;04:50:58;-8.8168;-79.4183;46;5.3
2022-06-24;11:37:20;-8.1039;-76.1526;137;4.1
2022-06-25;03:39:27;-10.527;-73.9953;126;4.1
2022-06-25;16:11:26;-4.8605;-78.5515;24;5
2022-06-26;02:02:31;-17.2976;-73.8842;14;5.6
2022-06-26;08:39:37;-16.6039;-71.6365;103;4
2022-06-26;09:27:52;-4.9029;-80.7944;36;4.3
2022-06-26;13:50:16;-14.6769;-75.5373;74;4.2
2022-06-27;03:09:59;-8.4195;-79.1281;76;4.2
2022-06-28;00:14:00;-15.5227;-72.9661;107;4.1
2022-06-28;01:35:46;-17.804;-70.5405;79;4
2022-06-28;11:59:02;-18.2831;-71.2549;28;5
2022-06-28;16:22:22;-18.2265;-71.2558;41;4.1
2022-06-29;13:53:08;-2.7246;-79.6174;35;4.8
2022-06-30;05:21:16;-17.1474;-70.2582;154;4.9
2022-07-02;21:08:52;-13.1615;-76.6618;64;4.1
2022-07-03;23:39:04;-19.3905;-70.4176;71;4.6
2022-07-04;05:28:19;-15.7294;-75.3645;23;4.2
2022-07-04;21:30:36;-16.3597;-74.227;29;4
2022-07-04;22:51:13;-7.0007;-75.8121;22;4.4
2022-07-06;10:15:47;-14.9156;-72.9461;114;4.3
2022-07-07;18:32:10;-15.7352;-73.3685;102;4
2022-07-09;17:25:41;-17.4177;-69.9728;176;4.3
2022-07-10;13:21:37;-8.7987;-79.4496;35;4.7
2022-07-11;20:59:33;-13.5259;-74.5477;87;4
2022-07-12;23:36:12;-16.8178;-71.3042;16;5.4
2022-07-13;01:30:04;-16.8132;-71.2844;19;4.4
2022-07-13;09:13:34;-16.8219;-71.3066;15;4.7
2022-07-13;16:05:29;-16.8008;-71.3097;17;4.7
2022-07-13;17:56:12;-16.8093;-71.3125;16;4.4
2022-07-14;22:30:12;-2.1041;-79.922;51;5.7
2022-07-15;11:03:17;-16.2149;-73.7331;43;4.3
2022-07-16;08:18:44;-10.444;-78.6709;28;4.8
2022-07-16;18:54:59;-11.2877;-77.9025;69;4.1
2022-07-19;06:56:28;-12.9454;-76.3364;89;4.8
2022-07-19;16:52:45;-19.4927;-69.6127;92;4.8
2022-07-19;20:25:40;-8.1459;-74.5447;149;4.2
2022-07-20;07:10:20;-1.9692;-78.5029;146;5
2022-07-20;12:33:41;-6.0074;-75.1226;19;4.4
2022-07-23;21:38:08;-14.4963;-76.5372;31;4
2022-07-24;05:17:58;-14.4802;-76.5259;29;4.8
2022-07-24;08:17:02;-8.7938;-71.0956;613;4.5
2022-07-28;13:41:01;-10.7539;-78.516;40;4.6
2022-07-28;19:34:44;-16.7418;-72.2386;68;4.7
2022-07-29;00:07:35;-10.3513;-75.1445;37;4.8
2022-07-30;04:20:13;-11.8615;-77.4019;61;4.2
2022-07-30;15:31:38;-18.4506;-69.868;120;4.3
2022-07-31;14:31:09;-14.9327;-72.2825;127;4.2
2022-07-31;22:32:29;-10.7655;-73.7267;123;4.5
2022-08-01;13:36:32;-9.2989;-78.6165;51;4.1
2022-08-01;15:18:16;-16.3073;-73.684;40;4.3
2022-08-03;07:33:34;-8.612;-74.4396;163;4.9
2022-08-05;03:12:27;-11.4521;-73.4686;16;4.7
2022-08-05;20:20:00;-19.1434;-70.1021;55;4.7
2022-08-05;20:52:49;-9.7336;-79.3947;35;4.1
2022-08-05;23:56:04;-9.8368;-79.4106;36;4.5
2022-08-07;00:12:05;-18.8558;-69.3727;135;4.1
2022-08-07;02:41:17;-19.3953;-69.5712;103;5
2022-08-07;16:20:26;-7.4152;-75.8274;39;4.6
2022-08-08;09:19:17;-18.7935;-69.5931;113;4.3
2022-08-08;09:24:26;-13.4084;-75.0674;101;4
2022-08-08;20:57:53;-14.2848;-72.3365;102;4.5
2022-08-10;10:34:05;-14.5961;-73.7739;116;4.3
2022-08-10;11:24:37;-4.7817;-76.5748;110;4.3
2022-08-11;06:24:48;-13.3975;-75.014;104;4.8
2022-08-12;00:19:43;-3.2474;-80.7668;34;4.6
2022-08-13;14:12:44;-13.8651;-75.3612;110;4.3
2022-08-13;22:42:08;-5.3028;-79.9073;88;4.4
2022-08-14;02:58:29;-14.1448;-75.7337;65;4.7
2022-08-14;09:27:11;-8.7594;-76.3025;36;4.3
2022-08-14;16:26:55;-12.3669;-76.9715;64;4.3
2022-08-14;19:09:17;-15.9603;-74.6297;50;4.6
2022-08-15;09:41:07;-8.6264;-74.3592;159;4.5
2022-08-16;04:26:57;-16.7517;-71.7182;27;4.1
2022-08-17;09:38:32;-16.357;-74.2004;19;4.1
2022-08-19;19:06:51;-7.8319;-74.6722;166;4.7
2022-08-22;08:03:14;-11.98;-76.03;112;4
2022-08-28;06:25:34;-3.75;-80.45;58;4
2022-08-28;19:07:42;-9.26;-79.19;33;4
2022-08-28;22:26:04;-15.6;-72.79;101;4
2022-08-29;03:31:17;-9.54;-79.63;28;4
2022-08-29;21:34:06;-14.84;-71.8;141;4
2022-08-31;20:14:19;-19.13;-70.62;37;4.3
2022-09-01;03:34:59;-7.1;-80.98;30;4.4
2022-09-01;20:56:57;-16.19;-74.17;41;4.5
2022-09-03;13:02:33;-14.26;-72.83;90;4.4
2022-09-04;20:52:00;-4.66;-79.52;20;4.1
2022-09-04;21:23:59;-15.12;-75.71;40;4
2022-09-05;09:50:44;-15.27;-75.06;32;4.1
2022-09-06;21:23:01 ;-18.8;-69.44;125;4.5
2022-09-07;21:57:34 ;-12.59;-75.28;105;4
2022-09-09;02:13:17;-5.13;-80.9;36;4.3
2022-09-09;09:17:05;-11.11;-78.02;47;4
2022-09-09;21:59:41 ;-16.26;-73.51;29;5.6
2022-09-11;04:21:28;-12.74;-77.85;22;4
2022-09-13;03:22:51;-14.27;-76.38;33;4.3
2022-09-13;15:38:29;-11.09;-76.69;113;4.1
2022-09-16;14:44:08;-19.21;-70.14;50;4.1
2022-09-16;18:55:31;-15.06;-75.93;28;4.9
2022-09-17;10:50:45;-18.42;-69.89;118;4.3
2022-09-19;15:09:04;-10.63;-78.72;35;4.8
2022-09-20;01:11:36;-18.63;-71.1;30;4
2022-09-22;03:34:56;-16.45;-74;25;4.3
2022-09-22;17:39:29;-15.49;-75.46;34;4.4
2022-09-22;23:10:03;-8.7;-80.15;18;4.1
2022-09-23;01:39:24;-18.43;-71.9;33;4.2
2022-09-23;17:58:51;-8.56;-80.2;38;4.3
2022-09-26;01:20:47;-9.8;-74.73;133;4.3
2022-09-28;03:23:23;-19.23;-69.94;42;4.1
2022-09-28;20:03:59;-14.29;-73.71;108;4.8
2022-09-29;05:47:25;-16.87;-71.88;67;4
2022-09-29;23:59:48;-16.73;-73;44;4
2022-09-30;05:42:11;-7.11;-79.52;63;4
2022-09-30;12:09:28;-16.13;-75.46;30;4.8
2022-10-01;06:23:53;-7.96;-74.57;169;5.3
2022-10-02;07:55:15;-15.68;-74.18;69;4.1
2022-10-03;01:48:48;-8.67;-76.02;17;4.3
2022-10-03;02:00:40;-8.66;-76;15;4.1
2022-10-03;02:12:48;-8.8;-76;14;4.1
2022-10-03;03:26:38;-8.65;-76.01;18;4.2
2022-10-04;02:50:18;-9.91;-78.78;42;4.5
2022-10-04;18:36:59;-8.43;-79.74;30;4
2022-10-05;06:43:28;-8.71;-75.99;18;4
2022-10-05;06:45:09;-8.73;-75.98;17;4
2022-10-05;08:26:17;-4.92;-80.8;25;6.1
2022-10-05;08:59:02;-4.89;-80.81;30;4
2022-10-05;10:43:28;-4.92;-80.77;30;4
2022-10-05;16:04:01;-4.89;-80.82;35;4
2022-10-05;20:46:06;-7.84;-74.53;160;4.3
2022-10-05;21:01:06;-10.25;-74.75;24;4
2022-10-08;05:15:51;-10.16;-78.79;46;5
2022-10-08;13:08:02;-18.89;-72.14;28;4
2022-10-08;21:06:53;-4.89;-80.85;38;4.4
2022-10-10;00:38:37;-16.21;-71.76;126;4
2022-10-11;05:41:48;-12.77;-73.96;45;4.1
2022-10-12;03:54:43;-15.92;-72.38;129;4
2022-10-12;17:57:11;-12.46;-75.54;130;4.6
2022-10-13;18:11:49;-11.48;-73.29;35;4
2022-10-13;22:06:07;-6.58;-80.99;32;4
2022-10-15;05:23:07;-4;-80.97;29;4.2
2022-10-15;05:37:07;-17.53;-70.04;135;4
2022-10-15;07:39:51;-2.23;-79.95;50;4.7
2022-10-16;02:15:25;-10.87;-74.5;121;4
2022-10-16;10:02:39;-3.77;-80.61;44;4.1
2022-10-17;04:27:05;-14.62;-73.78;107;4.3
2022-10-17;09:38:15;-12.75;-76.87;47;4.5
2022-10-17;13:38:23;-18.46;-69.48;140;4.9
2022-10-18;05:31:51;-10.64;-74.58;29;4.2
2022-10-18;20:02:21;-16.56;-74.19;24;4
2022-10-20;10:01:21;-11.8;-75.52;115;4
2022-10-21;18:25:50;-6.62;-81.06;30;4.5
2022-10-23;09:38:14;-16.29;-74.26;23;4.4
2022-10-24;02:10:37;-16.18;-73.69;39;4.2
2022-10-24;05:04:39;-7.4;-76.33;156;5.3
2022-10-25;18:38:56;-10.17;-76.76;124;4.2
2022-10-26;02:06:09;-4.89;-80.78;42;4.7
2022-10-26;09:45:18;-4.12;-80.93;37;4.5
2022-10-26;10:11:38;-15.11;-75.97;20;4.9
2022-10-26;17:53:16;-15.34;-74.63;63;4
2022-10-28;04:16:56;-14.63;-76.37;13;4.6
2022-10-28;09:11:51;-14.63;-76.34;10;5.1
2022-10-28;10:56:46;-14.62;-76.44;19;4.5
2022-10-28;12:19:16;-14.57;-76.38;17;4.1
2022-10-28;14:21:19;-14.65;-76.51;16;5
2022-10-28;18:17:33;-10.05;-78.89;31;4
2022-10-28;18:52:58;-14.55;-76.35;20;4
2022-10-28;19:16:14;-14.66;-76.46;28;4.4
2022-10-28;19:19:04;-14.64;-76.33;19;4.9
2022-10-28;20:22:01;-14.66;-76.55;26;5.9
2022-10-28;22:48:40;-14.68;-76.37;16;4.1
2022-10-28;22:52:15;-14.64;-76.4;18;5.6
2022-10-28;23:19:58;-3.76;-76.53;110;4.8
2022-10-28;23:35:13;-14.61;-76.41;15;5.2
2022-10-29;00:09:46;-14.62;-76.39;15;5.8
2022-10-29;00:39:28;-14.58;-76.41;17;4.5
2022-10-29;03:26:22;-14.62;-76.45;15;4.7
2022-10-29;04:08:36;-14.7;-76.35;17;4
2022-10-29;06:10:20;-14.67;-76.32;17;4
2022-10-29;07:31:48;-14.77;-76.54;22;4.6
2022-10-29;11:40:19;-19.16;-67.64;258;5
2022-10-29;13:21:10;-14.38;-76.39;26;4.1
2022-10-29;14:17:23;-14.67;-76.45;14;4.8
2022-10-29;14:37:15;-14.62;-76.38;17;4.5
2022-10-29;20:26:53;-14.55;-76.39;12;4
2022-10-29;20:45:33;-14.55;-76.32;21;5.4
2022-10-29;21:18:22;-14.75;-76.3;15;4.5
2022-10-29;22:18:39;-15.53;-70.64;212;4.1
2022-10-29;22:22:30;-14.51;-76.45;37;5.2
2022-10-29;23:47:22;-14.55;-76.26;19;4.1
2022-10-30;01:24:30;-15.15;-75.9;18;4.1
2022-10-30;02:05:56;-14.57;-76.32;22;4.3
2022-10-30;02:07:16;-4.83;-80.84;25;4.1
2022-10-30;02:23:24;-14.6;-76.36;19;4
2022-10-30;13:03:47;-16.12;-71.79;128;4.3
2022-10-30;23:24:47;-14.74;-76.21;14;4.7
2022-10-31;03:50:02;-16.24;-73.82;20;4.4
2022-10-31;13:22:35;-2.43;-76.46;160;5.7
2022-10-31;13:25:40;-14.53;-76.48;17;4.3
2022-10-31;14:18:28;-14.43;-76.33;22;5
2022-11-01;12:47:25;-10.36;-78.86;36;4.6
2022-11-02;11:06:47;-2.9;-77.1;157;4.4
2022-11-03;01:14:21;-5.28;-81.02;19;4.2
2022-11-03;17:32:47;-16.27;-72.11;105;4
2022-11-03;20:56:35;-14.15;-72.97;95;4
2022-11-04;05:40:43;-17.85;-69.82;153;4.2
2022-11-04;05:46:31;-15.23;-76.07;12;4.3
2022-11-04;10:49:28;-17.13;-70.79;122;4.4
2022-11-06;07:08:05;-17.53;-70.23;20;4.6
2022-11-07;00:49:04;-9.6;-74.61;125;4
2022-11-07;14:01:43;-7.87;-76.83;20;4
2022-11-07;20:40:44;-1.93;-78.09;159;4.3
2022-11-09;00:15:02;-4.15;-80.68;24;5.2
2022-11-09;21:33:41;-18.26;-69.9;134;4.1
2022-11-11;12:34:38;-8.83;-71.93;632;5.1
2022-11-13;19:40:08;-16.03;-73.82;40;4
2022-11-14;00:54:02;-4.86;-80.76;35;4
2022-11-15;04:35:29;-14.59;-76.3;21;4.1
2022-11-15;04:37:35;-14.7;-76.43;20;5
2022-11-17;04:19:47;-2.15;-78.6;140;5.2
2022-11-17;07:02:05;-15.05;-74.6;91;4.1
2022-11-17;17:51:01;-18.46;-69.98;93;4
2022-11-18;14:27:20;-8.74;-79.81;31;4
2022-11-18;23:20:34;-10.58;-78.59;36;4
2022-11-19;02:24:02;-5.51;-80.78;45;4.1
2022-11-19;03:19:31;-4.06;-77.62;46;4.2
2022-11-19;06:50:57;-17.77;-70.96;60;4.3
2022-11-21;05:57:29;-8.64;-74.38;152;4.2
2022-11-22;05:49:17;-14.63;-70.65;10;4
2022-11-22;06:29:37;-16.09;-72.3;126;4
2022-11-22;12:16:20;-5.75;-77.41;38;4
2022-11-23;04:07:17;-15.57;-70.3;235;4.1
2022-11-23;20:02:43;-9.11;-79.4;44;5.2
2022-11-24;16:22:23;-16.17;-73.69;42;5
2022-11-25;07:39:30;-8.31;-79.84;27;4.2
2022-11-25;16:10:09;-6.13;-80.73;38;4.4
2022-11-25;23:01:22;-4.03;-78.69;106;4.1
2022-11-27;20:12:07;-9.06;-79.35;41;4.1
2022-11-28;13:16:50;-10.1;-75.61;120;4.2
2022-11-29;10:09:24;-4.11;-80.51;54;4
2022-11-29;22:15:49;-8.72;-79.82;34;4
2022-12-02;08:19:25;-4.63;-80.83;38;4
2022-12-03;11:45:29;-17.8;-69.81;138;4.5
2022-12-03;13:33:31;-13.66;-76.69;36;4.1
2022-12-03;17:22:10;-8.2;-74.45;152;4.4
2022-12-07;08:28:33;-9.29;-79.99;18;4.8
2022-12-08;23:18:57;-15.68;-72.1;8;5
2022-12-11;14:55:43;-8.13;-74.53;162;4.1
2022-12-11;21:00:04;-4.91;-80.78;46;4.7
2022-12-12;06:55:00;-4.5;-80.15;77;5
2022-12-12;17:35:52;-15.78;-71.73;158;4
2022-12-12;18:52:42;-11.84;-74.11;115;4.9
2022-12-14;05:45:45;-8.83;-79.79;20;4.1
2022-12-14;09:30:15;-12.88;-73.99;75;4.7
2022-12-14;13:15:46;-12.86;-73.96;73;4
2022-12-15;09:31:16;-11.43;-76.32;20;4.8
2022-12-15;23:41:23;-15.68;-73.18;104;4.1
2022-12-16;05:56:51;-11.42;-76.34;18;4.8
2022-12-16;10:23:48;-7.24;-80.96;20;5.1
2022-12-16;14:06:47;-7.18;-80.75;37;4
2022-12-18;08:24:22;-15.49;-75.45;28;4
2022-12-19;00:11:06;-15.75;-72.99;105;4.1
2022-12-19;00:57:05;-3.59;-77.25;125;5.3
2022-12-20;14:14:16;-10.7;-75.46;12;4.4
2022-12-22;13:13:55;-8.06;-74.62;155;5.6
2022-12-24;19:56:29;-12.65;-77.1;38;4
2022-12-26;00:10:27;-8.05;-77.35;84;4.5
2022-12-26;14:30:08;-17.75;-69.82;155;4
2022-12-27;14:38:09;-11.54;-76.92;89;4.1
2022-12-27;16:45:28;-7.81;-76.37;141;4
2022-12-28;01:49:59;-10.46;-74.68;30;4.7
2022-12-28;05:57:38;-5.85;-75.2;170;4.3
2022-12-28;13:57:39;-19.11;-69.83;91;4.4
2022-12-28;21:11:04;-16.73;-72.52;80;5.4
2022-12-28;22:59:40;-14.59;-76.31;24;4
2022-12-30;17:43:00;-5.04;-77.42;130;4.2
2022-12-30;21:53:29;-15.14;-76;31;5.8
2022-12-31;00:10:17;-15.2;-76.05;30;4.3
2022-12-31;23:04:09;-16.64;-69.87;192;4.4
2023-01-03;00:20:48;-16.06;-75.05;29;4.5
2023-01-03;02:09:55;-18.36;-70.07;93;4
2023-01-03;04:32:19;-16.68;-72.44;72;4.1
2023-01-03;13:06:15;-3.73;-79.04;114;4.3
2023-01-04;23:23:47;-19.23;-69.3;136;4.9
2023-01-05;03:38:18;-10.62;-74.98;107;5
2023-01-05;21:19:19;-9.84;-74.75;122;4
2023-01-06;12:33:16;-4.01;-81.72;27;4.1
2023-01-06;16:50:01;-9.35;-79.25;30;5.1
2023-01-11;10:15:24;-16.36;-74;38;4.9
2023-01-12;11:09:23;-10.46;-74.68;18;4
2023-01-12;13:14:03;-18.51;-69.48;137;4.4
2023-01-13;07:38:37;-7.97;-74.69;146;4
2023-01-14;08:59:52;-13.61;-74.44;20;4.5
2023-01-15;11:27:13;-8.58;-74.4;167;4.5
2023-01-15;20:10:05;-4.54;-80.14;78;4.3
2023-01-16;20:54:54;-15.45;-70.28;228;4.4
2023-01-17;07:56:29;-4.88;-80.84;28;4
2023-01-17;16:45:45;-7.91;-74.52;172;4.4
2023-01-17;18:40:00;-16.5;-73.56;45;4.2
2023-01-21;04:05:29;-18.24;-70.79;37;4.6
2023-01-21;21:50:15;-15.06;-71.93;147;4.2
2023-01-21;23:11:06;-8.67;-79.57;35;4.1
2023-01-22;06:07:25;-15.34;-75.8;38;4.8
2023-01-23;00:56:40;-16.3;-73.57;33;4
2023-01-25;09:11:34;-3.43;-80.94;36;4.3
2023-01-25;09:49:03;-12.1;-74.24;14;4.1
2023-01-27;10:51:18;-16.64;-69.79;194;4.4
2023-01-28;10:14:23;-13.66;-76.24;76;4.3
2023-01-30;23:28:25;-15.87;-73.15;101;4
2023-01-31;16:07:10;-19.12;-69.59;126;4.9
2023-01-31;21:51:20;-18.86;-69.91;97;4.1
2023-02-01;02:14:25;-16.04;-74.51;36;4.1
2023-02-01;06:21:18;-5.28;-80.76;48;4.4
2023-02-01;10:52:24;-10;-78.9;35;4.8
2023-02-02;17:42:49;-16.29;-73.57;44;4.5
2023-02-02;20:37:39;-17.26;-70.28;147;4.1
2023-02-03;09:50:50;-19.07;-70.03;104;4.6
2023-02-04;01:46:35;-7.03;-80.73;23;4.7
2023-02-06;05:48:46;-10.49;-75.65;25;4
2023-02-09;12:39:36;-11.76;-74.09;110;4.8
2023-02-09;15:14:38;-10.25;-73.84;30;4.1
2023-02-12;05:58:36;-16.23;-74.85;22;4.3
2023-02-13;00:16:23;-18.34;-70.08;105;4
2023-02-14;18:01:54;-18.22;-69.95;106;4
2023-02-18;19:31:11;-15.14;-71.19;191;4.5
2023-02-19;02:40:35;-20.17;-71.22;32;5.2
2023-02-19;10:05:07;-7.24;-80.26;35;4
2023-02-19;10:05:28;-15.43;-71.54;162;4.3
2023-02-19;11:32:33;-5.48;-76.85;27;4.4
2023-02-20;01:33:14;-18.05;-71.5;25;4
2023-02-20;09:01:40;-12.09;-74.95;100;4.4
2023-02-20;13:45:25;-10.74;-78.14;53;4.1
2023-02-21;01:13:59;-19.14;-70.21;57;4.5
2023-02-22;03:36:19;-8.97;-78.43;105;4.1
2023-02-22;04:39:35;-18.1;-69.86;131;4.4
2023-02-22;12:05:12;-14.74;-73.95;103;4
2023-02-23;06:18:04;-8.69;-77.81;15;4.3
2023-02-24;09:52:13;-3.51;-77.85;117;4.2
2023-02-26;11:46:04;-18.52;-70.58;53;4
2023-02-27;03:01:22;-5.9;-81.22;32;4.7
2023-02-28;02:58:38;-14.81;-73.53;112;4.1
2023-03-01;08:09:18;-17.61;-74.26;22;4.7
2023-03-01;15:23:03;-16.35;-73.62;37;4.3
2023-03-03;01:53:24;-17.2;-72.79;18;5.3
2023-03-03;11:04:53;-12.35;-77.98;48;4.2
2023-03-03;19:37:37;-16.1;-74.57;22;4.5
2023-03-03;19:39:13;-6.89;-80.23;43;4.3
2023-03-04;06:42:38;-16.24;-74.72;16;4
2023-03-04;09:38:22;-8.4;-74.3;172;4.4
2023-03-04;17:43:19;-15.79;-71.27;194;4.6
2023-03-05;05:18:26;-15.02;-72.06;132;4
2023-03-05;19:25:43;-16.25;-73.46;52;5.5
2023-03-06;10:40:49;-16.3;-73.6;33;4
2023-03-07;20:18:36;-6.81;-76.75;125;4.3
2023-03-08;15:38:56;-14.28;-75.84;65;4.8
2023-03-09;19:01:47;-18.09;-71.09;54;4
2023-03-10;04:54:50;-8.41;-74.42;165;4.8
2023-03-10;21:07:28;-15.99;-74.8;43;4.1
2023-03-11;10:05:54;-15.19;-73.4;121;4.2
2023-03-13;03:11:47;-3.7;-76.57;110;5
2023-03-13;14:56:40;-15.26;-76.02;55;4.6
2023-03-13;18:54:04;-8.45;-80.12;35;4.2
2023-03-13;19:19:16;-17.75;-70.41;97;4.9
2023-03-14;04:29:35;-15.24;-75.94;42;4.5
2023-03-14;20:55:44;-17.72;-69.67;158;4
2023-03-17;03:04:21;-9.3;-74.75;144;4.3
2023-03-17;08:46:26;-9.71;-74.71;122;4.4
2023-03-17;15:33:26;-10.48;-78.73;44;4.2
2023-03-17;16:12:02;-9.62;-78.24;108;4
2023-03-18;03:41:44;-10.2;-73.86;12;4.6
2023-03-18;17:12:52;-2.81;-79.95;78;6.7
2023-03-18;17:22:37;-2.87;-79.85;75;4.1
2023-03-18;21:17:54;-4.44;-77.05;111;4.2
2023-03-19;08:14:41;-17.08;-71.09;115;4
2023-03-19;15:15:20;-6.05;-75.19;48;4.3
2023-03-20;13:39:53;-18.26;-70.56;80;4
2023-03-20;19:01:00;-16.06;-74.26;42;4.9
2023-03-21;01:24:49;-18.22;-71.27;22;4.1
2023-03-22;13:45:09;-11.42;-73.22;27;4.6
2023-03-23;06:08:20;-16.1;-75.09;26;4.3
2023-03-23;17:50:36;-11.49;-73.32;24;4.1
2023-03-24;07:13:38;-11.45;-73.26;30;4
2023-03-25;16:27:13;-17.45;-74.06;20;4.5
2023-03-25;20:23:16;-17.07;-72.19;47;4
2023-03-26;22:17:11;-16.35;-74.25;34;4.7
2023-03-27;08:35:45;-15.56;-75.19;48;4
2023-03-27;20:13:13;-10.53;-74.7;134;4.6
2023-03-29;06:38:57;-14.06;-74.59;116;4.8
2023-03-29;21:08:41;-9.76;-78.74;33;4.1
2023-03-31;19:48:44;-9.6;-75.66;121;4
2023-04-01;12:26:20;-15.51;-70.24;240;4.7
2023-04-02;12:32:40;-1.85;-77.87;188;4.5
2023-04-03;10:53:51;-14.25;-73.88;100;4
2023-04-03;13:13:21;-9.67;-75.81;14;4.3
2023-04-04;13:35:22;-3.07;-75.9;135;5.5
2023-04-05;06:19:20;-9.22;-71.3;591;5
2023-04-05;11:25:10;-4.5;-75.63;128;4.2
2023-04-06;07:02:17;-8.74;-79.6;37;4
2023-04-09;05:24:31;-19.27;-70.26;42;4.3
2023-04-10;04:54:22;-14.1;-73.51;95;4.4
2023-04-10;09:48:40;-10.14;-78.79;25;4.2
2023-04-11;10:38:19;-3.97;-81.1;28;4.4
2023-04-12;18:58:58;-10.7;-78.37;45;4
2023-04-14;14:19:52;-14.74;-76.51;18;4.2
2023-04-15;12:35:15;-13.51;-77.15;34;4.3
2023-04-15;22:42:45;-7.15;-80.89;20;4.4
2023-04-20;06:38:56;-15.52;-74.71;56;4.5
2023-04-21;04:18:00;-7.67;-74.59;160;4
2023-04-21;23:10:41;-5.1;-77.53;38;4.7
2023-04-22;02:22:56;-14.75;-73.95;102;4
2023-04-23;07:09:06;-15.65;-74.59;71;4.1
2023-04-25;05:35:59;-2.82;-79.9;62;5.6
2023-04-27;16:31:51;-15.16;-75.82;43;4
2023-05-01;05:18:13;-6.14;-81.44;58;4.7
2023-05-01;06:28:33;-16.21;-73.2;84;4.5
2023-05-01;09:31:06;-7.35;-74.62;133;5
2023-05-01;19:11:14;-14.49;-74.24;105;4
2023-05-02;15:11:58;-8.53;-74.47;155;4.6
2023-05-03;02:11:10;-16.51;-73.07;35;5
2023-05-04;00:30:17;-7.84;-75.91;128;4.2
2023-05-05;01:06:05;-8.56;-74.79;149;4
2023-05-06;19:45:17;-8.05;-76.71;35;4.2
2023-05-07;01:21:36;-15.41;-71.77;155;4.1
2023-05-09;05:31:56;-8.42;-76.38;13;4.2
2023-05-11;06:29:14;-8.99;-79.81;23;4.4
2023-05-11;11:34:08;-4.61;-78.76;26;4.2
2023-05-12;09:08:46;-16.61;-72.94;50;4.7
2023-05-12;13:40:20;-6;-79.4;16;4
2023-05-12;17:29:46;-14.3;-71.43;11;4.2
2023-05-13;12:13:53;-5.81;-81.28;30;4
2023-05-14;14:16:45;-6.56;-76.29;121;4.4
2023-05-15;05:01:25;-16.21;-73.23;86;4.2
2023-05-15;12:15:40;-16.48;-72.67;64;4
2023-05-16;17:57:40;-15.49;-72.47;135;4.2
2023-05-18;11:11:37;-16.11;-71.67;150;4
2023-05-19;22:56:36;-10.43;-74.54;123;4.3
2023-05-20;16:25:37;-17.69;-70.49;100;4.1
2023-05-21;20:56:30;-14.8;-76.2;20;4.6
2023-05-22;00:05:45;-15.81;-73.32;92;4.2
2023-05-24;17:50:16;-6.79;-75.88;118;4.4
2023-05-24;18:38:38;-13.46;-74.69;113;4.9
2023-05-25;20:20:12;-17.77;-70.11;130;4
2023-05-26;07:43:31;-11.33;-79.03;34;4
2023-05-27;20:54:14;-8.26;-80.03;27;4.5
2023-05-28;19:08:20;-15.78;-71.76;8;4.5
2023-05-29;02:44:19;-9.56;-76.12;153;4.2
2023-05-29;03:32:33;-8.62;-79.57;36;4
2023-05-29;04:57:32;-7.99;-74.56;156;5.7
2023-05-30;03:32:03;-18.27;-70.12;95;4
2023-05-30;11:39:20;-5.15;-77.03;145;4.1
2023-06-01;04:03:29;-8.29;-74.32;169;4.2
2023-06-01;04:14:31;-10.69;-77.07;101;4.1
2023-06-01;05:27:22;-9.1;-79.34;34;4
2023-06-01;09:13:21;-5.66;-77.07;19;4.4
2023-06-02;14:06:39;-15.96;-75.33;21;4.6
2023-06-02;16:27:38;-16.06;-75.47;15;4
2023-06-03;01:49:13;-15.78;-71.72;12;5.2
2023-06-03;02:27:37;-15.79;-71.8;12;4.5
2023-06-03;02:48:11;-15.78;-71.8;12;4.2
2023-06-03;07:17:40;-15.79;-71.78;12;4
2023-06-04;01:25:16;-15.76;-71.73;9;4.3
2023-06-04;04:39:42;-16.28;-74.1;28;4
2023-06-05;11:55:29;-15.8;-71.74;8;4.8
2023-06-05;12:43:37;-15.78;-71.77;7;4.8
2023-06-05;13:25:15;-15.79;-71.77;8;4.3
2023-06-05;16:54:51;-18.25;-70.14;74;4
2023-06-06;17:53:21;-15.8;-71.88;7;4
2023-06-07;12:48:43;-8.97;-79.24;35;4.3
2023-06-07;22:52:05;-16.32;-74.19;35;5.4
2023-06-07;23:08:20;-16.31;-74.19;41;4.7
2023-06-08;17:11:10;-15.92;-72.93;112;4
2023-06-09;02:56:14;-8.38;-80.26;21;4.1
2023-06-09;06:07:43;-5.26;-76.91;27;4
2023-06-09;12:14:11;-15.3;-74.31;82;4
2023-06-10;05:51:57;-15.82;-71.83;8;4
2023-06-10;08:15:14;-4.43;-79.5;86;4.1
2023-06-11;00:00:57;-8.3;-80.15;23;4
2023-06-12;16:54:37;-14.36;-75.77;58;4
2023-06-13;08:27:06;-16.27;-74.19;22;4.5
2023-06-15;01:57:20;-16.29;-74.2;32;4.1
2023-06-15;20:39:41;-13.56;-74.8;83;4.5
2023-06-15;21:32:04;-18.19;-70.6;45;4
2023-06-17;16:17:49;-4.2;-81.91;25;4.3
2023-06-18;01:38:13;-15.49;-75.39;34;4.4
2023-06-19;04:15:42;-15.79;-74.77;57;5.1
2023-06-20;03:38:27;-13.09;-76.78;49;4.5
2023-06-20;17:24:28;-15.42;-74.04;114;4.3
2023-06-22;03:29:48;-7.95;-74.68;150;4.7
2023-06-22;20:36:41;-6.38;-79.75;76;4.5
2023-06-24;03:31:31;-8;-74.63;166;5.8
2023-06-24;14:23:53;-9.56;-78.95;45;4
2023-06-25;01:35:56;-15.6;-74.15;92;4.9
2023-06-25;13:26:50;-18.23;-71.74;28;4.4
2023-06-26;15:08:23;-9.89;-75.58;22;4
2023-06-29;10:52:32;-16.42;-73.84;26;4.8
2023-07-02;01:25:00;-16.26;-73.78;41;5.1
2023-07-02;10:46:54;-12.64;-76.3;125;4.9
2023-07-04;06:37:09;-10.78;-74.43;24;4
2023-07-04;07:34:06;-15.01;-72.05;135;4
2023-07-05;08:45:12;-3.31;-77.62;110;4
2023-07-07;03:40:09;-8.31;-74.13;154;4.5
2023-07-09;03:29:23;-16.91;-70.02;187;4.3
2023-07-10;05:46:18;-10.5;-74.09;118;4.2
2023-07-10;23:46:32;-4.9;-80.83;38;4.7
2023-07-12;19:37:49;-15.37;-71.68;151;4
2023-07-12;21:53:06;-14.7;-73.8;107;4
2023-07-13;08:40:11;-15.76;-75.42;28;4.4
2023-07-13;18:15:57;-8.65;-79.04;62;4.5
2023-07-13;19:27:50;-6.52;-80.88;32;4.6
2023-07-13;19:33:12;-6.53;-80.9;12;4.1
2023-07-13;21:12:56;-8.31;-75.31;139;4.5
2023-07-14;01:20:24;-6.49;-75.9;20;4
2023-07-14;09:15:49;-16.09;-72.05;133;4
2023-07-14;21:51:11;-17.41;-72.6;25;4.3
2023-07-15;05:23:09;-8.32;-74.37;168;4.3
2023-07-15;20:56:44;-9.84;-78.8;44;4
2023-07-17;04:46:16;-3.38;-77.63;37;4
2023-07-17;09:58:41;-9.54;-76.09;30;4.8
2023-07-19;03:24:33;-10.6;-78.63;30;4.6
2023-07-19;08:45:31;-14.97;-72.25;129;4
2023-07-19;08:49:24;-16.48;-72.52;102;4.1
2023-07-19;10:12:27;-7.96;-74.5;172;5.1
2023-07-21;02:14:16;-15.53;-72.13;142;4.3
2023-07-21;05:34:46;-7.35;-75.72;138;4
2023-07-22;04:41:52;-15.41;-71.04;197;4.1
2023-07-23;19:24:24;-3.23;-80.06;60;4.2
2023-07-23;21:17:22;-10.38;-77.51;102;4
2023-07-24;04:14:30;-16.34;-72.33;109;4
2023-07-25;00:20:30;-6.68;-75.81;131;4.2
2023-07-25;14:40:51;-17.84;-70.72;25;4.2
2023-07-27;11:21:22;-17.95;-69.75;142;4
2023-07-27;23:14:43;-7.96;-74.45;153;4.2
2023-07-28;22:27:37;-8.95;-79.58;39;4.8
2023-07-29;18:17:45;-15.72;-72.04;11;4.2
2023-07-30;01:07:14;-17.34;-70.84;111;4
2023-07-31;15:52:58;-16.12;-71.73;148;4
2023-08-02;00:40:20;-18.78;-71.63;26;4.2
2023-08-02;07:55:31;-14.76;-75.83;55;4.3
2023-08-04;05:36:06;-13.06;-76.05;100;4
2023-08-04;20:17:30;-3.98;-81.06;38;4.7
2023-08-05;10:43:47;-8.14;-80.3;31;4.3
2023-08-05;17:38:40;-19.66;-69.38;115;5.1
2023-08-06;06:22:30;-17.04;-69.62;185;4
2023-08-08;02:55:26;-9.24;-74.95;120;4.1
2023-08-08;08:32:23;-13.05;-76.95;40;4.2
2023-08-08;19:41:25;-11.88;-77.42;56;4
2023-08-09;05:09:10;-18.33;-71.69;28;4.2
2023-08-10;03:21:33;-18.34;-71.67;25;4
2023-08-10;04:30:26;-7.99;-74.5;153;4.8
2023-08-10;17:46:18;-12.91;-74.96;111;4
2023-08-12;02:31:04;-12.75;-74.72;103;4.1
2023-08-12;14:36:46;-9.01;-74.49;150;4
2023-08-12;21:52:06;-3.22;-75.85;180;4.7
2023-08-12;23:52:57;-17.56;-69.27;205;4.2
2023-08-13;08:57:12;-15.36;-72.84;128;4
2023-08-15;07:06:29;-10.47;-74.93;150;5
2023-08-15;20:38:10;-4.65;-80.25;65;4
2023-08-18;08:51:15;-12.69;-76.72;47;4
2023-08-18;10:27:55;-15.95;-74.96;25;5.4
2023-08-18;10:56:35;-9.37;-79.29;33;4.8
2023-08-19;11:27:00;-16.09;-75.03;25;5.3
2023-08-19;18:33:03;-10.72;-78.4;35;4.1
2023-08-19;23:09:47;-9;-79.43;30;4
2023-08-20;07:29:01;-3.64;-77.89;98;4.5
2023-08-20;13:59:10;-16.68;-71.87;24;4.2
2023-08-21;05:24:10;-3.1;-80.15;58;5.6
2023-08-21;09:32:15;-3.09;-80.19;62;4
2023-08-21;13:47:26;-14.29;-73.3;96;4.1
2023-08-21;18:21:54;-10.79;-78.61;43;4.1
2023-08-22;10:18:11;-9.48;-79.12;38;4
2023-08-22;21:13:20;-5.55;-80.77;43;4.8
2023-08-23;03:46:32;-4.52;-76.52;24;4
2023-08-23;05:01:02;-9.47;-80.1;29;4.1
2023-08-23;18:12:29;-5.97;-80.71;44;4
2023-08-23;23:48:59;-5.91;-81.27;35;4
2023-08-26;01:43:57;-15.64;-69.6;247;4.6
2023-08-27;08:27:32;-18.59;-71;31;4
2023-08-28;04:14:44;-18.26;-71.51;26;4.9
2023-08-28;05:38:05;-18.25;-71.41;33;4.3
2023-08-28;14:09:36;-16.41;-72.62;79;4.3
2023-08-28;15:26:23;-4.8;-79.82;88;4.4
2023-08-30;10:14:33;-4.41;-77.93;43;4.2
2023-08-31;09:38:06;-1.49;-78;233;5.1
2023-09-02;09:00:36;-8.26;-74.43;168;4.2
2023-09-02;11:11:02;-8.21;-74.51;159;5.6
2023-09-02;14:11:12;-15.66;-75.05;40;4.8
2023-09-05;03:30:15;-9.21;-79.47;25;4
2023-09-08;11:24:36;-16.02;-74.68;28;4.5
2023-09-08;15:13:04;-7.96;-74.61;151;4.5
2023-09-09;09:51:53;-16;-74.73;48;4.7
2023-09-10;15:35:35;-8.39;-76.38;23;4.1
2023-09-11;09:09:07;-15.7;-74.81;43;4.6
2023-09-13;05:02:32;-14.35;-71.45;10;4
2023-09-15;04:21:05;-17.35;-70.87;107;4
2023-09-15;07:13:52;-2.93;-77.49;108;4.3
2023-09-18;20:31:57;-6.14;-81.64;30;4.5
2023-09-18;22:33:48;-4.93;-80.83;29;4
2023-09-19;14:48:53;-15.38;-74.53;73;4
2023-09-20;07:42:30;-8.77;-79.82;19;4
2023-09-21;20:55:59;-5.68;-76.71;20;4
2023-09-22;00:15:28;-8.11;-74.47;156;4.4
2023-09-22;01:03:09;-12.72;-76.13;98;4.3
2023-09-22;02:11:54;-8.74;-74.51;158;5
2023-09-22;10:14:58;-10.09;-73.06;176;4.5
2023-09-22;21:17:51;-14.61;-75.52;49;4.2
2023-09-23;12:54:27;-18.71;-70.15;52;4.1
2023-09-24;05:41:40;-16.45;-72.51;82;4
2023-09-24;14:47:39;-13.05;-74.21;15;4.2
2023-09-25;19:41:36;-16.32;-74.53;32;4.2
2023-09-26;01:30:43;-15.2;-75.08;39;4
2023-09-27;03:01:22;-5.62;-76.68;32;4.2
2023-09-27;08:31:55;-10;-78.95;31;4
2023-09-28;01:23:45;-15.8;-74.34;40;4.8
2023-09-29;07:58:11;-15.59;-70.62;208;4.2
2023-09-29;13:51:54;-8.53;-80.19;25;4
2023-09-30;18:22:43;-16.14;-72.33;107;4
2023-10-01;01:45:22;-16.52;-73.26;50;4
2023-10-01;08:59:02;-4.01;-80.65;32;4.1
2023-10-02;16:24:02;-14.1;-76.07;42;4
2023-10-03;03:59:53;-6.49;-78.52;17;4.1
2023-10-03;04:07:00;-10.18;-74.12;134;4.2
2023-10-03;07:40:16;-12.81;-75.26;103;4.2
2023-10-04;11:03:05;-12.26;-76.11;102;4.6
2023-10-09;20:45:11;-10;-80.02;21;4.1
2023-10-11;04:10:35;-16.05;-69.68;217;4.5
2023-10-11;05:29:50;-19.39;-69.79;102;4.3
2023-10-11;11:11:47;-14.19;-72.99;91;4
2023-10-13;14:20:56;-15.43;-72.49;137;4.7
2023-10-13;19:21:08;-15.96;-74.46;33;4.1
2023-10-14;01:46:00;-5.56;-78.9;117;4.1
2023-10-14;05:56:14;-9.59;-79.57;34;4.6
2023-10-16;03:49:31;-15.01;-75.61;32;4
2023-10-16;04:42:23;-12.01;-75.13;105;4
2023-10-16;08:48:34;-11.67;-74.53;24;4
2023-10-17;04:15:54;-7.51;-80;38;4
2023-10-18;21:15:02;-11.03;-76.13;151;4.2
2023-10-19;05:46:32;-3.96;-80.72;47;4
2023-10-19;10:30:58;-16.61;-72.64;52;4.6
2023-10-20;17:28:21;-15.18;-73.52;99;4
2023-10-20;17:53:35;-10.01;-74.48;31;4
2023-10-21;03:33:06;-10.38;-76.42;153;4.3
2023-10-22;01:34:48;-8.85;-80.21;24;4.3
2023-10-23;01:21:25;-17.21;-70.86;19;4
2023-10-23;17:12:23;-17.99;-71.59;36;4
2023-10-23;21:20:39;-15.35;-72.4;127;4
2023-10-24;03:20:31;-13.15;-74.74;102;4.5
2023-10-24;20:21:49;-15.49;-71.81;145;4
2023-10-24;22:17:23;-13.25;-76.99;31;5
2023-10-25;12:52:03;-9.4;-75.3;136;4
2023-10-25;13:03:09;-4.32;-78.32;115;4
2023-10-27;01:58:25;-5.99;-80.98;30;4.2
2023-10-27;06:39:00;-6.11;-80.69;38;4
2023-10-28;10:59:05;-4.02;-80.94;49;4
2023-10-28;19:36:07;-17;-69.59;180;4
2023-10-30;16:52:37;-15.97;-74.83;52;4
2023-11-01;06:47:05;-10.75;-78.68;38;4.6
2023-11-02;12:01:17;-8.57;-74.5;153;4.6
2023-11-03;15:05:35;-14.07;-75.84;61;4
2023-11-03;15:44:00;-14.8;-71.89;140;4.2
2023-11-06;02:33:16;-16.47;-72.68;62;4.1
2023-11-06;05:18:38;-4.02;-76.75;137;4.2
2023-11-07;01:07:02;-16.63;-72.13;37;4
2023-11-07;11:05:50;-8.51;-74.79;154;4
2023-11-09;13:05:13;-18.48;-70.66;72;4.3
2023-11-09;17:50:24;-6.82;-76.7;129;5.4
2023-11-09;19:12:18;-4.73;-80.29;53;4.1
2023-11-12;04:55:28;-6;-80.54;44;4
2023-11-12;08:26:50;-2.7;-80.78;47;4.8
2023-11-13;18:06:22;-15.91;-74.15;78;4
2023-11-13;19:21:16;-16.81;-72.45;69;4.5
2023-11-14;01:27:35;-10.82;-73.65;14;4.1
2023-11-14;04:48:31;-5.6;-76.74;25;4.8
2023-11-16;19:02:26;-4.03;-80.54;40;4.5
2023-11-16;23:48:23;-16.98;-72.12;57;4.1
2023-11-17;02:15:22;-16.16;-74.17;28;4.1
2023-11-18;23:50:18;-15.97;-74.42;29;4
2023-11-19;04:16:06;-15.19;-75.8;35;5
2023-11-19;09:59:11;-16.33;-73.48;52;4.7
2023-11-19;15:10:40;-3.78;-79.42;96;4.2
2023-11-21;16:13:37;-10.92;-74.74;22;4.2
2023-11-24;15:12:49;-8;-74.63;149;4
2023-11-25;12:56:54;-18.36;-69.81;112;4.7
2023-11-25;12:59:51;-2.2;-77.63;163;5.5
2023-11-26;17:06:35;-3.97;-76.69;101;4.6
2023-11-27;22:11:19;-13.89;-74.76;95;4.9
2023-11-28;05:08:03;-11.73;-77.45;45;4.5
2023-11-29;06:37:28;-11.34;-76.83;112;5.3
2023-11-30;02:49:17;-5.64;-77.06;37;4
2023-11-30;04:53:01;-8.34;-80.18;20;4
2023-12-01;16:02:47;-16.35;-72.35;130;4.1
2023-12-02;02:23:17;-10.39;-70.66;170;4.9
2023-12-02;07:55:40;-19.28;-69.45;119;5.5
2023-12-02;08:09:07;-3.22;-76.83;114;4
2023-12-04;11:19:11;-16.45;-72.43;81;4.5
2023-12-04;17:59:27;-4.25;-81.04;43;4
2023-12-05;14:03:55;-15.97;-72.98;21;4
2023-12-06;07:06:20;-14.87;-76.61;31;4.3
2023-12-06;16:11:09;-18.51;-69.92;114;4.1
2023-12-07;02:11:50;-16.03;-74.33;38;4.1
2023-12-07;04:54:51;-4.27;-77.48;146;4.3
2023-12-08;21:38:03;-11.03;-73.94;103;4.1
2023-12-10;03:38:19;-14.36;-76.58;21;4.6
2023-12-10;07:35:12;-14.39;-76.63;28;4.5
2023-12-10;11:40:30;-14.39;-76.51;38;5.3
2023-12-10;11:52:46;-14.39;-76.67;31;5.8
2023-12-10;12:14:12;-14.41;-76.57;12;4
2023-12-10;15:43:28;-14.35;-76.52;18;4.1
2023-12-10;16:10:51;-15.34;-72.02;13;4.4
2023-12-10;18:17:45;-14.34;-76.55;23;4
2023-12-13;07:38:49;-11.56;-76.64;102;4.1
2023-12-13;11:56:47;-8.33;-76.27;31;4
2023-12-13;22:32:18;-7.1;-79.38;68;4
2023-12-14;07:21:44;-15.21;-75.9;44;4.1
2023-12-14;09:44:36;-16.4;-74.03;17;4.4
2023-12-14;15:55:50;-14.45;-76.49;32;4.1
2023-12-15;17:53:07;-14.55;-76.61;22;4
2023-12-16;09:24:50;-18.91;-72.5;15;4.1
2023-12-16;09:32:47;-5.33;-80.8;43;4
2023-12-16;18:58:23;-15.25;-75.61;39;4.3
2023-12-18;17:05:09;-6.49;-80.83;25;4
2023-12-19;14:15:21;-4.54;-76.94;119;4.2
2023-12-19;14:54:48;-4.89;-80.23;44;4.4
2023-12-19;20:52:05;-3.54;-79.73;70;4.1
2023-12-20;10:39:28;-14.09;-72.81;130;4.5
2023-12-20;12:11:20;-16.11;-72.78;99;6
2023-12-21;11:36:10;-8.48;-74.6;114;5
2023-12-21;14:24:41;-16.11;-72.74;90;4
2023-12-22;11:28:36;-16.12;-72.89;98;4
2023-12-23;04:04:41;-3.92;-77.41;107;4
2023-12-23;10:44:11;-11.53;-78.25;51;4.1
2023-12-23;11:26:46;-14.99;-72.7;110;4.2
2023-12-23;14:59:30;-10.49;-74.55;118;4.7
2023-12-23;23:22:52;-7.29;-76.9;35;4.1
2023-12-26;11:05:27;-11.97;-75.65;114;4.3
2023-12-27;14:16:37;-9.65;-79.05;33;4
2023-12-28;03:11:14;-3.55;-80.74;21;4.1
2023-12-29;14:49:46;-11.8;-77.52;52;4.4
2023-12-29;19:51:36;-8.32;-79.14;55;4.3
2023-12-31;14:47:23;-6.4;-76.93;142;4
2023-12-31;17:08:36;-9.67;-75.63;125;4
2024-01-01;07:06:07;-10.69;-78.54;35;4.2
2024-01-04;13:46:24;-5.83;-81.03;32;4.8
2024-01-04;17:42:39;-12.14;-77.3;58;4
2024-01-05;00:55:41;-15.57;-74.35;92;4.5
2024-01-05;07:29:55;-8.62;-74.53;158;4.4
2024-01-06;10:31:12;-14.65;-70.75;215;4.4
2024-01-07;08:35:33;-18.35;-69.44;150;5.2
2024-01-07;15:08:25;-3.69;-80.88;20;4.4
2024-01-08;04:19:29;-5.13;-79.98;86;4
2024-01-08;23:43:45;-10.19;-75.67;10;4.1
2024-01-09;01:05:04;-8.02;-79.88;32;5.2
2024-01-09;09:15:20;-5.54;-80.74;50;4
2024-01-09;14:16:09;-13.81;-74.23;93;4.1
2024-01-10;00:38:15;-14.37;-73.97;98;4.1
2024-01-10;09:16:11;-10.96;-74.94;30;4.2
2024-01-10;22:33:04;-15.8;-72.06;140;4
2024-01-10;23:54:43;-5.88;-76.7;130;5.2
2024-01-12;06:55:15;-15;-72.35;114;4
2024-01-12;13:00:48;-17.05;-72.8;60;5.7
2024-01-13;05:25:45;-10.04;-75.12;133;4.3
2024-01-16;06:36:50;-4.07;-77.66;23;4.4
2024-01-16;14:43:48;-13.36;-74.63;101;4
2024-01-19;12:19:12;-15.5;-71.85;151;4.5
2024-01-20;21:30:51;-7.27;-71.58;611;6.5
2024-01-21;09:43:14;-15.46;-70.59;221;4
2024-01-22;17:21:56;-5.41;-77.71;131;4.2
2024-01-22;18:34:38;-16.08;-72.87;96;4
2024-01-23;12:51:50;-16.92;-69.91;154;4.3
2024-01-23;17:17:20;-7.17;-80.01;36;4.2
2024-01-23;21:35:57;-14.67;-76.1;22;4.9
2024-01-25;11:19:13;-18.22;-71.29;30;4
2024-01-25;19:15:19;-10.92;-73.97;109;4.5
2024-01-27;10:08:23;-16.38;-74.04;37;4.4
2024-01-28;05:18:58;-4.21;-80.41;38;4.5
2024-01-28;09:38:50;-8.17;-71.26;684;6.2
2024-01-29;22:04:56;-11.86;-76.86;92;4.2
2024-01-30;17:43:17;-8.49;-74.71;152;4.5
2024-01-30;20:44:49;-3.05;-77.77;37;4.1
2024-01-31;01:11:38;-15.5;-71.64;151;4.3
2024-01-31;12:14:22;-11.37;-73.39;29;4.2
2024-02-01;00:07:30;-4.97;-78.21;128;4.2
2024-02-01;13:59:38;-16.71;-71.24;129;4
2024-02-02;05:31:11;-18.44;-69.98;121;4.3
2024-02-02;13:24:57;-11.15;-74.56;14;4.5
2024-02-02;20:46:51;-4.05;-80.59;46;4
2024-02-03;02:36:37;-4.2;-77.74;20;4
2024-02-03;08:17:52;-17.37;-72.64;20;4
2024-02-03;23:30:51;-8.11;-80.1;49;5.2
2024-02-04;04:02:42;-19.67;-70.07;111;5
2024-02-04;05:30:04;-10.94;-76.45;123;4.3
2024-02-04;16:29:51;-16.28;-72.59;105;4.1
2024-02-04;20:17:16;-17.38;-72.65;20;4
2024-02-05;17:42:29;-10.44;-75.18;35;4
2024-02-05;19:09:43;-8.74;-74.35;150;4
2024-02-06;03:05:21;-13.93;-76.08;50;4.2
2024-02-06;11:05:16;-15.66;-74.56;64;4.5
2024-02-07;01:08:41;-7.78;-80.26;38;4
2024-02-07;01:31:59;-15.83;-71.75;12;4
2024-02-09;18:21:09;-6.49;-75.16;135;4
2024-02-09;20:52:16;-16.12;-72.79;95;4
2024-02-09;22:17:02;-18;-73.25;17;4.6
2024-02-10;03:21:28;-14.16;-73.75;100;5
2024-02-11;06:53:05;-15.83;-75.42;28;4
2024-02-11;18:17:28;-9.73;-78.64;51;4
2024-02-11;18:38:07;-8.85;-75.97;116;4.5
2024-02-12;01:41:52;-8.36;-75.59;154;4.2
2024-02-12;01:44:40;-8.42;-75.59;154;4
2024-02-12;01:48:53;-8.53;-75.84;25;4
2024-02-12;22:25:00;-16.27;-72.07;122;4
2024-02-14;18:30:35;-11.79;-77.83;41;4
2024-02-15;20:53:35;-11.56;-77.52;57;5.4
2024-02-16;01:53:15;-4.13;-77.16;121;4.3
2024-02-16;06:27:40;-19.47;-70.91;35;4.8
2024-02-16;06:54:10;-8.27;-74.25;168;4.4
2024-02-16;20:26:25;-8.58;-75.74;110;4.2
2024-02-17;03:45:12;-4.84;-78.71;21;4
2024-02-17;06:29:23;-7.9;-74.67;161;4.2
2024-02-18;23:57:01;-14.9;-71.87;138;4.1
2024-02-19;00:10:15;-8.24;-77.87;19;4.2
2024-02-19;02:53:11;-6.44;-76.02;28;4.1
2024-02-19;06:23:20;-13.17;-75.23;123;5
2024-02-19;08:51:15;-6.43;-76.28;123;5.2
2024-02-19;16:23:17;-9.44;-79.14;35;5.5
2024-02-22;04:23:01;-14.93;-71.91;155;4.1
2024-02-22;16:13:14;-11.43;-73.34;22;4
2024-02-23;03:53:34;-3.69;-78.33;97;4
2024-02-23;09:39:00;-17.74;-69.78;170;4.3
2024-02-23;14:07:27;-8.38;-75.58;174;4.5
2024-02-23;21:09:22;-4.06;-79.92;94;4
2024-02-24;12:21:43;-15.09;-73.51;113;4.5
2024-02-25;02:04:41;-10.5;-76.2;136;4.1
2024-02-26;01:40:27;-15.8;-71.78;12;4.1
2024-02-27;02:37:12;-13.15;-75.17;91;4.1
2024-02-28;08:34:12;-11.42;-73.32;10;4
2024-02-29;09:13:02;-15.64;-74.54;62;4.1
2024-02-29;14:46:27;-10.19;-80.32;25;4.3
2024-03-01;05:51:09;-14.23;-75.86;52;4.3
2024-03-01;07:12:26;-16.84;-71.14;119;4
2024-03-02;22:44:34;-10.02;-74.73;23;4.4
2024-03-04;14:59:27;-12.07;-76.83;83;4.5
2024-03-04;22:01:32;-19.26;-69.64;68;4.5
2024-03-05;09:09:17;-8.6;-74.82;131;4.4
2024-03-07;03:24:37;-12.71;-75.87;105;4
2024-03-07;16:31:59;-13.6;-76.29;47;5.2
2024-03-08;03:15:46;-14.47;-73.56;118;4.1
2024-03-08;06:54:54;-14.68;-73.52;105;4.7
2024-03-09;10:04:47;-14.54;-72.28;105;4.3
2024-03-10;01:40:32;-17.6;-73.31;29;4
2024-03-11;06:29:15;-13.6;-76.15;65;4.7
2024-03-12;21:19:53;-16.35;-74.24;33;4.5
2024-03-12;22:04:50;-11.89;-74.55;25;4.6
2024-03-12;22:27:10;-12.14;-74.74;24;4
2024-03-12;23:23:32;-8.33;-80.21;17;4
2024-03-13;02:50:36;-15.14;-73.31;111;4.4
2024-03-13;09:30:05;-18.73;-69.66;131;5
2024-03-15;11:21:51;-8.65;-74.5;139;4
2024-03-17;00:45:18;-5.61;-80.9;42;4
2024-03-17;05:56:42;-5.43;-77.32;36;4.5
2024-03-17;15:28:10;-16.23;-75.06;18;4.5
2024-03-18;06:45:50;-10.72;-78.53;37;5
2024-03-18;23:40:55;-4.86;-76.09;112;4.3
2024-03-20;02:11:37;-14.02;-74.62;117;4
2024-03-20;08:12:29;-5.3;-81.9;36;4.1
2024-03-22;10:16:09;-15.01;-75.91;31;4.4
2024-03-23;13:35:27;-8.4;-75.02;135;4.2
2024-03-23;15:44:35;-12.56;-76.59;80;4
2024-03-23;22:35:12;-6;-79.42;21;4.7
2024-03-24;05:46:47;-5.54;-79.77;81;4.1
2024-03-25;15:40:01;-3.97;-79.94;105;4
2024-03-25;18:47:40;-5.74;-78.73;43;4.2
2024-03-26;07:16:11;-15.98;-74.01;52;4.2
2024-03-27;11:29:29;-7.22;-74.56;158;4.7
2024-03-27;14:16:14;-8.77;-72.84;145;5.1
2024-03-27;20:16:15;-8.85;-74.82;28;4.1
2024-03-28;04:05:13;-7.79;-74.48;158;5.3
2024-03-28;06:37:16;-17.76;-69.39;170;4
2024-03-28;11:01:15;-8.89;-75.65;50;5.1
2024-03-28;12:49:02;-8.96;-75.63;35;4
2024-03-28;20:04:16;-8.54;-76.01;121;4.1
2024-03-29;17:26:39;-18.24;-70.51;61;4
2024-03-30;00:39:18;-5.75;-78.72;18;4
2024-03-30;08:56:17;-3.67;-80.9;42;4.3
2024-03-31;05:07:19;-10.44;-75.64;15;4.1
2024-04-01;07:42:33;-16.16;-74.41;39;4
2024-04-01;13:23:27;-10.5;-75.66;28;4.4
2024-04-01;20:00:20;-8.61;-76.19;137;4
2024-04-02;08:38:22;-12.61;-76.81;52;4
2024-04-03;03:32:22;-10.46;-75.64;18;5
2024-04-04;23:11:28;-11.54;-77.58;46;4
2024-04-05;12:09:24;-7.57;-74.77;144;4
2024-04-05;20:07:16;-16.69;-69.44;212;4
2024-04-06;09:12:31;-17.2;-70.14;170;4
2024-04-06;20:04:30;-11.82;-75.03;110;4
2024-04-09;03:07:01;-3.96;-81.24;32;4.8
2024-04-09;16:39:41;-14.59;-72.04;124;4.5
2024-04-09;22:21:09;-15.68;-74.21;88;4.5
2024-04-10;05:16:27;-12.85;-76.75;53;4.6
2024-04-10;15:33:41;-17.44;-68.9;220;5.1
2024-04-10;19:52:24;-16.58;-73.82;29;4
2024-04-10;22:42:18;-18.11;-71.66;24;4
2024-04-11;13:59:04;-8.31;-77.72;18;4
2024-04-12;00:27:20;-7.34;-74.92;138;4.2
2024-04-12;16:09:33;-7.98;-76.39;142;4.1
2024-04-14;05:17:23;-18.4;-71.31;38;4
2024-04-14;13:56:47;-12.24;-77.37;34;4.8
2024-04-14;14:05:53;-6.41;-80.27;51;4.2
2024-04-15;04:13:13;-14.5;-76.17;21;4.5
2024-04-15;22:06:51;-5.56;-77.34;25;4
2024-04-16;05:38:11;-18.57;-70.65;37;4
2024-04-16;13:54:22;-8.73;-74.6;152;4.3
2024-04-17;01:56:55;-13.6;-71.74;15;4
2024-04-20;14:47:36;-8.96;-75.97;15;4
2024-04-21;14:18:10;-5.18;-81;52;4.1
2024-04-21;18:58:36;-8.68;-75.67;121;4.1
2024-04-21;22:15:58;-14.95;-72.89;104;4
2024-04-21;23:22:34;-3.77;-81.68;15;4.6
2024-04-22;19:38:04;-18.03;-71.49;36;4.1
2024-04-22;22:47:02;-15.91;-74.16;70;4
2024-04-23;12:25:46;-16.1;-74.05;40;4.2
2024-04-23;17:13:47;-4.59;-81.94;36;4.1
2024-04-25;03:33:54;-7.67;-74.63;160;4
2024-04-25;23:03:14;-18.53;-71.2;20;4
2024-04-26;05:07:35;-14.91;-71.76;138;4.2
2024-04-28;19:55:42;-9.33;-79.25;37;4
2024-04-29;14:49:38;-19.27;-69.54;120;4
2024-04-30;10:09:10;-13.55;-71.66;10;4.4
2024-05-01;10:58:30;-10.34;-75.44;15;4.1
2024-05-02;02:16:09;-13.64;-72.65;18;4.8
2024-05-03;06:02:46;-9.27;-75.66;25;4
2024-05-03;14:19:27;-3.76;-80.32;48;4.2
2024-05-03;14:35:03;-9.16;-75.65;18;4
2024-05-03;19:34:03;-9.17;-75.64;19;4.2
2024-05-04;04:00:31;-4.54;-76.63;95;5.2
2024-05-04;08:29:03;-15.68;-70.32;225;4.2
2024-05-05;04:16:37;-8.77;-76.28;20;4
2024-05-05;04:38:15;-13.63;-71.67;9;4.7
2024-05-05;06:04:22;-10.34;-75.46;14;4.2
2024-05-05;08:18:19;-13.64;-76.66;44;4.1
2024-05-05;09:27:09;-5.82;-75.2;184;4.7
2024-05-05;09:32:39;-12.2;-77.87;36;4.6
2024-05-06;10:11:39;-3.51;-77.54;67;4.2
2024-05-07;08:19:27;-10.74;-74.92;25;4.5
2024-05-07;21:44:27;-10.84;-73.7;110;4.2
2024-05-07;22:22:47;-4.4;-81.79;36;4.6
2024-05-08;06:17:00;-15.35;-75.37;40;4.1
2024-05-08;06:41:26;-9.81;-80.02;38;4.1
2024-05-09;13:40:44;-17.85;-69.83;145;4.2
2024-05-10;01:33:40;-15.7;-73.93;92;4.2
2024-05-10;01:39:52;-8.18;-75.21;135;4.1
2024-05-10;12:34:48;-8.81;-75.66;138;5
2024-05-11;02:39:46;-15.58;-74.82;45;4
2024-05-12;14:54:34;-8.88;-78.51;87;4.1
2024-05-12;19:11:56;-10.78;-73.87;23;4.8
2024-05-12;19:58:01;-11.47;-75.81;18;4
2024-05-13;00:05:00;-4.09;-77.89;23;4
2024-05-13;14:13:11;-9.92;-74.78;28;4.8
2024-05-14;03:00:33;-4.51;-77.68;20;4.2
2024-05-14;16:39:55;-2.63;-77.87;105;4.5
2024-05-16;02:39:09;-14.5;-76.32;24;4.4
2024-05-16;03:30:22;-15.23;-76.7;25;4
2024-05-16;04:59:37;-14.27;-76.18;45;4.6
2024-05-16;05:02:47;-14.54;-76.33;11;4.3
2024-05-16;05:13:50;-14.51;-76.28;21;5.6
2024-05-16;05:55:39;-14.49;-76.31;25;4
2024-05-16;14:08:53;-9.38;-79.04;39;4
2024-05-18;11:46:40;-14.33;-76.25;23;4.9
2024-05-20;17:23:43;-14.48;-73.63;95;4.6
2024-05-20;23:53:48;-15.02;-70.38;260;5
2024-05-21;02:43:09;-3.74;-79.89;104;5.5
2024-05-22;03:00:42;-9.2;-77.51;22;4
2024-05-22;16:38:52;-15.49;-70.26;235;4
2024-05-23;00:49:33;-7.37;-79.97;42;4
2024-05-24;05:28:32;-14.93;-74.73;87;4
2024-05-24;09:58:47;-9.91;-74.82;22;5
2024-05-28;14:44:41;-14.42;-76.34;27;4.2
2024-05-29;19:34:43;-18.57;-71.57;30;4.1
2024-06-01;14:16:45;-13.24;-74.41;23;4
2024-06-02;20:29:40;-9.04;-79.17;45;4
2024-06-04;01:17:10;-8.84;-75.9;18;4
2024-06-04;22:07:39;-15.3;-73.15;120;4
2024-06-05;17:14:28;-16.81;-71.78;93;4
2024-06-06;13:10:25;-6.1;-76.42;14;4
2024-06-07;05:47:34;-18.35;-70.77;42;4.2
2024-06-08;11:38:19;-7.03;-77.06;29;4.2
2024-06-08;12:06:46;-8.33;-80.15;24;4.7
2024-06-10;12:51:29;-7.13;-76.25;124;4.1
2024-06-11;07:34:17;-9.21;-79.39;28;4.4
2024-06-12;20:18:21;-14.99;-71.94;120;4.5
2024-06-13;20:56:18;-18.03;-69.79;148;4
2024-06-13;22:46:49;-8.77;-76.24;17;5.2
2024-06-14;09:27:18;-19.17;-70.7;35;4
2024-06-15;09:53:26;-11.02;-79.44;23;4
2024-06-16;14:47:30;-16.09;-74.53;25;6.3
2024-06-17;02:23:38;-16.01;-74.51;36;4.8
2024-06-17;02:39:32;-16.02;-74.54;35;4.2
2024-06-18;02:22:10;-3.95;-77.01;126;5.8
2024-06-18;15:47:40;-17.06;-70.95;110;4.4
2024-06-19;00:48:13;-13.27;-76.49;58;5
2024-06-19;19:10:11;-15.86;-74.79;45;4.1
2024-06-19;22:15:03;-4.14;-77.49;107;4.4
2024-06-20;06:33:20;-7.7;-75.64;110;4.2
2024-06-20;13:50:06;-7.11;-76.34;129;4
2024-06-21;14:41:03;-14.36;-74.29;107;4
2024-06-22;02:02:54;-8.8;-76.26;13;4.1
2024-06-22;07:26:36;-16.01;-74.6;36;5
2024-06-22;20:46:43;-16.02;-74.6;38;5.7
2024-06-24;02:18:09;-15.59;-71.56;8;4
2024-06-25;05:21:00;-15.96;-74.45;27;4
2024-06-25;06:22:34;-14.55;-75.67;53;4.1
2024-06-26;07:16:04;-6.55;-76.65;48;4.9
2024-06-27;22:14:50;-15.74;-75.43;20;4
2024-06-27;23:18:59;-13.85;-75.93;61;4.1
2024-06-28;05:36:27;-16.11;-74.72;42;7
2024-06-28;06:10:06;-16.01;-74.84;35;4.2
2024-06-28;06:26:56;-16;-74.62;38;4
2024-06-28;07:05:23;-15.94;-74.66;34;4.6
2024-06-28;07:26:39;-16;-74.72;27;4.4
2024-06-28;12:07:18;-15.79;-74.74;35;4.3
2024-06-28;12:09:08;-4.18;-78.21;35;4.2
2024-06-28;13:26:39;-16.05;-74.7;35;4.4
2024-06-29;00:22:06;-15.8;-74.6;30;4
2024-06-29;06:46:40;-15.88;-74.64;31;4.2
2024-06-29;07:05:31;-16.2;-74.59;20;6.4
2024-06-29;07:22:44;-16.12;-74.65;18;5.2
2024-06-29;09:08:30;-16.05;-74.66;22;4.5
2024-06-29;09:54:43;-15.98;-74.59;24;4.3
2024-06-29;09:58:03;-16.01;-74.67;32;4.5
2024-06-29;10:09:08;-16.05;-74.45;25;4.2
2024-06-29;11:18:54;-16;-74.35;30;4.1
2024-06-29;12:24:43;-15.81;-74.86;34;4.7
2024-06-30;20:47:37;-8.22;-74.67;142;4.5
2024-06-30;22:56:24;-10.81;-78.32;34;4.1
2024-07-01;09:23:48;-15.92;-75.24;15;4.1
2024-07-01;12:36:47;-15.85;-74.55;28;4
2024-07-01;14:13:03;-9.41;-79.06;33;4
2024-07-02;02:45:55;-15.77;-74.6;35;4.6
2024-07-02;03:46:11;-8.78;-74.97;126;4.5
2024-07-04;19:33:26;-16;-74.74;20;4.5
2024-07-04;21:56:40;-14.84;-76.12;26;4.6
2024-07-05;02:23:59;-14.87;-76.12;23;4.5
2024-07-05;11:27:13;-11;-76.28;20;4.4
2024-07-05;18:06:23;-16.65;-73.54;19;4.5
2024-07-06;04:00:53;-15.81;-73.12;98;4.7
2024-07-06;20:11:05;-15.67;-75.18;35;4.2
2024-07-07;02:57:45;-11.65;-73.82;15;4
2024-07-07;09:58:00;-16.06;-74.53;30;4.2
2024-07-08;14:03:29;-16.12;-74.96;36;5.2
2024-07-08;14:07:44;-15.97;-74.8;29;4.6
2024-07-08;18:22:30;-16.1;-74.85;26;4.1
2024-07-08;19:33:24;-16.22;-74.98;32;5.5
2024-07-08;23:15:35;-16.11;-75.06;25;4
2024-07-09;00:10:12;-16.15;-74.99;31;4.5
2024-07-09;02:06:40;-16.05;-75.21;26;4.2
2024-07-09;07:38:40;-16.1;-75.03;23;4.3
2024-07-10;03:03:15;-15.94;-74.44;24;4.3
2024-07-10;12:22:22;-14.29;-74.5;94;4.4
2024-07-10;18:46:13;-5.69;-77.54;18;4
2024-07-10;20:59:04;-5.97;-81.57;33;4.2
2024-07-11;02:55:17;-8.67;-74.66;167;5.1
2024-07-11;17:55:26;-15.86;-74.59;40;4.8
2024-07-12;09:30:32;-15.74;-74.81;31;6
2024-07-12;16:24:27;-14.66;-73.76;110;4
2024-07-12;17:23:07;-8.22;-79.73;43;4
2024-07-12;18:19:03;-17.66;-69.9;170;5.5
2024-07-12;18:54:54;-16.21;-75.01;20;4.8
2024-07-12;20:45:11;-13.28;-76.44;60;4
2024-07-13;03:35:36;-16.29;-74.99;30;4.8
2024-07-13;05:08:41;-9.34;-79.25;25;4.4
2024-07-13;14:02:32;-15.73;-74.93;38;4.1
2024-07-13;21:48:44;-12.39;-73.03;15;4.7
2024-07-14;01:13:23;-17.49;-69.36;148;4.1
2024-07-14;01:45:23;-15.72;-70.81;14;4
2024-07-14;08:22:52;-16.03;-74.52;29;4.2
2024-07-15;16:41:22;-14.91;-75.78;15;4
2024-07-16;16:57:49;-13.93;-76.02;49;4
2024-07-16;23:13:01;-15.92;-74.45;31;4
2024-07-18;12:10:26;-11.4;-73.29;21;4.3
2024-07-19;06:54:08;-15.78;-74.93;31;4.1
2024-07-19;13:54:25;-13.72;-75.94;69;4.3
2024-07-21;02:53:43;-18.03;-70.14;105;4
2024-07-21;23:56:18;-4.92;-78.81;18;4.3
2024-07-23;17:34:55;-12.58;-76.86;50;4.8
2024-07-24;10:40:17;-14.31;-76.47;34;5
2024-07-25;05:44:13;-3.13;-76.69;130;5.2
2024-07-26;19:26:22;-14.11;-74;53;4
2024-07-27;20:13:50;-14.77;-75.6;65;4.4
2024-07-28;06:04:29;-3.23;-80.25;57;4.5
2024-07-29;18:39:28;-16.16;-74.37;25;4
2024-07-29;18:54:37;-16.19;-74.4;28;4.1
2024-07-30;23:00:24;-9.04;-75.68;134;4.6
2024-07-31;03:34:30;-15.23;-73.96;95;4
2024-07-31;14:05:03;-10.11;-75.6;18;4.3
2024-08-03;02:00:52;-16.12;-74.75;21;4.3
2024-08-03;15:14:04;-3.77;-75.85;110;4.4
2024-08-04;06:57:03;-3.75;-78.53;102;4.7
2024-08-04;16:50:38;-16.31;-73.41;41;4.4
2024-08-05;05:00:34;-9.09;-75.14;130;4
2024-08-06;11:33:43;-17.12;-70.37;128;4.1
2024-08-06;13:15:15;-8.71;-79.68;24;4.8
2024-08-07;22:18:43;-15.49;-75.01;65;4.1
2024-08-08;18:59:48;-10.48;-74.7;124;4.6
2024-08-11;08:11:55;-7.48;-74.76;134;4
2024-08-11;13:33:24;-16.67;-72.44;63;4.4
2024-08-12;19:09:36;-15.2;-72.53;134;4.2
2024-08-12;20:12:55;-12.06;-74.32;143;4.8
2024-08-12;22:36:27;-14.29;-73.93;99;4
2024-08-13;06:36:17;-13.5;-71.76;15;4.2
2024-08-13;20:22:10;-16.09;-74.52;36;4.1
2024-08-14;02:55:25;-16.1;-75.25;15;5.4
2024-08-14;08:51:02;-16.07;-75.18;16;4
2024-08-14;21:09:32;-9.57;-76.1;15;4.3
2024-08-17;03:09:39;-9.4;-75.23;135;4
2024-08-17;08:04:02;-11.51;-77.87;70;4.2
2024-08-17;11:36:23;-18.33;-71.13;26;4.3
2024-08-18;02:47:55;-15.14;-74.36;96;4.5
2024-08-18;04:10:17;-8.83;-74.7;143;4.8
2024-08-18;13:50:03;-4.01;-76.86;132;4.1
2024-08-18;22:24:21;-8.19;-74.41;157;4
2024-08-19;12:42:59;-7.41;-80.23;29;4
2024-08-21;02:43:33;-16.14;-72.8;95;4.1
2024-08-21;10:25:13;-14.81;-73.7;115;4.2
2024-08-21;19:05:23;-14.31;-73.21;91;4.3
2024-08-22;04:22:14;-13.37;-76.22;69;4
2024-08-23;11:57:54;-15.91;-74.44;33;4.1
2024-08-23;22:22:39;-16.74;-72.39;40;4.2
2024-08-26;04:34:01;-16;-74.59;22;4
2024-08-26;21:48:05;-15.97;-75.32;25;4
2024-08-27;01:33:39;-8.55;-76.45;19;4.5
2024-08-27;03:23:57;-7.12;-74.44;202;4.6
2024-08-27;09:55:11;-8.44;-80.08;38;4
2024-08-28;16:43:06;-4.47;-80.34;59;4
2024-08-31;20:58:52;-13.63;-74.24;18;4
2024-09-01;21:21:52;-6.77;-74.18;130;4.2
2024-09-03;09:18:49;-9.69;-74.21;140;4
2024-09-03;10:08:35;-14.34;-75.75;53;4.2
2024-09-04;01:37:17;-18.63;-70.77;42;4.4
2024-09-04;10:34:26;-9.69;-78.95;35;4.4
2024-09-04;21:30:07;-8.03;-74.53;154;4.1
2024-09-05;10:38:26;-19.73;-68.27;211;5.7
2024-09-05;14:58:27;-4.32;-80.4;50;4.2
2024-09-06;04:18:20;-8.35;-75.08;144;4
2024-09-08;21:15:51;-8.72;-76.16;29;4
2024-09-09;01:44:51;-16.11;-73.45;73;4
2024-09-11;00:19:59;-18.22;-69.66;120;4.6
2024-09-12;23:27:13;-8.13;-78.11;18;4.6
2024-09-13;15:15:08;-13.61;-74.86;109;5
2024-09-15;05:09:30;-16.88;-73;46;4
2024-09-15;11:29:21;-8.65;-74.94;141;4.4
2024-09-15;12:57:18;-15.62;-70.17;229;4
2024-09-16;05:08:53;-16.16;-75.06;29;4.4
2024-09-17;08:55:28;-10.29;-75.68;21;4.2
2024-09-17;09:00:30;-11.09;-73.44;102;4.1
2024-09-19;14:49:36;-11.22;-73.31;18;4
2024-09-19;17:11:30;-9.25;-75.3;138;4.4
2024-09-20;02:10:25;-3.69;-80.05;79;4
2024-09-20;02:17:59;-14.44;-74.54;98;4.2
2024-09-20;08:04:01;-15;-75.74;51;4.4
2024-09-22;03:10:20;-12.9;-77;42;4
2024-09-23;10:21:18;-12.91;-74.03;17;4.2
2024-09-24;07:52:41;-8.98;-79.43;31;4
2024-09-24;09:26:49;-5.76;-76.88;29;4
2024-09-25;15:28:38;-8.54;-79.95;32;4.1
2024-09-26;10:07:17;-16.66;-72.14;89;4.5
2024-09-26;12:05:14;-17.46;-70.85;12;4
2024-09-26;18:49:07;-15.06;-75.75;42;4.2
2024-09-28;15:41:45;-6.07;-76.48;31;4
2024-09-28;17:40:10;-6.08;-76.42;18;4.4
2024-09-29;07:02:30;-15.81;-74.32;35;4.2
2024-09-29;08:04:03;-3.77;-80.26;70;4
2024-09-30;11:36:46;-12.32;-76.23;96;4
2024-09-30;17:01:23;-9.79;-75.16;130;4
2024-10-01;07:23:08;-2.77;-81.23;40;4.3
2024-10-01;09:07:30;-2.81;-81.29;26;4.3
2024-10-01;09:17:10;-2.77;-81.24;32;4.1
2024-10-01;14:53:53;-14.49;-73.74;116;4.3
2024-10-02;01:40:28;-4.89;-80.88;36;4
2024-10-02;08:09:43;-11.84;-76.26;121;4.1
2024-10-02;18:13:20;-9.99;-78.96;40;4
2024-10-03;02:54:47;-11.23;-74.34;110;4
2024-10-03;07:29:35;-15.36;-71.84;148;4.4
2024-10-03;11:03:37;-11.01;-76.55;126;4
2024-10-03;13:21:42;-10.38;-75.51;17;4.5
2024-10-06;19:14:20;-15.98;-74.58;36;4.8
2024-10-08;04:21:51;-14.31;-72.85;92;4.2
2024-10-09;07:07:07;-15.52;-74.78;48;4
2024-10-09;19:00:01;-12.89;-73.95;85;4
2024-10-10;08:39:26;-9.45;-75.83;20;4
2024-10-12;08:55:00;-15.37;-73.12;102;4
2024-10-15;01:07:43;-16.62;-72.52;66;4.3
2024-10-15;04:03:42;-8.81;-74.62;148;4.4
2024-10-15;07:40:07;-15.15;-73.52;102;4.1
2024-10-15;13:49:01;-10.07;-78.92;32;4.1
2024-10-15;14:13:55;-3.95;-80.62;44;4.1
2024-10-15;15:53:09;-10.77;-78.22;58;4.5
2024-10-16;12:54:54;-2.35;-77.01;156;4.2
2024-10-16;13:52:32;-16.03;-74.67;27;4
2024-10-17;19:27:03;-10.7;-78.46;39;4
2024-10-19;06:50:10;-9.79;-80.3;26;4.3
2024-10-20;20:20:38;-17.84;-69.64;148;4.1
2024-10-21;04:08:26;-8.8;-74.73;120;4
2024-10-21;20:19:10;-9.98;-79.04;25;4
2024-10-22;15:03:59;-8.47;-75.6;39;4
2024-10-22;17:23:32;-12.7;-77.36;24;4
2024-10-22;17:49:59;-11.34;-74.47;28;4.5
2024-10-23;18:20:34;-14.32;-75.9;72;4.1
2024-10-24;18:40:49;-11.3;-73.3;21;4.4
2024-10-24;19:23:14;-17.66;-70.72;117;4.8
2024-10-27;09:36:54;-14.84;-75.31;40;4.2
2024-10-27;11:35:03;-7.21;-76.81;26;4.1
2024-10-27;18:06:58;-16.07;-71.58;143;4
2024-10-28;08:07:37;-8.68;-74.48;159;4
2024-10-29;15:45:31;-16.87;-73.34;30;4
2024-10-31;05:21:47;-14.93;-71.95;133;4.3
2024-11-02;04:53:56;-4.88;-80.9;35;4
2024-11-03;21:18:39;-19.17;-67.68;258;4.8
2024-11-04;15:03:51;-17.61;-69.69;171;4.1
2024-11-05;17:00:10;-15.58;-75.14;32;4.6
2024-11-05;19:39:42;-13.15;-75.71;139;6
2024-11-06;22:16:22;-9;-80.11;18;4.1
2024-11-06;22:31:47;-15.67;-74.18;60;4.3
2024-11-07;00:38:05;-15.15;-74.22;85;4.5
2024-11-07;06:24:37;-14.85;-75.34;38;5.5
2024-11-07;12:03:38;-5.09;-76.41;110;4.3
2024-11-07;21:36:11;-17.53;-69.99;158;4
2024-11-09;01:17:18;-11.7;-77.63;49;4.5
2024-11-10;06:44:28;-4.29;-75.62;110;4.1
2024-11-10;21:10:00;-12.67;-75.61;104;4.1
2024-11-10;22:43:24;-16.49;-72.66;42;4
2024-11-11;15:07:07;-14.02;-76.19;52;4.2
2024-11-16;13:30:36;-8.31;-75.6;110;4.1
2024-11-16;16:09:28;-14.2;-75.2;98;4
2024-11-18;13:04:47;-16.79;-72.68;59;4.8
2024-11-20;01:53:45;-4.39;-80.85;45;4
2024-11-20;05:25:59;-8.35;-76.07;150;4
2024-11-20;19:48:27;-4.98;-81.21;27;4.5
2024-11-20;22:53:32;-13.61;-77.09;32;4.5
2024-11-21;19:44:44;-14.8;-71.91;138;4
2024-11-22;02:30:27;-17.68;-69.72;165;4.6
2024-11-22;02:40:05;-7.95;-76.3;128;4.1
2024-11-22;09:24:07;-10.27;-75.64;15;4.6
2024-11-23;10:23:50;-8.89;-74.84;146;4
2024-11-23;19:25:42;-6.13;-80.73;35;4
2024-11-24;09:53:28;-9.7;-78.93;39;4
2024-11-24;19:56:01;-9.15;-78.93;65;4.2
2024-11-25;19:30:08;-5.51;-80.61;48;4
2024-11-26;00:21:49;-9;-75.19;126;4.3
2024-11-26;06:31:30;-16.28;-74.43;23;4.3
2024-11-27;00:05:36;-11.31;-74.87;126;4.6
2024-11-28;06:46:38;-9.96;-78.86;26;4.6
2024-11-30;00:35:58;-8.91;-81.41;38;5.1
2024-11-30;18:34:54;-18.42;-69.73;129;4.8
2024-12-01;22:45:40;-5;-81.78;27;4.1
2024-12-02;15:02:47;-15.14;-73.9;112;4
2024-12-05;08:35:32;-15.72;-71.37;159;4
2024-12-05;10:41:23;-18.46;-71.4;22;4.2
2024-12-05;18:05:55;-2.35;-79.93;131;4.8
2024-12-05;18:52:08;-15.4;-74.82;65;4
2024-12-06;01:29:23;-14.27;-75.82;58;4
2024-12-06;09:02:24;-4.93;-77.71;57;4.1
2024-12-06;14:17:43;-15.17;-73.1;115;4
2024-12-06;17:09:20;-14.25;-76.03;65;4.1
2024-12-07;10:16:46;-8.41;-80.13;34;4.7
2024-12-07;13:24:18;-12.36;-73.26;15;5
2024-12-07;17:53:45;-9.42;-79.19;50;4.2
2024-12-08;14:58:34;-11.18;-73.28;25;4.2
2024-12-09;12:51:55;-5.72;-79.51;98;4
2024-12-10;14:19:23;-16.81;-71.35;116;4.3
2024-12-10;21:12:38;-15.61;-74.5;40;4.4
2024-12-11;11:12:44;-8.48;-75.13;128;4
2024-12-12;10:43:03;-15.8;-75.18;23;4
2024-12-12;13:21:26;-17.84;-70.22;113;4
2024-12-12;13:53:43;-15.83;-75.35;22;4
2024-12-12;18:44:12;-8.64;-79.92;24;4.1
2024-12-13;05:16:24;-3.74;-80.28;53;4.4
2024-12-15;14:33:49;-14.25;-73.01;98;4.4
2024-12-17;09:02:19;-16.72;-73;46;4
2024-12-17;22:02:05;-13.47;-75.89;90;4
2024-12-18;04:09:35;-18.61;-70.12;36;5
2024-12-18;13:33:51;-8.02;-77.82;148;4
2024-12-19;13:37:43;-15.12;-73.14;111;4.4
2024-12-19;21:35:14;-18.24;-71.26;32;4
2024-12-21;21:25:32;-15.26;-75.11;57;5.1
2024-12-22;21:34:17;-7.25;-76.3;127;4
2024-12-22;21:38:35;-10.42;-77.76;98;4.8
2024-12-22;23:17:50;-9.33;-78.93;67;4.4
2024-12-24;15:12:11;-3.9;-77.77;42;4
2024-12-26;17:12:18;-18.56;-71.42;24;4.2
2024-12-27;05:20:21;-13.94;-76.03;38;4
2024-12-27;06:39:22;-11.72;-75.87;118;4.2
2024-12-28;18:21:48;-14.9;-75.45;49;4
2024-12-29;09:16:13;-8.48;-80.04;16;4.3
2024-12-30;00:35:08;-6.96;-80.6;34;4.1
2024-12-30;09:51:12;-16.18;-73.49;50;4
2024-12-31;02:57:21;-15.86;-75.56;25;4.6
2024-12-31;06:37:24;-12.89;-74;18;4.1
2024-12-31;19:07:16;-4.89;-80.81;35;4
2025-01-01;17:08:29;-4.86;-80.86;32;4
2025-01-01;18:32:01;-13.34;-75.01;94;4.4
2025-01-02;04:36:08;-13.7;-71.86;17;3.6
2025-01-02;19:08:14;-15.05;-76.29;27;4
2025-01-03;01:02:48;-15.37;-76.07;27;4.4
2025-01-04;00:32:51;-11.41;-77.65;45;3.5
2025-01-04;04:59:47;-16.84;-69.7;190;4
2025-01-05;08:19:52;-4.18;-80.41;51;4
2025-01-05;08:48:16;-14.9;-73.61;126;4.1
2025-01-05;09:56:49;-11.9;-77.5;42;3.6
2025-01-05;16:31:08;-5.97;-76.64;14;3.8
2025-01-06;08:54:49;-15.21;-75.89;22;4
2025-01-06;13:50:51;-10.98;-75.3;13;3.7
2025-01-06;21:18:51;-9.92;-80.08;28;4.6
2025-01-07;03:37:32;-2.32;-77.7;151;5
2025-01-07;07:19:38;-4.56;-80.8;40;3.8
2025-01-07;19:42:11;-8.32;-76.48;20;3.6
2025-01-08;02:52:25;-8.83;-74.81;113;4
2025-01-08;12:02:55;-17.15;-70.67;20;3.6
2025-01-08;17:41:29;-8.71;-80.27;21;4.1
2025-01-08;17:41:58;-15.69;-71.99;11;3.7
2025-01-08;18:03:15;-15.63;-72.02;17;3.4
2025-01-08;20:00:03;-6.49;-81.62;27;4.3
2025-01-10;06:18:15;-12.56;-76.88;44;3.6
2025-01-11;11:53:57;-11.16;-76.95;98;4.1
2025-01-11;14:45:39;-5.93;-81.28;35;3.9
2025-01-11;19:25:39;-9.06;-78.71;67;3.5
2025-01-12;08:38:38;-8.71;-74.77;136;4
2025-01-12;16:35:04;-17.58;-70.92;65;4.3
2025-01-12;18:47:52;-16.55;-71.61;20;3.4
2025-01-12;22:25:03;-8.13;-78.09;24;3.7
2025-01-13;02:20:52;-2.29;-79.87;110;5
2025-01-14;00:23:28;-20.25;-69.26;98;4.8
2025-01-14;09:15:57;-9.71;-79.11;34;4
2025-01-14;20:01:10;-16.13;-73.47;49;4.3
2025-01-15;02:54:21;-3.76;-80.41;37;3.7
2025-01-15;07:09:10;-15.82;-74.66;37;3.8
2025-01-15;13:35:23;-16.74;-71.55;15;3.5
2025-01-17;08:58:30;-3.53;-80.6;18;3.9
2025-01-17;12:54:34;-3.54;-80.76;16;4.1
2025-01-17;20:39:40;-17.74;-69.92;172;4
2025-01-18;02:18:59;-16.63;-69.3;220;4
2025-01-18;09:09:15;-11.91;-74.95;11;3.5
2025-01-18;14:14:44;-16.32;-74.51;18;4.7
2025-01-18;15:57:39;-9.39;-79.19;48;3.7
2025-01-19;07:16:37;-13.58;-72.87;10;3.5
2025-01-19;08:41:30;-11.41;-77.55;73;3.5
2025-01-20;01:52:54;-13.8;-73.09;12;3.5
2025-01-20;03:53:29;-10.89;-73.75;128;4.3
2025-01-21;01:46:09;-3.79;-80.58;30;3.8
2025-01-21;02:38:58;-14.81;-76.16;30;3.7
2025-01-21;07:21:47;-11.95;-75.04;13;3.5
2025-01-21;08:51:21;-4.88;-76.49;111;4.3
2025-01-21;10:45:11;-9.6;-78.43;52;3.6
2025-01-22;17:37:33;-11.86;-78.59;28;3.8
2025-01-23;13:54:49;-9.81;-78.79;45;4.2
2025-01-23;16:17:25;-17.62;-71.88;40;3.7
2025-01-24;10:39:04;-12.7;-76.92;42;3.7
2025-01-24;16:19:05;-18.26;-69.6;135;4.9
2025-01-24;22:52:16;-5.63;-78.82;26;3.5
2025-01-25;09:14:52;-17.78;-69.79;138;4
2025-01-26;01:54:31;-12.49;-76.66;61;3.5
2025-01-26;15:32:44;-14.7;-76.31;32;4
2025-01-27;01:20:48;-12.78;-77.29;34;3.7
2025-01-27;08:33:34;-9.76;-78.71;45;3.5
2025-01-27;15:28:35;-11.66;-77.49;49;3.7
2025-01-27;17:40:12;-10.69;-78.71;38;4.1
2025-01-27;23:51:50;-8;-78.09;11;3.8
2025-01-28;02:54:46;-14.98;-71.69;148;4
2025-01-28;05:09:28;-14.47;-76.43;18;5.1
2025-01-28;07:40:29;-12.94;-76.69;58;3.9
2025-01-29;04:11:21;-11.41;-74.8;114;4.8
2025-01-29;10:48:52;-3.84;-80.5;40;3.8
2025-01-31;17:15:08;-13.83;-71.9;34;3.5
2025-01-31;19:09:44;-10.67;-75.43;16;4.3
2025-02-01;03:49:33;-11.63;-77.36;55;3.5
2025-02-01;08:00:14;-9.14;-75.69;27;3.6
2025-02-01;09:03:27;-12.44;-77.13;46;3.8
2025-02-01;20:27:24;-18.26;-69.88;124;4.4
2025-02-02;06:47:03;-6.26;-80.13;58;3.9
2025-02-02;13:03:23;-9.64;-75.72;14;3.8
2025-02-03;11:01:42;-12.75;-77.21;28;3.5
2025-02-04;02:26:35;-3.23;-80.64;43;4
2025-02-04;07:45:11;-3.68;-79.94;91;5.1
2025-02-04;09:12:02;-5.83;-77.27;35;4
2025-02-04;14:01:03;-9.04;-74.94;141;4.7
2025-02-04;14:53:29;-15.23;-74.64;85;4.6
2025-02-04;19:26:54;-15.54;-71.84;10;3.6
2025-02-05;08:54:57;-4.08;-80.86;33;4.2
2025-02-05;14:59:23;-4.11;-80.82;18;3.5
2025-02-05;16:21:26;-15.9;-74.7;29;4.1
2025-02-06;06:00:25;-12.92;-76.34;89;4
2025-02-06;06:02:58;-18.28;-69.97;129;3.9
2025-02-06;08:52:06;-13.26;-76.85;46;3.8
2025-02-06;19:26:24;-2.09;-77.56;151;4.2
2025-02-06;21:53:36;-5.74;-78.72;32;3.8
2025-02-07;06:28:12;-15.61;-70.73;201;4.3
2025-02-07;07:24:44;-15.75;-69.91;193;4
2025-02-07;14:30:14;-8.5;-76.31;156;4.1
2025-02-08;10:23:45;-13.78;-71.92;17;3.5
2025-02-08;14:12:54;-4.77;-79.76;100;3.9
2025-02-08;20:42:04;-16.69;-71.33;17;3.7
2025-02-09;02:17:05;-16.31;-73.81;27;5.1
2025-02-09;05:41:59;-2.28;-77.66;166;4.2
2025-02-10;07:06:08;-2.77;-79.91;30;4.1
2025-02-11;01:44:08;-13.6;-72.65;20;3.5
2025-02-11;02:00:27;-18.36;-70.03;119;4.5
2025-02-11;18:43:07;-16.73;-70.2;18;4.2
2025-02-12;00:58:51;-2.67;-76.7;178;4.5
2025-02-12;03:26:33;-11.76;-73.02;16;4.2
2025-02-12;06:32:08;-15.69;-72.02;20;3.2
2025-02-12;07:10:44;-15.78;-71.8;9;3.6
2025-02-12;12:48:24;-11.31;-77.82;60;3.5
2025-02-13;08:58:44;-4.42;-77.72;29;3.8
2025-02-13;09:36:17;-10.16;-78.95;30;4.2
2025-02-13;15:04:07;-15.59;-74.33;68;5.3
2025-02-13;18:59:52;-7.83;-77.98;12;3.5
2025-02-14;00:51:30;-3.26;-80.3;33;3.8
2025-02-14;03:50:57;-9.81;-77.29;15;3.6
2025-02-14;05:41:20;-12.58;-76.73;53;3.7
2025-02-14;20:02:33;-12.68;-76.61;59;3.5
2025-02-14;23:20:04;-6.24;-76.68;128;4.2
2025-02-16;04:49:28;-3.66;-80.85;18;4.5
2025-02-16;21:00:56;-19.45;-69.79;78;4.7
2025-02-17;02:13:18;-11.42;-78.02;42;3.7
2025-02-17;04:30:54;-16.12;-75.12;22;5.4
2025-02-17;06:04:03;-15.97;-74.59;36;4.5
2025-02-17;13:33:16;-7.7;-75.67;122;4
2025-02-17;16:34:09;-15.87;-69.41;251;4.3
2025-02-18;09:08:46;-10.95;-77.1;110;4.9
2025-02-18;16:02:39;-15.85;-73.33;79;3.7
2025-02-18;17:00:49;-11.31;-74.76;102;5.1
2025-02-20;06:22:05;-19.7;-69.96;115;4.8
2025-02-20;08:51:07;-16.32;-73.64;36;4
2025-02-20;10:33:23;-5.41;-80.32;32;3.8
2025-02-20;19:00:07;-15.81;-71.72;10;3.6
2025-02-21;02:03:25;-11.3;-76.53;112;4.1
2025-02-21;22:52:09;-3.72;-79.04;105;4.4
2025-02-22;01:06:49;-3.95;-80.81;37;4.2
2025-02-23;06:55:49;-2.88;-75.25;120;4.2
2025-02-23;07:25:15;-1.07;-77.54;45;5.2
2025-02-25;05:40:56;-12.11;-71.63;18;4.5
2025-02-25;10:25:03;-11.24;-74.7;32;4.6
2025-02-25;13:00:46;-11.26;-74.7;28;3.5
2025-02-26;08:21:37;-15.24;-70.95;22;3.5
2025-02-27;00:42:39;-11.71;-77.4;58;3.5
2025-02-27;01:30:30;-14.27;-77.3;30;4.3
2025-02-27;04:48:47;-11.76;-77.53;69;3.6
2025-02-27;05:25:01;-6.55;-76.28;21;3.8
2025-02-27;08:05:25;-4.28;-80.58;49;4.2
2025-02-27;08:27:44;-5.74;-78.69;18;3.5
2025-02-27;11:32:16;-9.77;-78.75;38;4
2025-02-28;03:45:27;-16.67;-72.38;41;4.2
2025-02-28;14:10:40;-11.08;-78.1;38;3.7
2025-03-01;04:29:11;-11.68;-76.73;101;3.5
2025-03-02;04:35:27;-15.23;-75.79;43;3.6
2025-03-02;11:02:04;-14.29;-75.8;67;4.5
2025-03-02;12:36:43;-12.67;-76.89;37;3.6
2025-03-02;13:22:09;-15.7;-71.71;8;3.4
2025-03-02;13:58:18;-12.64;-76.78;46;3.5
2025-03-03;09:30:08;-17.07;-70.11;182;4.2
2025-03-03;12:30:50;-12.47;-77.03;50;3.5
2025-03-03;15:18:31;-12.51;-77.11;34;5
2025-03-03;17:20:15;-12.48;-77.04;39;3.5
2025-03-03;17:54:04;-17.1;-69.71;168;4.1
2025-03-03;18:11:08;-4.87;-81.46;32;3.5
2025-03-03;18:20:02;-14.29;-76.62;22;4.4
2025-03-04;13:22:02;-9.56;-76.02;135;4.3
2025-03-05;07:36:38;-7.98;-74.68;146;4.7
2025-03-05;12:10:27;-8.93;-80.16;27;4
2025-03-05;14:19:55;-14.56;-75.48;57;4
2025-03-05;14:31:37;-5.19;-79.16;13;3.5
2025-03-05;15:39:16;-16.84;-71.5;12;3.7
2025-03-06;04:02:20;-15.43;-74.05;115;4.7
2025-03-06;18:13:35;-17.97;-71.86;35;4
2025-03-07;12:17:48;-14.57;-72.15;130;5
2025-03-08;00:13:31;-17.75;-69.68;152;4.7
2025-03-08;03:47:44;-12.96;-76.7;58;3.5
2025-03-08;23:55:02;-9.82;-75.56;13;3.8
2025-03-09;03:05:46;-11.96;-75;12;3.5
2025-03-09;07:37:44;-16.04;-74.4;22;3.6
2025-03-09;08:06:32;-18.2;-70.28;113;4.8
2025-03-09;11:02:56;-18.43;-71.46;21;4
2025-03-09;11:06:41;-5.47;-77.36;10;4.1
2025-03-09;16:49:49;-12.99;-75.28;110;4.3
2025-03-11;14:07:55;-10.56;-70.83;622;5.3
2025-03-11;14:36:17;-8.66;-74.67;148;4.5
2025-03-11;22:01:19;-5.3;-80.95;43;3.5
2025-03-12;12:15:49;-8.12;-78.12;17;3.5
2025-03-12;15:14:19;-8.47;-74.34;181;4.8
2025-03-13;09:54:26;-17.6;-72.43;39;4
2025-03-14;04:04:40;-14.02;-72.92;88;4.8
2025-03-14;06:06:11;-17.81;-69.85;150;4
2025-03-16;02:20:53;-16.09;-73.3;84;4.3
2025-03-16;05:20:53;-13.72;-69.89;25;3.6
2025-03-17;07:35:03;-12.23;-77.25;53;3.8
2025-03-17;16:25:11;-5.78;-80.31;53;3.6
2025-03-17;23:05:13;-16.28;-73.2;47;4.3
2025-03-17;23:09:10;-15.55;-75.53;24;4.2
2025-03-18;02:17:01;-15.78;-74.6;28;3.9
2025-03-18;08:18:55;-8.36;-75.09;132;4.4
2025-03-18;10:50:36;-8.81;-75.76;26;4.6
2025-03-19;06:02:13;-11.79;-77.24;77;3.9
2025-03-20;14:04:23;-11.76;-77.62;46;3.7
2025-03-20;18:16:03;-16.78;-71.47;10;3.6
2025-03-20;21:40:27;-16.16;-70.52;12;3.7
2025-03-21;01:04:16;-15.77;-71.76;11;4.4
2025-03-21;16:26:17;-7.48;-79.96;29;4.1
2025-03-21;23:45:03;-5.34;-78.65;20;3.8
2025-03-22;03:31:53;-16.02;-74.41;28;3.6
2025-03-22;05:14:18;-12.13;-77.03;52;3.5
2025-03-22;07:49:37;-3.11;-80.83;52;3.9
2025-03-22;16:55:57;-10.03;-75.65;11;3.6
2025-03-23;15:32:35;-5.98;-76.65;15;4.1
2025-03-24;03:59:59;-11.96;-76.37;101;3.8
2025-03-24;23:52:45;-14.71;-75.74;72;4
2025-03-25;10:18:02;-4.71;-77.88;29;4
2025-03-25;22:55:51;-20.31;-69.35;95;5.5
2025-03-26;09:29:36;-16.29;-72.45;116;4
2025-03-26;10:06:35;-11.1;-75.14;127;4.4
2025-03-26;13:28:01;-6.04;-75.23;110;5
2025-03-26;18:39:21;-9.88;-74.99;129;4
2025-03-27;07:12:07;-16.18;-69.81;208;4.1
2025-03-27;12:48:56;-13.57;-77.08;39;4
2025-03-28;01:13:58;-5.78;-78.69;11;3.5
2025-03-28;10:45:11;-11.97;-77.33;62;3.5
2025-03-28;11:24:27;-12.27;-76.88;59;3.6
2025-03-28;14:50:51;-11.29;-73.31;16;3.6
2025-03-29;08:36:13;-4.81;-76.47;38;4
2025-03-29;13:35:11;-12.75;-73.32;12;3.7
2025-03-29;19:53:31;-13.1;-75.8;101;4
2025-03-30;05:43:18;-16.51;-72.21;34;3.6
2025-03-30;08:04:16;-12.46;-76.98;31;3.5
2025-03-31;04:50:25;-11.14;-73.93;119;4.4
2025-03-31;14:03:52;-15.75;-71.74;9;3.5
2025-03-31;16:28:57;-10.55;-75.43;11;3.5
2025-04-01;08:45:02;-5.53;-80.82;46;3.5
2025-04-03;05:16:08;-5.39;-80.93;34;3.6
2025-04-03;13:03:47;-15.18;-75.91;37;4.1
2025-04-04;01:37:05;-16.33;-72.45;108;4.5
2025-04-04;04:45:41;-11.15;-78.17;37;4.1
2025-04-04;23:59:49;-14.53;-76.31;21;4
2025-04-05;09:40:21;-13.51;-71.83;13;3.7
2025-04-05;11:39:42;-16.76;-70.61;8;3.6
2025-04-07;12:17:14;-5.22;-81.02;32;4.2
2025-04-07;15:24:02;-12.25;-76.31;111;4.4
2025-04-08;01:34:33;-9.07;-75.79;13;3.6
2025-04-08;08:43:27;-16.79;-72.67;65;4.6
2025-04-08;10:28:41;-18.04;-69.89;137;4.6
2025-04-09;03:07:32;-6.91;-76.59;129;4.1
2025-04-09;07:40:37;-5.91;-81.74;24;4.5
2025-04-09;16:18:53;-11.69;-74.37;19;3.6
2025-04-09;16:37:54;-10.86;-76.64;120;4
2025-04-10;02:55:05;-15.1;-75.77;40;4
2025-04-10;06:24:03;-6.08;-75.71;32;4.2
2025-04-10;07:38:07;-12.7;-77.08;45;3.6
2025-04-10;17:13:14;-13.62;-74.8;85;4.2
2025-04-10;19:20:28;-10.6;-75.35;22;3.8
2025-04-12;06:28:33;-9.56;-75.62;17;4.1
2025-04-12;15:52:56;-15.13;-73.28;17;3.5
2025-04-12;17:09:31;-3.63;-80.72;18;4
2025-04-13;01:58:59;-8.78;-74.91;137;4
2025-04-13;03:47:00;-12.74;-76.86;67;4
2025-04-13;08:03:29;-12.6;-76.77;34;3.5
2025-04-13;12:52:56;-4.95;-80.81;36;3.5
2025-04-13;23:51:14;-9.45;-77.62;15;3.7
2025-04-14;00:35:05;-8.18;-77.88;16;3.6
2025-04-15;05:54:56;-16.06;-74.6;35;4
2025-04-15;16:20:41;-9.92;-75.76;16;3.5
2025-04-15;19:37:16;-15.1;-75.13;32;3.8
2025-04-17;10:10:55;-12.42;-76.87;56;3.5
2025-04-18;11:19:38;-8.15;-75.94;109;4
2025-04-19;02:20:15;-3.52;-77.41;115;5
2025-04-19;06:13:44;-7.49;-79.96;35;3.7
2025-04-19;11:56:12;-9.41;-76.22;141;5.3
2025-04-19;23:30:13;-15.64;-74.13;94;4.1
2025-04-20;22:03:32;-13.9;-75.83;50;4.2
2025-04-21;10:13:45;-14.22;-75.77;59;4
2025-04-21;22:23:16;-5.43;-76.28;120;4.6
2025-04-22;00:35:25;-9.43;-75.81;22;4.3
2025-04-22;10:44:39;-4.02;-80.94;26;3.6
2025-04-23;10:24:37;-4.05;-80.86;18;4.5
2025-04-23;17:34:58;-11.72;-75.81;15;3.6
2025-04-25;11:15:54;-10.18;-75.7;14;3.7
2025-04-25;19:24:59;-9.49;-79.51;37;4.4
2025-04-25;21:21:07;-12.46;-76.98;42;3.6
2025-04-26;02:40:22;-5.25;-79.43;113;4.5
2025-04-26;15:49:26;-9.8;-75.59;14;3.7
2025-04-26;18:56:02;-13.29;-76.24;68;4
2025-04-27;09:38:38;-8.38;-74.34;168;4.5
2025-04-27;20:13:55;-14.41;-73.77;99;4.3
2025-04-28;04:31:25;-13.82;-69.7;17;3.8
2025-04-28;13:33:46;-15.68;-74.87;25;3.7
2025-04-28;14:02:48;-11.36;-74.6;13;3.6
2025-04-30;06:46:18;-3.57;-77.8;131;4.3
2025-04-30;12:34:49;-12.77;-76.54;86;3.6
2025-04-30;23:53:54;-7.32;-74.98;157;4
2025-05-01;06:08:51;-15.69;-71.92;11;3.5
2025-05-02;11:56:40;-6.35;-75.83;22;4
2025-05-02;15:06:52;-3.83;-77.48;112;4.6
2025-05-02;19:37:05;-6.41;-78.83;18;3.6
2025-05-02;21:18:52;-11.04;-76.65;132;5
2025-05-03;05:10:38;-11.07;-74.69;13;3.5
2025-05-03;08:21:30;-10.3;-75.69;12;4.1
2025-05-03;15:52:45;-14.54;-72.66;15;4.6
2025-05-03;23:41:02;-10.86;-75.05;13;3.8
2025-05-04;03:56:51;-3.05;-80.85;50;3.5
2025-05-04;14:42:19;-14.55;-72.65;15;3.6
2025-05-04;17:38:50;-14.21;-71.5;12;3.6
2025-05-05;09:17:19;-3.04;-80.11;72;4.6
2025-05-06;08:24:26;-15.66;-71.84;12;3.5
2025-05-07;08:06:37;-17.73;-70.81;72;3.5
2025-05-07;13:14:23;-11.56;-75.74;21;3.6
2025-05-07;14:44:57;-12.08;-77.27;56;3.8
2025-05-08;11:22:39;-3.83;-80.82;38;5.2
2025-05-09;08:11:54;-13.51;-72.5;12;3.4
2025-05-09;15:50:04;-8.16;-74.42;164;4
2025-05-10;03:34:08;-15.99;-74.49;30;5.8
2025-05-11;01:29:52;-3.98;-81.08;34;5.2
2025-05-11;01:54:20;-4.02;-80.88;35;3.8
2025-05-11;02:07:04;-4.03;-81.03;28;5.1
2025-05-11;02:59:30;-4.01;-80.95;32;4.1
2025-05-11;05:16:46;-4;-80.97;28;5.1
2025-05-11;05:42:42;-4.05;-81.04;28;4.4
2025-05-11;05:53:45;-4.07;-81.04;30;4.2
2025-05-11;06:25:23;-16.01;-74.49;32;4.3
2025-05-11;11:44:40;-12.93;-76.78;58;4
2025-05-12;00:37:20;-12.7;-76.63;62;3.5
2025-05-12;14:57:51;-18.41;-69.54;140;4.9
2025-05-12;16:53:20;-11.92;-77.34;61;3.6
2025-05-13;07:10:52;-14.44;-72.17;89;4
2025-05-13;11:24:55;-11.96;-76.74;96;3.5
2025-05-13;16:16:23;-16.49;-74.07;35;3.6
2025-05-14;20:08:25;-5.92;-81.62;38;4.1
2025-05-14;20:13:19;-5.86;-81.28;16;5.2
2025-05-14;21:01:33;-11.83;-77.74;64;4.1
2025-05-15;13:03:00;-4.88;-80.83;24;4
2025-05-16;07:43:49;-5.49;-80;72;3.9
2025-05-16;09:21:10;-9.96;-74.79;20;4
2025-05-16;13:09:07;-12.55;-76.89;47;3.7
2025-05-16;15:20:48;-4.9;-80.74;26;3.6
2025-05-17;10:22:14;-14.9;-74.19;97;6
2025-05-18;01:40:22;-18.4;-71.48;27;4
2025-05-18;03:21:28;-12.61;-76.79;46;3.7
2025-05-18;23:57:57;-18.44;-71.46;32;4
2025-05-19;11:17:08;-18.05;-69.95;103;4
2025-05-19;16:14:35;-15.8;-74.54;63;4
2025-05-19;20:23:01;-4.23;-80.85;48;3.8
2025-05-20;01:43:34;-4.64;-76.85;143;4
2025-05-20;04:27:35;-15.71;-75.27;27;4
2025-05-20;15:36:27;-12.65;-76.81;39;3.6
2025-05-21;20:05:07;-11.8;-76.05;13;3.7
2025-05-22;11:02:11;-8.82;-75.64;12;3.5
2025-05-22;11:13:11;-9.08;-79.33;33;5
2025-05-22;19:57:39;-9.61;-74.9;118;4.8
2025-05-23;17:16:15;-8.05;-76.32;146;4.6
2025-05-25;01:35:36;-14.43;-75.65;63;3.8
2025-05-26;03:50:26;-19.5;-69.49;109;5.5
2025-05-28;01:40:48;-15.04;-75.79;44;4
2025-05-28;01:57:41;-15.07;-75.8;45;5.5
2025-05-28;14:34:15;-15.06;-75.87;43;5.4
2025-05-28;15:45:12;-14.97;-75.68;29;4.3
2025-05-28;16:44:54;-15.03;-75.78;29;4.4
2025-05-28;18:00:01;-8.1;-74.63;170;4.9
2025-05-28;23:08:06;-14.22;-75.77;59;4
2025-05-28;23:19:39;-16.24;-72;120;4.1
2025-05-29;11:34:37;-6.83;-75.93;127;4.4
2025-05-29;11:39:41;-14.77;-75.74;54;4.2
2025-05-31;15:01:19;-6.03;-80.67;31;4
2025-06-02;05:34:43;-12.19;-76.88;81;3.8
2025-06-03;02:30:34;-5.84;-81.04;48;4.5
2025-06-03;04:32:21;-4.48;-80.74;62;3.9
2025-06-03;05:17:18;-13.48;-75.97;56;4
2025-06-04;00:19:16;-5.82;-78.54;14;3.6
2025-06-04;09:02:30;-18.09;-71.36;22;4
2025-06-04;11:58:47;-13.7;-72;15;3.6
2025-06-04;16:44:57;-2.79;-77.82;136;4.5
2025-06-06;08:28:52;-14.02;-75.37;87;4
2025-06-06;17:24:39;-12.85;-73.9;56;4.1
2025-06-06;18:37:05;-10.61;-75.38;124;4
2025-06-06;21:55:50;-10.77;-78.11;46;3.6
2025-06-07;03:59:17;-7.81;-79.68;58;3.8
2025-06-07;13:02:28;-8.41;-74.5;159;4
2025-06-07;23:45:31;-9.77;-78.73;47;4
2025-06-08;17:12:33;-11.04;-74.61;12;3.6
2025-06-09;01:47:54;-3.95;-76.91;108;4.4
2025-06-09;01:58:21;-15.79;-74.24;39;3.6
2025-06-10;12:45:25;-9.36;-79.22;36;3.8
2025-06-10;16:59:04;-13.62;-72.84;12;3.5
2025-06-11;03:04:21;-16.37;-72.73;103;4.3
2025-06-11;07:46:29;-7.51;-76.25;118;4.2
2025-06-11;12:24:14;-15.56;-71.47;9;3.5
2025-06-11;13:57:29;-18.01;-69.83;128;4
2025-06-12;03:36:10;-6.35;-80.11;54;5.1
2025-06-15;05:52:12;-10.28;-77.02;108;4.1
2025-06-15;16:35:27;-12.18;-77.39;49;6.1
2025-06-15;17:03:46;-12.2;-77.47;29;3.6
2025-06-15;22:25:18;-14.88;-70.74;212;4
2025-06-16;17:40:17;-12.17;-77.41;56;4.2
2025-06-17;05:31:31;-11.91;-77.44;49;3.7
2025-06-17;13:57:57;-14.51;-73.99;92;4
2025-06-18;11:52:51;-9.68;-79;37;3.7
2025-06-18;15:17:38;-13.8;-75.82;69;4
2025-06-18;19:57:56;-16.55;-71.57;16;3.6
2025-06-20;01:39:24;-11.29;-74.49;13;3.5
2025-06-20;10:04:13;-10.51;-78.43;45;3.7
2025-06-20;14:28:18;-16.35;-74.02;25;4.1
2025-06-21;01:18:41;-13.21;-74.59;85;4.7
2025-06-22;12:36:38;-13.62;-76.9;21;4
2025-06-23;07:42:46;-13.45;-74.97;94;4.2
2025-06-23;13:06:00;-12.62;-71.23;25;4.4
2025-06-23;22:52:24;-8.83;-74.65;132;4.9
2025-06-24;03:07:22;-10.83;-75.6;15;3.6
2025-06-24;14:04:42;-8.07;-76.13;141;4.1
2025-06-24;17:19:30;-3.55;-81.11;40;3.6
2025-06-25;01:48:53;-13.33;-76.49;48;3.8
2025-06-26;01:16:54;-11.92;-77.4;52;3.5
2025-06-26;05:08:26;-15.33;-71.87;146;4
2025-06-26;08:33:32;-16.09;-74.27;25;4
2025-06-27;06:31:53;-2.21;-80.04;50;4.9
2025-06-27;17:11:26;-4.89;-80.8;26;3.7
2025-06-28;06:34:29;-15.25;-75.89;32;4.2
2025-06-30;02:06:16;-15.99;-74.57;36;3.7
2025-06-30;08:44:06;-12.94;-73.93;93;4.5
2025-06-30;18:24:33;-17.12;-70.54;15;3.6
2025-07-01;09:09:30;-14.3;-72.91;80;4.1
2025-07-01;09:24:32;-8.06;-80.03;26;4
2025-07-01;18:16:11;-4.4;-80.89;44;3.5
2025-07-02;12:33:15;-4.87;-80.82;27;4.1
2025-07-02;15:47:42;-15.73;-72.08;12;3.5
2025-07-02;19:20:27;-10.02;-79.09;39;4.1
2025-07-03;01:33:19;-8.9;-76.11;18;4
2025-07-03;04:57:57;-12.55;-75.28;118;4
2025-07-03;06:52:34;-5.76;-81.1;39;4
2025-07-03;09:50:10;-13.62;-75.81;86;4.6
2025-07-03;11:28:47;-12.32;-76.91;85;4
2025-07-03;15:13:23;-10.46;-78.8;16;3.8
2025-07-04;01:22:10;-13.43;-71.93;8;3.5
2025-07-04;06:11:12;-14.14;-75.79;58;3.8
2025-07-04;08:55:11;-14.62;-76.52;32;5.3
2025-07-04;11:58:48;-9.13;-77.62;9;3.6
2025-07-06;03:40:23;-3.79;-79.36;103;4.1
2025-07-06;10:36:15;-10.36;-74.53;14;3.8
2025-07-06;11:27:45;-5.51;-77.01;22;5.2
2025-07-07;15:30:19;-9.13;-77.62;14;3.5
2025-07-07;17:20:59;-2.68;-79.51;94;4
2025-07-07;18:02:45;-8.82;-79.49;27;4.1
2025-07-07;23:30:57;-16.17;-69.72;165;4.2
2025-07-08;03:13:50;-16.71;-69.9;170;4
2025-07-08;11:40:05;-13.72;-76.47;53;5.3
2025-07-08;21:32:53;-14.88;-75.51;58;4.9
2025-07-09;08:45:12;-18.61;-71.26;44;4
2025-07-09;17:52:52;-14.87;-71.31;178;4
2025-07-10;03:58:21;-14.53;-76.42;31;4.8
2025-07-10;09:26:05;-19.07;-69.4;124;5
2025-07-10;18:22:38;-17.08;-70.8;12;3.8
2025-07-11;03:18:08;-8.71;-76.16;39;4
2025-07-11;04:12:34;-3.21;-75.9;136;5
2025-07-11;16:03:34;-13.77;-71.62;17;3.5
2025-07-11;17:18:43;-10.81;-74.99;17;4.8
2025-07-12;02:22:50;-10.55;-78.56;34;3.8
2025-07-12;17:23:04;-8.05;-74.37;163;4.8
2025-07-13;03:29:39;-15.39;-74.35;102;4.2
2025-07-13;10:07:36;-12.85;-75.34;106;4
2025-07-14;08:31:05;-5.71;-77.25;20;3.5
2025-07-14;17:40:51;-9.15;-79.2;40;3.9
2025-07-14;19:37:05;-17.8;-70.23;103;4.2
2025-07-15;00:35:02;-9.27;-79.05;45;3.8
2025-07-15;06:46:13;-8.85;-79.41;35;4.5
2025-07-15;07:54:32;-15.72;-72.1;11;3.5
2025-07-15;10:07:34;-17.47;-71.2;58;4
2025-07-16;12:52:22;-17.42;-71.85;42;4.1
2025-07-16;13:52:17;-14.94;-70.84;185;4
2025-07-18;12:13:55;-12.5;-76.76;47;3.6
2025-07-19;00:30:00;-10.33;-74.24;15;4.5
2025-07-19;04:05:47;-14.33;-75.74;54;3.5
2025-07-19;09:08:23;-12.49;-76.83;61;3.8
2025-07-19;16:25:39;-16.02;-70.55;216;4.2
2025-07-20;12:56:52;-4.93;-80.8;37;4.1
2025-07-21;02:17:06;-13.27;-76.33;54;3.6
2025-07-21;21:55:22;-14.69;-74.31;28;3.6
2025-07-21;22:00:08;-9.66;-79.62;33;4
2025-07-22;09:04:02;-15.7;-71.85;8;3.4
2025-07-22;14:14:01;-5.85;-75.96;21;4.1
2025-07-23;02:20:18;-16.01;-74.17;29;4.1
2025-07-23;05:35:26;-5.36;-76.32;27;3.9
2025-07-24;07:34:58;-16.55;-72.7;42;3.6
2025-07-24;08:49:42;-9.39;-78.32;19;3.8
2025-07-24;19:01:19;-14.93;-75.29;38;4
2025-07-24;22:25:38;-15.81;-74.62;38;3.7
2025-07-25;03:18:22;-12.01;-77.44;58;3.8
2025-07-25;04:31:14;-5.42;-80.33;52;4.1
2025-07-25;05:36:19;-10.88;-74;124;4
2025-07-27;05:22:13;-15.61;-74.45;28;3.5
2025-07-27;07:19:21;-7.85;-74.67;154;4.1
2025-07-27;09:03:22;-11.46;-77.42;57;3.6
2025-07-27;10:20:17;-8.91;-74.71;137;4.4
2025-07-27;12:55:29;-9.88;-74.8;30;3.5
2025-07-28;01:27:38;-3.86;-80.24;75;3.8
2025-07-28;12:33:57;-3.56;-80.21;68;4.5
2025-07-29;06:58:13;-9.54;-75.96;130;4
2025-07-29;19:13:27;-12.7;-77.05;59;3.5
2025-07-30;03:49:12;-17.55;-69.68;179;4.4
2025-07-30;07:22:19;-14.19;-71.46;9;3.6
2025-07-30;11:46:22;-14.71;-75.37;38;4
2025-07-30;15:51:22;-10.35;-75.48;16;4.1
2025-07-31;09:54:08;-15.95;-74.14;39;3.4
2025-08-01;03:38:23;-12.47;-76.73;48;3.5
2025-08-02;03:53:09;-13.24;-76.4;48;3.5
2025-08-03;11:42:45;-8.76;-70.98;510;5.5
2025-08-03;14:10:57;-9.16;-71.31;510;4.4
2025-08-03;22:09:28;-11.94;-77.23;60;3.6
2025-08-03;22:21:43;-10.79;-78.45;28;4.2
2025-08-04;03:06:15;-4.17;-80.47;51;4.2
2025-08-04;12:38:26;-12.55;-76.77;49;3.5
2025-08-05;08:49:52;-9.84;-75.65;18;4
2025-08-05;23:31:19;-8.94;-80.51;21;4.1
2025-08-06;17:27:54;-12.97;-75.17;125;4
2025-08-06;18:24:45;-13.44;-76.57;58;3.6
2025-08-07;07:59:38;-14.22;-72.89;88;4
2025-08-09;04:44:06;-7.64;-74.75;156;4.4
2025-08-09;09:34:44;-17.49;-69.64;180;4.3
2025-08-09;17:58:10;-8.92;-75.97;129;4.1
2025-08-10;03:08:34;-12.12;-76.06;98;3.8
2025-08-10;08:25:45;-17.23;-70.57;16;3.5
2025-08-11;04:01:22;-16.12;-74.18;57;3.8
2025-08-11;11:41:24;-14.56;-76.51;23;4.8
2025-08-12;17:40:44;-5.84;-77.26;21;3.6
2025-08-12;20:21:14;-8.54;-75.03;142;4.4
2025-08-13;00:54:30;-9.11;-79.33;43;5.5
2025-08-13;05:01:57;-16.53;-72.58;89;3.5
2025-08-13;08:03:05;-18.25;-71.32;26;3.7
2025-08-13;17:22:41;-9.98;-77.86;51;4.1
2025-08-13;17:58:23;-10.92;-73.47;14;3.6
2025-08-14;01:43:10;-10.1;-79.71;39;4
2025-08-14;10:40:14;-16.05;-72.49;16;3.6
2025-08-14;21:49:44;-6.57;-81.2;28;4.2
2025-08-15;16:37:43;-9.91;-74.76;19;3.8
2025-08-15;20:29:15;-18.44;-69.78;115;4.3
2025-08-16;08:33:58;-4.64;-80.82;41;3.5
2025-08-17;00:35:01;-12.22;-75.83;94;4.3
2025-08-17;13:33:57;-11.52;-76.86;113;4
2025-08-18;02:41:06;-6.85;-76.02;14;3.6
2025-08-18;06:33:02;-9.23;-78.61;41;3.6
2025-08-18;12:47:03;-16.06;-72.66;112;5.1
2025-08-19;02:52:07;-12.84;-76.68;58;3.7
2025-08-19;09:15:46;-9.33;-79.25;41;4
2025-08-19;19:49:36;-5.57;-80.82;38;3.6
2025-08-19;22:49:25;-18.26;-71.43;25;4.3
2025-08-19;23:14:48;-18.3;-71.48;32;4
2025-08-20;15:06:59;-3.82;-76.53;103;5.3
2025-08-21;20:25:55;-10.85;-73.8;16;3.6
2025-08-22;09:36:12;-15.15;-73.49;107;4
2025-08-22;15:49:54;-16.32;-73.16;29;3.7
2025-08-23;01:11:21;-10.67;-75.11;17;3.6
2025-08-23;08:24:24;-4.32;-78.03;16;3.7
2025-08-23;11:34:40;-14.39;-75.64;62;3.6
2025-08-24;02:10:22;-12.58;-76.7;58;3.6
2025-08-24;03:44:07;-19.63;-69.63;98;5.2
2025-08-25;09:40:26;-17.1;-71.93;43;4
2025-08-25;16:06:35;-16.48;-73.45;16;3.5
2025-08-25;19:22:22;-16.54;-73.57;38;4.4
2025-08-26;02:28:35;-12.57;-76.69;46;3.6
2025-08-26;07:30:27;-3.75;-80.99;33;4.6
2025-08-26;10:52:43;-12.44;-76.82;44;3.5
2025-08-27;00:53:56;-13.46;-72.41;16;3.5
2025-08-27;04:26:23;-4.14;-80.41;48;4.2
2025-08-27;12:26:03;-10.96;-73.65;26;3.9
2025-08-28;18:23:56;-9.63;-75.91;12;3.5
2025-08-29;00:04:05;-10.61;-75.22;15;3.8
2025-08-29;07:56:22;-6.55;-76;131;4.1
2025-08-29;21:43:16;-10.74;-74.87;13;3.7
2025-08-30;04:40:33;-10.67;-75.09;11;3.8
2025-08-30;09:28:30;-10.51;-75.36;10;3.6
2025-08-30;09:39:29;-12.69;-77.06;38;3.5
2025-08-30;18:23:04;-16.32;-73.19;58;3.7
2025-08-31;03:59:42;-16.04;-75.44;28;5
2025-08-31;04:08:59;-15.77;-75.39;11;4.3
2025-08-31;06:22:40;-12.84;-77.16;33;3.8
2025-09-01;11:29:22;-9.99;-79.82;43;4
2025-09-02;15:05:14;-12.33;-74.24;14;3.8
2025-09-02;19:50:09;-13.67;-76.82;38;5
2025-09-02;23:38:34;-11.75;-74.53;32;4
2025-09-03;04:40:45;-5.65;-75.38;163;4.1
2025-09-03;07:06:46;-15.94;-74.27;14;3.5
2025-09-03;15:16:33;-13.66;-76.8;42;4
2025-09-03;16:04:29;-10.17;-78.78;35;3.7
2025-09-04;03:22:34;-14.6;-72.45;15;3.4
2025-09-04;05:14:46;-14.3;-75.81;54;3.9
2025-09-04;16:32:10;-12.54;-76.95;70;3.5
2025-09-05;04:34:00;-4.06;-77.16;112;4
2025-09-05;14:27:51;-7.72;-80.51;20;4.6
2025-09-06;13:04:01;-3.59;-80.17;56;4
2025-09-07;05:08:49;-16.14;-75.33;28;4.7
2025-09-07;14:13:48;-12.71;-76.8;46;3.8
2025-09-08;06:08:46;-14.99;-76.04;47;4.3
2025-09-08;11:12:56;-12.37;-76.9;50;3.5
2025-09-08;21:14:42;-17.88;-70.18;98;3.7
2025-09-09;04:34:45;-8.97;-79.05;44;3.8
2025-09-09;13:10:13;-5.64;-80.38;46;3.6
2025-09-09;17:19:55;-6.19;-81.28;30;4
2025-09-09;18:27:49;-10.67;-76.6;15;3.4
2025-09-10;10:20:50;-18.05;-70.98;68;3.8
2025-09-10;18:52:46;-8.15;-75.78;31;4.8
2025-09-11;09:19:39;-3.1;-80.24;47;4.3
2025-09-11;18:14:17;-17.28;-70.64;11;3.5
2025-09-12;00:16:21;-17.92;-69.5;165;4
2025-09-12;02:11:01;-9.91;-74.57;24;3.7
2025-09-12;17:05:07;-4;-81.06;34;4.2
2025-09-13;03:57:52;-8.03;-75.73;144;4.9
2025-09-13;15:10:34;-17.67;-69.96;141;4
2025-09-14;16:06:17;-4.38;-77.14;27;4.1
2025-09-14;19:56:48;-9.28;-75.28;131;4.4
2025-09-15;01:52:43;-13.71;-74.81;109;5.1
2025-09-15;20:07:16;-17.54;-70.82;101;4.3
2025-09-16;03:41:48;-5.69;-81.79;27;4.8
2025-09-16;16:34:39;-3.71;-80.77;39;4.1
2025-09-16;20:56:48;-16.38;-72.47;112;4.1
2025-09-17;01:42:38;-17.29;-71.07;70;4
2025-09-17;16:36:41;-4.73;-80.22;68;3.8
2025-09-18;19:16:27;-16.53;-72.42;65;3.5
2025-09-19;10:58:58;-5.61;-81.56;36;4.1
2025-09-19;11:27:30;-5.64;-81.56;40;4.2
2025-09-20;02:01:03;-14.29;-73.99;98;4.9
2025-09-20;04:33:49;-8.66;-77.84;17;3.5
2025-09-20;07:29:07;-12.5;-74.77;103;4
2025-09-20;12:46:05;-3.25;-77.93;97;4.3
2025-09-21;15:12:30;-17.73;-70.04;165;4
2025-09-21;17:21:45;-15.44;-70.21;228;4
2025-09-22;11:30:25;-15.84;-69.63;227;4.1
2025-09-22;16:24:10;-15.83;-75.26;22;4
2025-09-22;18:38:39;-15.66;-75.13;15;4.7
2025-09-22;18:46:37;-15.71;-75.23;21;5.3
2025-09-22;20:48:24;-8.85;-75.75;135;5.2
2025-09-22;21:52:31;-12.35;-76.94;49;3.6
2025-09-23;17:39:18;-15.93;-75.27;30;5.8
2025-09-23;21:05:25;-15.82;-75.3;22;4.5
2025-09-24;07:17:44;-14.74;-74.08;112;4
2025-09-24;07:43:19;-3.67;-81.57;33;4
2025-09-24;11:01:23;-15.54;-75.17;28;4.6
2025-09-24;18:39:14;-9.77;-78.72;48;4.3
2025-09-24;19:56:31;-5.22;-80.69;39;3.7
2025-09-25;10:58:59;-15.94;-75.23;28;4.2
2025-09-25;18:11:44;-19.58;-69.78;121;5.2
2025-09-25;18:49:00;-14.92;-75.4;52;4
2025-09-26;01:05:07;-4.72;-77.89;14;3.9
2025-09-26;02:39:09;-15.31;-73.38;104;4.6
2025-09-26;13:44:47;-14.75;-73.7;112;4.3
2025-09-26;23:50:15;-16.89;-71.49;13;3.8
2025-09-27;03:12:15;-11.49;-73;119;4
2025-09-27;03:31:50;-18.35;-70.15;98;3.5
2025-09-27;18:59:47;-4.11;-80.33;81;4
2025-09-28;08:07:15;-11.21;-78.06;31;3.6
2025-09-28;08:53:26;-3.63;-81.05;33;4.4
2025-09-28;20:53:17;-19.59;-69.78;26;4.5
2025-09-28;21:42:03;-16.81;-71.55;17;3.6
2025-09-29;02:06:09;-9.47;-77.02;15;3.5
2025-09-29;05:59:50;-4.82;-80.01;94;4.4
2025-10-01;04:44:30;-16.7;-71.92;37;3.5
2025-10-01;06:57:33;-3.78;-80.39;46;3.5
2025-10-01;12:37:22;-4.07;-77.67;132;4
2025-10-01;16:08:52;-13.6;-72.68;12;3.5
2025-10-01;18:28:46;-15.69;-71.85;9;3.9
2025-10-01;19:44:24;-15.7;-71.85;7;3.5
2025-10-01;19:54:05;-15.7;-71.85;7;3.5
2025-10-02;00:24:13;-15.69;-71.85;8;3.7
2025-10-02;13:33:13;-5.58;-78.81;9;3.7
2025-10-02;17:16:00;-10.31;-75.65;16;3.7
2025-10-02;20:30:32;-15.68;-71.82;9;3.8
2025-10-03;07:42:37;-15.69;-71.85;8;3.6
2025-10-03;11:29:45;-9.64;-75.57;11;3.7
2025-10-04;04:26:11;-14.85;-74.06;96;4.1
2025-10-05;04:01:41;-14.35;-76.67;19;4.2
2025-10-05;18:09:42;-8.69;-75.27;53;4
2025-10-07;20:52:48;-14.09;-72.9;102;4.1
2025-10-07;23:00:05;-15.86;-75.25;32;4.4
2025-10-08;02:01:06;-15.64;-72.03;9;3.4
2025-10-09;01:43:00;-3.08;-77.04;114;4.1
2025-10-09;10:05:49;-3.59;-80.83;22;3.7
2025-10-09;13:42:10;-7.72;-74.56;162;4.5
2025-10-10;20:11:49;-13.61;-72.82;10;4.1
2025-10-11;23:03:01;-10.54;-78.83;37;4.6
2025-10-11;23:52:27;-5.1;-80.77;40;4.9
2025-10-12;10:44:09;-15.25;-74.24;102;4.2
2025-10-12;11:14:26;-14.82;-76.26;36;4
2025-10-15;00:05:09;-17.39;-71.67;50;4.2
2025-10-15;08:30:51;-12.58;-76.77;59;3.5
2025-10-15;11:44:36;-13.63;-72.82;9;3.4
2025-10-16;04:56:28;-12.95;-76.69;56;3.7
2025-10-17;02:07:53;-12.51;-76.46;85;3.5
2025-10-18;23:16:12;-17.54;-70.54;16;4.1
2025-10-19;20:57:00;-9.06;-79.28;38;3.7
2025-10-20;09:40:17;-10.06;-75.85;134;4.1
2025-10-20;15:54:04;-10.64;-75.27;13;3.5
2025-10-21;01:23:44;-12.43;-77.01;53;3.5
2025-10-21;05:24:09;-8.7;-76.31;15;4.8
2025-10-21;16:56:42;-10.62;-74.57;19;3.8
2025-10-21;18:40:07;-9.41;-79.28;24;4
2025-10-21;21:08:19;-12.4;-77.23;34;3.5
2025-10-21;22:57:04;-15.7;-72.1;15;4
2025-10-22;00:05:42;-3.65;-79.99;70;6
2025-10-22;09:28:22;-9.08;-79.15;31;4
2025-10-22;17:26:08;-15.73;-71.88;11;3.5
2025-10-22;18:00:23;-16.55;-72.75;62;4
2025-10-23;03:28:51;-6.19;-81.21;19;4
2025-10-23;04:18:56;-3.65;-80.02;79;4
2025-10-23;04:54:31;-14.25;-74.43;103;4.1
2025-10-23;05:46:39;-16.75;-71.55;29;3.6
2025-10-25;04:23:37;-14.1;-76.02;53;3.9
2025-10-25;14:12:31;-14.3;-75.71;57;3.6
2025-10-25;21:04:44;-14.48;-75.62;53;4.4
2025-10-25;22:09:30;-18.26;-71.53;20;4.3
2025-10-26;02:47:30;-12.73;-76.47;62;3.6
2025-10-27;04:52:15;-15.42;-75.37;34;4.1
2025-10-28;20:44:06;-3.61;-80.79;20;3.8
2025-10-29;08:22:58;-18.56;-70.6;37;3.8
2025-10-29;09:45:21;-10.89;-74.84;18;3.8
2025-10-29;10:45:16;-10.91;-74.81;16;3.6
2025-10-31;04:29:14;-9.78;-80.02;20;4.2
2025-10-31;09:25:36;-8.71;-74.9;134;4.3
2025-10-31;19:03:53;-10.3;-78.7;45;4.6
2025-11-01;22:52:12;-15.74;-72.09;14;3.5
2025-11-02;12:41:08;-15.56;-72.13;14;4.1
2025-11-02;12:47:40;-16.65;-71.16;125;4.4
2025-11-02;18:43:49;-19.87;-71.13;28;4.5
2025-11-03;15:38:46;-4.57;-77.86;36;3.7
2025-11-04;06:38:24;-8.82;-79.01;58;3.6
2025-11-04;07:14:12;-3.98;-76.5;41;4.4
2025-11-04;08:44:37;-12.51;-74.77;89;4
2025-11-04;08:49:35;-3.63;-80.51;42;3.6
2025-11-05;06:02:04;-14.71;-75.44;32;4
2025-11-06;22:55:22;-10.8;-74.51;113;4
2025-11-07;05:30:27;-17.79;-69.64;151;4
2025-11-08;01:25:33;-15.22;-75.14;60;3.7
2025-11-09;03:12:07;-3.69;-80.67;17;3.5
2025-11-09;06:35:16;-12.25;-77;49;3.5
2025-11-09;13:42:11;-8.6;-79.56;35;5
2025-11-09;17:31:00;-5.58;-77.12;19;3.6
2025-11-09;23:40:39;-7.23;-80.94;15;4
2025-11-10;05:14:06;-12.46;-76.75;63;3.7
2025-11-10;13:23:26;-15.78;-73.98;34;4.4
2025-11-10;18:32:58;-11.47;-77.79;70;3.5
2025-11-10;19:38:51;-15.43;-73.97;86;4.4
2025-11-11;07:45:56;-16.5;-71.56;124;4.7
2025-11-11;14:20:16;-12.45;-77.32;56;3.6
2025-11-12;11:43:32;-13.29;-75.73;92;4
2025-11-13;09:04:40;-16.19;-73.28;79;4.5
2025-11-13;20:38:13;-15.79;-71.7;10;3.5
2025-11-14;02:41:10;-13.72;-71.69;15;3.5
2025-11-14;14:04:18;-11.42;-74.08;102;4.3
2025-11-14;19:16:27;-18.44;-71.19;18;3.8
2025-11-14;23:38:42;-12.4;-76.87;54;3.6
2025-11-15;09:24:19;-18.45;-69.71;122;4.3
2025-11-15;09:31:01;-5.08;-81.04;49;4
2025-11-15;18:47:49;-16;-74.17;12;3.5
2025-11-16;00:30:27;-14.38;-72.89;81;4
2025-11-16;07:04:00;-16.64;-71.53;111;4
2025-11-16;11:35:48;-8.75;-75.83;19;3.6
2025-11-16;14:23:11;-3.91;-81.32;39;4.2
2025-11-17;02:22:12;-18.08;-71.05;46;3.7
2025-11-17;04:58:01;-10.63;-78.42;37;4.2
2025-11-17;14:15:26;-4.09;-80.98;29;3.8
2025-11-18;16:02:13;-3.8;-80.54;50;4.1
2025-11-19;07:22:52;-5.53;-78.51;24;3.7
2025-11-19;12:37:41;-16.56;-72.15;47;4.1
2025-11-19;19:00:16;-11.65;-73.13;26;3.8
2025-11-20;13:18:37;-11.63;-75.97;129;4.7
2025-11-20;20:45:16;-12.49;-76.76;68;3.5
2025-11-21;10:09:02;-17.78;-69.65;173;4
2025-11-22;13:00:50;-10.78;-78.62;44;4.3
2025-11-22;19:18:07;-12.5;-76.98;50;3.5
2025-11-23;17:50:15;-11.94;-76.46;107;4.2
2025-11-23;23:49:31;-12.7;-76.93;41;3.5
2025-11-24;12:03:56;-8.08;-73.66;137;4.7
2025-11-25;05:14:15;-7.1;-73.8;42;4.3
2025-11-25;07:23:09;-14.68;-75.54;51;4.4
2025-11-25;09:57:04;-16.19;-73.77;51;4.9
2025-11-26;04:29:16;-5.02;-77.93;26;4.1
2025-11-29;08:32:48;-8.28;-78;12;3.5
2025-11-30;07:53:41;-17.35;-70.67;118;4.1
2025-11-30;12:40:59;-13.56;-72.59;10;3.8
2025-12-01;06:36:54;-6;-81.23;7;4.2
2025-12-01;23:26:59;-9.56;-75.3;136;5.3
2025-12-01;23:39:49;-14.07;-75.9;54;3.7
2025-12-02;01:46:26;-6.37;-79.49;71;3.8
2025-12-02;16:41:41;-12.4;-77.52;44;4.6
2025-12-02;22:06:45;-11.57;-77.39;89;4.9
2025-12-03;00:19:45;-11.74;-76.62;98;3.7
2025-12-04;07:36:11;-8.45;-79.7;24;3.6
2025-12-04;11:15:09;-18.6;-71.22;16;4.2
2025-12-04;16:34:51;-15.96;-74.18;41;3.8
2025-12-06;16:57:03;-8.16;-77.18;14;3.5
2025-12-06;21:40:32;-12.03;-77.25;71;3.5
2025-12-07;15:44:02;-18.41;-70.99;30;4
2025-12-07;23:14:14;-17.87;-70.03;103;4.6
2025-12-07;23:49:15;-17.51;-70.41;120;4
2025-12-09;00:13:21;-6.01;-79.91;76;3.6
2025-12-09;02:46:54;-7.25;-80.28;24;4
2025-12-09;04:34:19;-15.98;-74.89;24;4.4
2025-12-09;18:56:00;-10.68;-74.68;16;3.6
2025-12-10;09:23:37;-12.03;-77.47;52;3.6
2025-12-11;19:59:41;-13.61;-72.15;9;3.5
2025-12-12;00:46:15;-16.18;-73.6;17;4.7
2025-12-12;01:05:40;-9.88;-75.71;33;3.6
2025-12-12;07:17:00;-15.26;-73.14;107;3.9
2025-12-12;16:49:09;-17.5;-70.72;15;3.5
2025-12-13;17:28:28;-4.6;-80.31;47;4
2025-12-14;18:20:20;-15.3;-74.96;68;3.7
2025-12-15;16:04:50;-18.61;-69.79;120;4
2025-12-15;22:19:51;-16.17;-74.04;36;4.1
2025-12-16;04:58:29;-8.72;-74.57;152;4.3
2025-12-16;16:05:27;-4.12;-80.42;44;4
2025-12-17;00:07:34;-13.57;-72.53;17;3.5
2025-12-17;11:57:52;-12.47;-76.72;56;3.6
2025-12-18;07:01:56;-13.57;-72.52;10;3.5
2025-12-18;08:20:59;-3.53;-80.81;40;3.8
2025-12-19;01:03:13;-11.18;-78.03;58;3.7
2025-12-19;14:30:26;-13.59;-74.82;104;4.2
2025-12-20;20:11:13;-17.05;-71.93;44;4.3
2025-12-21;08:23:27;-8.36;-75.17;123;4.3
2025-12-21;19:10:54;-8.52;-80.14;27;4.4
2025-12-25;06:46:02;-15.83;-74.72;46;4.7
2025-12-26;03:29:04;-16.36;-72.13;25;3.6
2025-12-26;16:31:38;-8.43;-75.12;138;4.7
2025-12-27;00:35:15;-11.11;-78.09;29;4.8
2025-12-27;06:17:06;-12.85;-76.76;54;3.5
2025-12-27;09:39:07;-17.83;-71;52;3.5
2025-12-27;14:22:00;-12.01;-77.33;62;3.5
2025-12-28;02:51:48;-9.09;-79.19;52;6
2025-12-28;03:51:28;-8.96;-79.19;50;4.1
2025-12-28;05:17:22;-9.07;-79.28;47;4.3
2025-12-28;13:09:41;-13.31;-76.42;58;4.8
2025-12-28;23:19:55;-8.98;-79.18;51;5.1
2025-12-29;00:25:12;-9.03;-79.18;42;3.8
2025-12-29;04:03:07;-8.94;-79.18;51;3.9
2025-12-30;12:22:31;-8.99;-79.24;48;4.1
2025-12-30;16:11:20;-8.38;-75.07;119;4.4
2025-12-30;23:28:30;-17.69;-70.66;15;3.7
2025-12-31;01:28:16;-9.83;-75.56;13;3.5
2025-12-31;20:34:41;-12.89;-76.85;51;3.9
2026-01-01;10:20:25;-15.26;-76;32;4.4
2026-01-01;16:28:20;-12.57;-76.98;68;4.2
2026-01-01;23:30:52;-15.29;-76.04;29;4.5
2026-01-02;04:08:39;-10.11;-75.24;16;3.6
2026-01-02;13:16:00;-9.02;-79.14;43;3.7
2026-01-02;19:32:29;-7.23;-81;15;4.1
2026-01-03;00:09:59;-8.96;-79.2;43;3.8
2026-01-03;13:17:30;-9.08;-79.33;37;4.5
2026-01-03;20:17:51;-14.61;-76.34;20;4.5
2026-01-04;14:25:59;-15.76;-74.55;50;3.6
2026-01-04;22:17:28;-5.77;-75.6;17;3.7
2026-01-05;10:17:27;-14.51;-71.78;9;3.6
2026-01-05;13:34:44;-12.58;-76.84;51;3.7
2026-01-05;17:07:19;-15.32;-76.06;31;4.6
2026-01-07;02:01:12;-8.19;-79.14;71;3.7
2026-01-07;11:32:38;-11.08;-76.11;25;3.5
2026-01-08;04:57:47;-12.39;-76.83;57;3.5
2026-01-08;05:17:49;-3.99;-77.66;106;5.6
2026-01-08;14:13:02;-5.41;-76.21;127;4
2026-01-08;21:47:40;-17;-71.58;74;4.2
2026-01-09;00:20:38;-13.87;-74.64;104;4
2026-01-09;17:49:12;-16.33;-73.15;50;3.6
2026-01-09;21:36:54;-14.76;-75.27;48;5.3
2026-01-10;15:44:53;-16.57;-71.94;37;3.5
2026-01-10;19:44:24;-16.83;-71.86;25;4
2026-01-10;23:18:12;-9.52;-79.6;29;4.2
2026-01-11;11:45:04;-8.97;-79.16;51;3.7
2026-01-11;21:51:17;-15.99;-71.9;130;4
2026-01-12;09:45:28;-15.01;-76.12;32;4.1
2026-01-12;10:50:03;-9.09;-79.25;41;4.2
2026-01-13;02:55:12;-4.87;-80.87;32;4.1
2026-01-13;03:02:01;-4.82;-80.83;35;4.2
2026-01-13;05:57:00;-16.75;-71.92;21;3.6
2026-01-14;06:03:12;-9.42;-79.03;48;4
2026-01-14;15:57:41;-9.07;-79.26;40;3.6
2026-01-15;03:22:04;-8.8;-77.57;122;4
2026-01-15;18:30:41;-15.36;-73.02;130;4.3
2026-01-16;03:46:47;-13.69;-75.99;52;4.3
2026-01-16;07:34:39;-17.77;-70.46;110;4.5
2026-01-16;21:15:04;-4.57;-78.06;44;4.1
2026-01-17;08:12:32;-12.42;-77.03;47;3.8
2026-01-19;01:43:58;-15.64;-74.62;57;4
2026-01-19;20:46:11;-7.7;-78.17;15;3.5
2026-01-20;07:37:05;-15.18;-75.15;56;4
2026-01-21;10:35:09;-4.07;-80.76;27;3.7
2026-01-21;19:17:32;-14.29;-73.96;102;3.9
2026-01-21;22:28:03;-9.09;-79.19;58;3.5
2026-01-23;12:20:36;-16.38;-74.09;32;4
2026-01-24;01:20:41;-14.34;-76.74;26;4.2
2026-01-25;20:29:02;-8.72;-74.79;136;4.8
2026-01-28;16:34:39;-10.98;-74.54;14;3.8
2026-01-29;07:51:06;-15.73;-75.43;40;4.9
2026-01-30;00:53:20;-16.9;-71.93;50;3.9
2026-01-31;00:34:55;-15.79;-75.27;18;4.1
2026-01-31;01:09:13;-15.78;-75.33;20;5
2026-01-31;21:28:11;-11.34;-78.18;49;4
2026-02-02;13:04:26;-15.14;-72;139;4
2026-02-03;01:34:27;-9.88;-78.78;44;3.7
2026-02-03;02:08:16;-15.49;-70.71;196;4
2026-02-03;17:29:53;-8.73;-74.97;130;4
2026-02-05;00:20:04;-9.75;-75.67;16;3.7
2026-02-05;05:30:03;-13.67;-76.11;51;3.8
2026-02-05;11:07:38;-11.19;-74.66;130;4
2026-02-05;18:20:45;-10.73;-73.9;117;4
2026-02-05;20:56:34;-15.2;-74.06;106;4
2026-02-05;21:32:23;-5.62;-80.3;47;3.8
2026-02-06;00:40:41;-3.2;-75.92;145;4.1
2026-02-07;17:28:59;-15.65;-71.66;20;3.5
2026-02-08;13:10:18;-14.93;-74.36;92;4
2026-02-09;04:02:29;-12.83;-72.73;10;3.6
2026-02-09;23:10:09;-16.99;-72.77;41;3.9
2026-02-10;23:11:46;-9.23;-79.27;33;4.4
2026-02-11;00:51:46;-12.88;-70.13;35;4.6
2026-02-11;05:03:10;-14.7;-73.63;112;4.2
2026-02-11;06:17:15;-11.49;-77.29;53;3.5
2026-02-11;10:46:13;-3.43;-80.21;32;3.5
2026-02-12;21:52:54;-2.45;-77.7;149;4.8
2026-02-14;14:15:29;-11.61;-77.75;44;4.2
2026-02-15;02:14:05;-16.04;-75.02;17;3.8
2026-02-15;06:03:15;-16.33;-71.73;123;4.7
2026-02-15;09:14:50;-18.26;-69.76;127;4.2
2026-02-15;11:32:33;-13.68;-72.72;20;3.4
2026-02-16;00:53:17;-9.2;-75.6;13;4.2
2026-02-16;03:59:27;-17.02;-71.53;76;3.7
2026-02-16;07:19:10;-8.46;-80.19;16;4.1
2026-02-17;14:16:26;-12.61;-74.69;98;4.2
2026-02-18;02:22:54;-16.88;-73.4;32;4.5
2026-02-18;11:53:19;-12.88;-76.67;49;3.5
2026-02-18;13:27:52;-4.5;-81.3;35;4.1
2026-02-19;05:35:08;-12.84;-76.94;38;3.9
2026-02-19;13:45:41;-9.11;-79.21;48;4
2026-02-19;17:46:47;-4.27;-80.43;68;4
2026-02-20;18:48:48;-16.29;-72.17;110;4
2026-02-20;22:28:52;-12.44;-75.48;109;3.6
2026-02-22;06:43:51;-4.58;-76.47;108;4.9
2026-02-22;13:56:58;-9.92;-75.03;16;3.5
2026-02-22;18:03:29;-15.83;-75.27;18;4.3
2026-02-22;19:07:43;-16.16;-74.27;23;3.8
2026-02-22;22:36:14;-13.59;-76.96;42;5.1
2026-02-25;07:02:52;-13.49;-76.09;87;4
2026-02-26;04:01:36;-9.45;-75.61;124;4.2
2026-02-26;06:54:13;-8.32;-74.33;171;4.1
2026-02-26;07:23:17;-13.57;-76;40;3.7
2026-02-26;23:21:08;-12.44;-77.06;53;5
2026-02-26;23:48:33;-12.71;-76.84;52;3.5
2026-02-27;04:47:29;-12.81;-77.16;52;3.4
2026-02-27;08:30:39;-11.37;-78.1;43;3.6
2026-02-27;13:01:47;-14.07;-73.73;20;3.5
2026-02-28;04:28:12;-3.62;-77.2;93;4.2
2026-03-01;17:19:09;-18.17;-69.95;123;4.2
2026-03-01;20:05:58;-5.55;-80.75;35;4.1
2026-03-04;04:14:22;-4.12;-80.87;17;4.5
2026-03-04;05:46:28;-12.56;-76.65;54;3.5
2026-03-04;22:45:09;-14.05;-73.73;11;3.5
2026-03-05;08:53:45;-16.36;-73.02;19;3.5
2026-03-05;12:06:15;-12.7;-76.84;50;3.4
2026-03-05;21:08:34;-7.73;-75.74;49;3.7
2026-03-06;01:40:23;-4.56;-76.99;115;4.8
2026-03-06;20:00:35;-15.81;-75.13;19;3.9
2026-03-07;00:28:15;-15.99;-75.21;17;4
2026-03-07;15:05:17;-13.61;-74.3;18;3.6
2026-03-07;16:36:07;-5.55;-78.93;27;4.8
2026-03-07;18:15:33;-5.55;-78.93;29;4.9
2026-03-07;20:31:42;-5.56;-78.91;15;4.1
2026-03-08;11:55:11;-5.68;-80.94;29;3.8
2026-03-08;18:15:10;-13.51;-74.38;26;3.5
2026-03-08;19:11:41;-12.58;-77.18;32;3.8
2026-03-08;22:02:15;-6.28;-77.05;18;4.9
2026-03-08;22:04:17;-6.24;-77.02;15;4
2026-03-09;11:11:22;-6.22;-76.98;30;4.3
2026-03-09;15:41:39;-18.49;-69.87;120;4.3
2026-03-10;20:50:54;-5.53;-78.91;24;3.5
2026-03-11;00:38:42;-7.75;-74.8;146;4.3
2026-03-11;10:27:28;-4.49;-80.88;28;3.6
2026-03-11;16:12:10;-12.54;-76.7;39;3.5
2026-03-11;22:00:29;-12.69;-77.36;55;4.1
2026-03-12;04:41:05;-15.02;-71.5;166;4.9
2026-03-13;11:12:42;-8.73;-75.82;137;4
2026-03-13;14:22:30;-8.68;-74.79;120;4.1
2026-03-16;09:19:03;-10.41;-74.45;32;4.3
2026-03-16;11:36:26;-15.84;-74.23;78;4
2026-03-16;16:49:49;-8.57;-74.75;41;3.8
2026-03-16;19:25:30;-4.35;-76.99;118;4
2026-03-16;23:43:34;-5.55;-78.91;23;3.5
2026-03-17;12:03:12;-12.65;-76.83;48;3.7
2026-03-18;00:21:33;-14.31;-75.79;59;4
2026-03-18;12:20:06;-12.63;-76.82;46;3.7
2026-03-18;18:04:38;-12.63;-76.82;46;3.6
2026-03-19;08:27:47;-12.65;-76.85;46;3.5
2026-03-20;02:49:29;-9.62;-75.71;12;3.7
2026-03-20;04:00:37;-12.01;-76.96;84;3.7
2026-03-20;05:30:08;-15.8;-75.57;27;4.9
2026-03-20;16:59:56;-9.63;-75.51;125;3.8
2026-03-20;20:06:52;-19.92;-71.02;21;4.8
2026-03-20;23:04:12;-18.45;-71;23;3.8
2026-03-21;01:11:55;-12.59;-76.75;45;3.5
2026-03-22;08:02:54;-17.86;-69.69;137;4.4
2026-03-22;11:03:20;-12.68;-76.9;43;3.5
2026-03-22;11:36:49;-13.62;-76.29;52;3.5
2026-03-23;07:18:43;-3.9;-80.83;88;4.8
2026-03-23;07:33:25;-14.19;-73.1;115;4
2026-03-23;17:46:03;-3.17;-80.15;55;4.3
2026-03-24;11:39:23;-7.62;-80.3;39;4.7
2026-03-24;15:36:44;-14.96;-72.54;103;4.2
2026-03-24;16:16:26;-14.58;-76.25;36;4.7
2026-03-25;02:21:08;-12.16;-77.25;60;3.5
2026-03-26;05:32:54;-11.64;-77.75;58;3.7
2026-03-26;05:40:50;-3.92;-76.65;102;4.2
2026-03-27;15:41:36;-16.46;-73.83;32;4
2026-03-27;18:55:04;-17.73;-69.74;156;4.2
2026-03-28;07:30:44;-5.56;-78.93;22;4
2026-03-28;13:18:49;-17.01;-72.81;32;4
2026-03-29;04:05:11;-9.47;-75.95;130;4.2
2026-03-29;17:49:32;-12.61;-76.98;42;3.4
2026-03-31;00:20:37;-7.15;-76.07;29;3.6
2026-03-31;04:39:03;-8.75;-75.25;131;4.3
2026-03-31;23:30:24;-5.48;-81.19;31;4.2
2026-04-01;00:48:15;-11.12;-78;43;4
2026-04-01;11:20:26;-7.08;-76.28;133;5.9
2026-04-01;12:09:16;-11.76;-78.04;57;4.1
2026-04-01;14:29:14;-14.52;-71.06;12;3.5
2026-04-02;08:30:57;-4.16;-80.37;48;4.3
2026-04-02;10:44:15;-8.34;-74.47;172;4.5
2026-04-03;17:25:55;-12.73;-76.81;48;3.4
2026-04-03;20:01:08;-12.01;-77.13;70;3.8
2026-04-04;05:18:39;-3.43;-80.78;30;3.7
2026-04-04;09:22:35;-19.04;-70.36;48;4.5
2026-04-04;12:23:27;-2.31;-80.33;33;4.5
2026-04-04;14:39:40;-15.76;-74.32;80;3.6
2026-04-05;23:47:22;-11.17;-76.49;22;3.6
2026-04-06;16:01:17;-9.8;-75.49;48;3.8
2026-04-08;07:55:07;-7.32;-80;41;4
2026-04-08;08:29:03;-14.54;-73.89;24;3.8
2026-04-09;23:57:47;-12.89;-76.73;56;4.9
2026-04-10;02:28:15;-12.69;-76.83;51;3.5
2026-04-11;13:44:09;-4.57;-80.8;26;5
2026-04-12;00:22:44;-2.89;-80.5;51;4
2026-04-12;13:04:26;-9.57;-79.06;31;4
2026-04-12;14:05:26;-12.44;-76.9;47;3.4
2026-04-12;17:12:44;-12.08;-77.21;61;4
2026-04-13;00:29:28;-12.32;-77.27;47;3.5
2026-04-13;04:40:42;-12.15;-77.18;56;3.5
2026-04-13;20:42:51;-17.8;-70.48;86;4
2026-04-14;04:46:33;-15.05;-75.35;40;4
2026-04-14;22:21:26;-4.07;-80.94;30;3.8
2026-04-15;13:40:56;-11.1;-78.04;43;3.7
2026-04-16;06:18:49;-6.36;-76.87;124;4.9
2026-04-16;08:09:02;-14.48;-76.77;48;5.1
2026-04-16;09:24:00;-4.22;-80.89;32;3.7
2026-04-17;01:50:47;-17.1;-72.63;43;3.6
2026-04-17;03:54:26;-18.41;-71.42;33;4
2026-04-18;09:49:53;-16.53;-72.5;91;3.5
2026-04-18;10:58:46;-16.98;-72.25;62;3.5
2026-04-18;23:56:47;-8.01;-74.64;169;4.5
2026-04-19;09:57:49;-10.87;-78.2;46;4
2026-04-19;14:55:34;-17.98;-70.9;46;3.9
2026-04-19;18:20:00;-18.07;-69.86;138;4.3
2026-04-20;22:42:44;-14.47;-76.4;23;4.3
2026-04-20;23:26:40;-14.45;-76.48;21;4.5
2026-04-21;04:13:46;-17.74;-70.96;54;3.8
2026-04-21;16:18:54;-12.54;-75.6;106;4.9
2026-04-22;04:15:25;-5.77;-80.69;45;4
2026-04-23;06:41:51;-9.82;-74.91;16;3.5
2026-04-23;09:11:42;-9.01;-79.19;41;3.5
2026-04-24;07:04:04;-7.06;-78.67;17;3.7
2026-04-24;16:18:19;-18.21;-71.5;33;3.7
2026-04-25;09:53:40;-8.9;-74.96;126;4.5
2026-04-25;20:14:40;-14.5;-76.28;18;5
2026-04-26;01:44:58;-10.15;-74.61;135;4
2026-04-26;19:23:09;-10;-74.74;124;4
2026-04-27;09:27:30;-8.77;-76.24;16;3.6
2026-04-27;09:53:41;-15.69;-71.94;13;3.5
2026-04-27;23:36:08;-9.81;-75.79;14;3.5
2026-04-28;07:54:14;-13.6;-74.81;104;4
2026-04-28;21:02:26;-8.06;-75.3;160;4
2026-04-29;06:12:12;-5.58;-78.92;22;4.8
2026-04-30;02:56:15;-16.69;-71.89;35;3.8
2026-04-30;10:50:17;-6.54;-76.17;37;4
2026-04-30;12:36:42;-14.46;-69.09;15;4.4
2026-04-30;13:28:29;-5.52;-78.92;17;3.5
2026-05-01;08:13:17;-12.4;-76.36;90;4
2026-05-01;08:13:50;-15.84;-70.58;23;3.5
2026-05-01;09:33:34;-17.23;-70.83;20;3.5
2026-05-01;23:51:54;-17.34;-72.55;25;4
2026-05-02;03:46:22;-15.88;-70.81;16;3.5
2026-05-02;08:22:43;-14.75;-75.7;75;4
2026-05-03;08:19:54;-16.74;-70.63;9;3.4
2026-05-04;03:04:20;-9.94;-75.79;12;3.4
2026-05-04;05:08:33;-15.78;-74.45;62;4.1
2026-05-04;05:51:05;-11.16;-79.39;21;4
2026-05-05;12:43:28;-15.8;-70.55;16;3.4
2026-05-05;15:58:25;-3.56;-80.61;55;5
2026-05-05;16:31:34;-5;-77.04;152;4.2
2026-05-06;07:25:19;-11.68;-73.15;36;3.5
2026-05-06;18:41:06;-16.94;-71.97;39;3.5
2026-05-07;12:11:41;-14.84;-75.37;37;4
2026-05-08;15:42:19;-15.2;-75.89;36;4
2026-05-08;17:14:37;-15.17;-75.81;34;4.9
2026-05-08;17:50:07;-4.43;-77.76;22;4.3
2026-05-10;13:15:46;-15.61;-74.6;22;3.5
2026-05-10;13:50:51;-14.84;-75.57;50;4.2
2026-05-10;21:19:43;-7.04;-75.96;49;3.9
2026-05-11;13:50:57;-4.96;-80.77;40;4.5
2026-05-11;18:20:15;-9.44;-79.18;51;4.3
2026-05-11;19:09:15;-15.78;-75.34;29;4.1
2026-05-12;06:03:09;-16.42;-73.63;36;4.7
2026-05-12;17:23:40;-12.4;-75.26;15;3.4
2026-05-12;18:32:39;-17;-69.73;185;4.2
2026-05-12;19:42:15;-15.96;-74.51;22;3.7
2026-05-12;22:47:42;-11.07;-74.35;17;4.3
2026-05-13;14:10:28;-4.79;-79.92;92;4
2026-05-13;19:49:56;-15.17;-75.82;36;4
2026-05-14;02:36:35;-14.67;-76.09;30;3.6
2026-05-14;10:41:53;-12.7;-76.94;39;3.6
2026-05-14;11:08:58;-15.99;-74.01;52;4
2026-05-14;13:57:27;-10.94;-74.32;25;4
2026-05-14;14:19:04;-12.75;-76.91;42;3.6
2026-05-15;05:25:24;-14.06;-76.04;75;3.7
2026-05-15;14:19:42;-3.5;-80.34;70;4.2
2026-05-15;14:43:26;-6;-80.72;41;4
2026-05-15;15:45:17;-17.73;-70.2;144;4.6
2026-05-15;21:06:08;-18.52;-69.62;123;4.2
2026-05-16;07:03:39;-7.66;-78.03;14;3.4
2026-05-16;15:16:57;-16.55;-72.64;67;3.6
2026-05-17;09:04:44;-12.59;-76.81;57;3.5
2026-05-17;20:04:42;-5.03;-80.64;32;3.6
2026-05-17;23:57:24;-11.67;-76.27;18;3.5
2026-05-19;01:57:56;-2.97;-78.08;42;4.1
2026-05-19;17:57:51;-14.42;-75.83;81;6.1
2026-05-19;22:18:30;-14.32;-75.72;62;4.1
2026-05-20;00:28:54;-9.73;-74.57;29;3.9
2026-05-20;12:14:12;-14.24;-75.74;60;3.6
2026-05-20;19:44:47;-8.79;-76.06;133;4.2
2026-05-21;02:30:24;-16.57;-71.68;37;3.6
2026-05-21;17:55:18;-15.99;-73.9;43;3.6
2026-05-22;03:12:53;-11.11;-78.04;40;3.5
2026-05-23;02:07:11;-15.94;-74.32;25;3.6
2026-05-23;03:09:45;-8.44;-79.58;40;4
2026-05-23;06:42:09;-16.26;-73.59;37;3.8
2026-05-23;07:31:18;-9.72;-74.85;20;4
2026-05-23;07:59:00;-13.99;-75.97;77;3.7
2026-05-23;08:44:49;-2.71;-77.46;39;5
2026-05-23;12:03:16;-9.38;-75.94;15;3.7
2026-05-23;12:13:30;-15.76;-73.56;15;3.5
2026-05-23;21:20:49;-7.91;-75.84;16;3.6
2026-05-24;02:57:55;-15.1;-71.19;15;3.5
2026-05-24;04:57:51;-3;-80.14;51;4.1
2026-05-24;06:02:42;-14.24;-75.75;62;3.5
2026-05-25;06:51:47;-13.11;-76.53;59;3.6
2026-05-25;16:31:07;-17.37;-72.69;33;4
2026-05-25;21:52:44;-20.17;-70.1;129;6.5
2026-05-26;14:47:48;-16.42;-73.7;15;3.7
2026-05-26;17:34:26;-16.25;-74.17;30;3.6
2026-05-27;02:42:00;-16.84;-69.78;181;4
2026-05-27;11:14:05;-17.76;-71.14;49;4.1
2026-05-28;01:51:12;-10.44;-75.71;21;3.5
2026-05-28;07:02:15;-15.78;-73.08;20;3.9
2026-05-29;00:43:03;-12.64;-76.79;51;3.7
2026-05-29;05:32:42;-18.48;-71.28;37;5
2026-05-29;09:08:46;-8.22;-73.86;185;4.1
2026-05-29;12:25:52;-13.79;-72.54;90;4.5
2026-05-30;04:09:11;-18.02;-71.78;34;3.9
2026-05-31;15:07:40;-14.66;-75.52;52;3.6
2026-06-01;10:58:58;-5.85;-80.52;50;3.6
2026-06-01;23:53:53;-11.06;-75.62;121;4.5
2026-06-02;03:00:51;-14.05;-71.5;29;3.5
2026-06-02;04:05:30;-4.33;-77.84;15;3.6
2026-06-02;11:54:27;-3.49;-80.68;46;4
2026-06-03;02:51:13;-10.09;-75.05;15;3.4
2026-06-03;17:21:24;-8.22;-74.46;170;5.1
2026-06-03;21:12:04;-5.18;-77.61;17;3.9
2026-06-04;09:00:06;-8.3;-79.71;41;4.9
2026-06-04;16:09:33;-13.33;-76.41;38;3.5
2026-06-04;18:35:08;-5.87;-76.67;16;3.8
2026-06-05;03:07:10;-5.55;-78.9;20;3.4
2026-06-05;19:29:24;-5.84;-80.89;18;3.6
2026-06-06;04:24:47;-15.85;-75.57;28;4.5
2026-06-06;16:30:35;-12.33;-77.85;55;4.8
2026-06-06;18:49:40;-16.06;-73.39;75;4.4
2026-06-06;20:48:49;-4.89;-80.77;36;3.6
2026-06-07;01:45:02;-16.28;-72.52;102;3.5
2026-06-07;15:43:17;-14.66;-76.27;17;5
2026-06-07;22:22:39;-5;-80.69;29;3.5
2026-06-08;09:57:00;-13.96;-72.04;27;3.4
2026-06-09;16:45:12;-17.06;-71.2;35;3.6
2026-06-09;18:17:22;-5.91;-75.15;48;4.5
2026-06-10;05:32:18;-9.97;-75.81;10;3.5
2026-06-10;11:25:21;-16.25;-72.91;44;3.5
2026-06-10;13:02:35;-7.59;-75.99;131;4
2026-06-10;13:39:00;-3.32;-80.7;44;3.8
2026-06-10;16:31:29;-12.6;-71.7;12;3.5
2026-06-13;06:35:38;-4.5;-80.09;68;5.5
2026-06-13;21:20:18;-15.7;-72.11;12;3.3
2026-06-14;22:45:43;-16.36;-73.14;37;3.6
2026-06-16;04:49:50;-4.91;-79.93;89;4
2026-06-16;07:21:49;-10.08;-75.66;19;3.8
2026-06-16;14:24:31;-12.39;-77.01;38;3.4
2026-06-16;16:57:58;-16.08;-72.47;22;3.4
2026-06-17;08:37:31;-16.61;-72.41;68;3.8
2026-06-17;14:08:53;-12.15;-77.12;54;3.6
2026-06-17;16:13:10;-17.5;-70.53;16;3.5
2026-06-17;16:37:29;-16;-71.55;145;4
2026-06-18;04:33:33;-5.82;-77.3;30;3.8
2026-06-18;05:12:45;-8.45;-74.32;175;4.8
2026-06-18;11:29:40;-11.12;-77.96;58;3.7
2026-06-18;13:49:26;-12.16;-73.76;14;3.8
2026-06-19;06:58:17;-5.6;-78.91;16;3.5
2026-06-19;20:38:10;-12.12;-77.17;61;3.2
2026-06-21;00:44:18;-3.48;-79.99;72;4
2026-06-21;08:50:13;-17.11;-70.8;120;4.6
2026-06-21;15:23:46;-4.13;-80.58;45;4.9
2026-06-22;10:29:49;-12.63;-72.6;14;3.6
2026-06-22;21:01:06;-4.82;-80.86;27;3.6
2026-06-22;21:57:28;-10.41;-75.62;15;3.5
2026-06-23;01:02:50;-14.03;-75.89;69;3.8
2026-06-24;16:25:59;-8.22;-74.55;154;4.9
2026-06-25;13:59:07;-5.59;-80.27;51;4
2026-06-25;15:22:54;-3.98;-80.56;43;3.8
2026-06-26;06:05:30;-5.1;-79.95;74;3.9
2026-06-26;09:31:10;-14.21;-73.63;111;4
2026-06-26;20:48:25;-14.08;-72.73;99;3.8
2026-06-27;16:22:34;-3.73;-77.86;12;4
2026-06-28;00:04:23;-16.36;-72.06;24;3.4
2026-06-28;07:14:32;-6.48;-80.85;15;3.9
2026-06-28;09:05:48;-8.2;-74.42;20;3.5
2026-06-28;11:33:26;-12.7;-76.8;49;3.5
2026-06-28;12:02:39;-12.61;-76.51;53;3.4
2026-06-28;20:12:08;-9.51;-74.92;21;3.5
2026-06-29;12:13:12;-13.22;-76.46;57;3.5
2026-06-29;19:02:23;-13.31;-71.78;12;3.4
2026-06-30;02:24:17;-10.31;-78.8;35;3.9
2026-07-01;00:11:35;-9.15;-79.06;30;3.6
2026-07-01;00:40:23;-15.68;-72.11;10;3.4
2026-07-01;00:56:08;-15.8;-71.78;7;3.4
2026-07-01;01:54:06;-15.15;-71.07;12;3.4
2026-07-01;02:00:37;-8.8;-74.88;143;5
2026-07-01;02:27:38;-14.84;-75.39;44;3.7
2026-07-01;04:22:06;-15.67;-72.11;10;3.4
2026-07-01;09:14:27;-7.59;-74.5;144;4.3
2026-07-01;11:51:39;-6.14;-81.38;27;3.8
2026-07-01;19:47:23;-8.2;-78.06;11;3.4
2026-07-02;01:19:23;-15.8;-71.78;14;3.5
2026-07-02;01:39:27;-14.14;-72.91;74;4.8
2026-07-03;09:28:12;-7.69;-78.19;14;3.5
2026-07-03;13:15:12;-13.6;-71.73;11;3.7
2026-07-03;13:47:31;-13.59;-71.74;10;3.4
2026-07-03;18:35:42;-15.03;-71.93;146;4
2026-07-03;21:24:06;-10.21;-75.48;18;3.8
2026-07-04;05:43:05;-11.62;-76.54;98;3.4
2026-07-04;12:24:32;-4.47;-77.79;18;3.4
2026-07-04;17:52:26;-4.33;-77.01;130;4.4
2026-07-04;20:24:50;-16.55;-73.42;35;4.9
2026-07-04;20:50:49;-16.67;-73.49;40;3.6
2026-07-05;07:10:07;-15.79;-71.79;13;3.4
2026-07-05;11:51:41;-15.88;-75.39;34;3.7
2026-07-05;14:55:23;-10.27;-75.66;16;3.4
2026-07-05;16:23:08;-3.44;-80.67;48;3.8
2026-07-05;16:51:18;-7.29;-80.18;40;3.7
2026-07-05;16:55:52;-16.38;-74.02;18;3.8
2026-07-06;14:36:23;-11.83;-77.27;58;3.6
2026-07-07;06:33:22;-11.8;-77.44;40;3.4
2026-07-07;08:02:06;-15.7;-74.54;33;3.6
2026-07-07;10:12:19;-16.56;-71.78;22;3.4
2026-07-07;10:46:55;-10.41;-75.54;15;3.4
2026-07-08;05:00:29;-10.92;-74.87;17;4.5
2026-07-08;07:31:40;-8.87;-76.84;15;3.4
2026-07-09;11:58:10;-11.05;-74.29;30;4.5
2026-07-09;12:27:18;-17.36;-70.88;30;3.4
2026-07-10;16:47:46;-9.79;-74.83;19;3.5
2026-07-11;04:42:52;-12.42;-77.01;60;4.3
2026-07-11;07:58:19;-11;-79.39;13;5.2
2026-07-12;06:16:20;-11.69;-77.51;56;3.6
2026-07-12;14:01:36;-5.72;-78.73;16;3.5
2026-07-12;19:22:42;-11.81;-75.11;17;3.5
2026-07-13;01:50:10;-7.7;-74.7;152;4
2026-07-14;02:55:03;-14.48;-76.41;38;3.7
2026-07-14;03:59:06;-15.72;-74.16;61;3.5
2026-07-14;08:21:03;-14.53;-71.59;143;5.4
2026-07-14;18:08:25;-11.49;-73.18;19;3.6
2026-07-14;18:32:41;-13.93;-75.92;63;3.6
2026-07-14;21:19:32;-14.71;-76.21;37;3.8
2026-07-15;00:33:45;-14.71;-76.27;38;4
2026-07-15;01:41:11;-11.15;-77.97;44;3.5
2026-07-15;02:11:33;-11.46;-77.76;43;3.5
2026-07-15;02:28:42;-8.92;-78.94;67;3.7
2026-07-15;02:40:25;-14.75;-76.44;34;4.6
2026-07-15;04:07:13;-14.72;-76.22;31;4
2026-07-15;04:40:17;-14.77;-76.31;32;4.1
2026-07-15;21:54:52;-14.76;-76.5;25;4
2026-07-15;22:43:21;-14.73;-76.27;23;4
2026-07-16;06:18:49;-11.95;-78.1;48;3.7
2026-07-16;09:46:52;-14.8;-76.12;32;4.3
2026-07-16;12:27:36;-16.05;-72.45;18;3.4
2026-07-16;16:33:32;-15.75;-75.47;18;4.1
2026-07-16;16:38:09;-15.76;-75.48;24;3.9
2026-07-16;18:17:39;-10.68;-75.44;15;3.8
2026-07-17;05:36:25;-14.36;-75.68;42;3.6
2026-07-17;06:41:33;-16.08;-74.34;29;3.8
2026-07-17;09:16:31;-13.09;-75.14;95;4
2026-07-17;22:26:25;-14.72;-76.32;29;4.2
2026-07-18;02:42:17;-12.24;-74.34;21;4.3
2026-07-18;02:58:55;-15.75;-72.14;11;3.6
2026-07-18;03:13:05;-9.98;-75.67;14;3.4
2026-07-18;04:36:54;-14.76;-76.3;27;4
2026-07-18;14:40:54;-17.27;-71.83;51;3.5
2026-07-18;21:54:20;-6.47;-74.87;35;3.7
2026-07-19;02:24:34;-12.12;-75.28;9;5.4
2026-07-19;02:41:37;-12.17;-75.35;18;3.7
2026-07-19;03:40:27;-14.62;-76.11;32;3.9
2026-07-19;08:42:19;-14.66;-76.17;36;4
2026-07-19;13:53:35;-11.54;-77.07;98;3.5
2026-07-19;18:05:20;-17.19;-70.8;15;3.5
2026-07-20;01:11:46;-15.9;-75.16;17;3.6
2026-07-20;09:39:52;-12.17;-75.34;10;3.4
2026-07-20;11:35:32;-12.21;-75.3;9;3.4
2026-07-20;11:51:15;-14.46;-75.79;59;4.3
2026-07-21;02:10:26;-4.45;-80.79;32;3.5
2026-07-21;02:45:27;-12.16;-75.32;10;3.4
2026-07-21;07:24:54;-12.15;-75.35;10;3.5
2026-07-21;16:14:54;-12.18;-75.34;9;3.5
2026-07-21;17:42:55;-9.24;-80.05;28;5
2026-07-22;02:03:49;-19.17;-70.15;40;4.9
2026-07-22;12:25:57;-11.94;-76.64;101;4.1
2026-07-22;16:15:21;-12.21;-75.27;9;3.6
2026-07-22;22:55:37;-12.15;-75.37;9;3.5
2026-07-23;02:38:25;-16.33;-72.68;100;4.5
2026-07-23;02:55:35;-9.76;-79.27;42;4.5
2026-07-23;02:56:49;-16.75;-70.69;12;3.4
2026-07-23;21:51:17;-12.2;-75.28;12;3.5
2026-07-24;04:48:06;-16.67;-71.96;15;3.5
2026-07-24;07:41:40;-17.7;-69.77;137;4
2026-07-24;12:55:01;-11.66;-78.52;29;4
2026-07-25;02:48:11;-11.52;-77.63;46;4
2026-07-25;03:29:59;-9.76;-75.59;14;3.5
2026-07-25;10:28:37;-15.31;-70.92;14;3.4
2026-07-25;18:58:43;-17.75;-71.25;52;3.8
2026-07-26;15:49:41;-5.54;-77.1;21;4.1
2026-07-27;05:17:08;-9.45;-75.09;124;4
2026-07-27;05:37:02;-5.98;-80.19;66;3.6
2026-07-27;22:36:40;-8.76;-74.77;144;4.6
2026-07-28;02:14:36;-12.19;-75.35;9;3.5
2026-07-28;02:58:41;-12.22;-75.33;9;3.4
2026-07-28;07:37:10;-12.57;-74.39;13;3.4
2026-07-28;13:24:25;-9.86;-80.49;27;5.5
2026-07-29;01:58:19;-8.22;-74.38;166;4
2026-07-29;04:01:04;-12.21;-75.32;10;3.4
2026-07-30;02:55:46;-14.79;-75.31;39;3.7
2026-07-30;03:44:27;-12.21;-75.33;10;3.7
2026-07-30;16:15:37;-4.39;-78.32;14;4
2026-07-31;00:04:06;-15.46;-70.54;205;4
2026-07-31;00:58:43;-8.23;-74.18;116;5.7
2026-07-31;07:35:19;-15.85;-74.24;17;3.5
2026-07-31;09:53:28;-12.17;-75.36;12;3.5
